event-id,visible,timestamp,location-long,location-lat,algorithm-marked-outlier,comments,study-specific-measurement,sensor-type,individual-taxon-canonical-name,tag-local-identifier,individual-local-identifier,study-name,MODIS Land Vegetation Indices 500m 16d Terra NDVI
2259248592,TRUE,2015-04-10 19:00:00.000,-122.5889369,56.28957329,,Graham,Summer,radio-transmitter,Rangifer tarandus,GC01,GR_GC01,Mountain caribou in British Columbia,0.009659247
2259248593,TRUE,2015-05-10 19:00:00.000,-122.7517848,56.25633255,,Graham,Summer,radio-transmitter,Rangifer tarandus,GC01,GR_GC01,Mountain caribou in British Columbia,0.398308458
2259248594,TRUE,2015-06-18 19:00:00.000,-122.9632738,56.19473485,,Graham,Summer,radio-transmitter,Rangifer tarandus,GC01,GR_GC01,Mountain caribou in British Columbia,0.73085066
2259248595,TRUE,2015-07-16 19:00:00.000,-122.9660809,56.1912496,,Graham,Summer,radio-transmitter,Rangifer tarandus,GC01,GR_GC01,Mountain caribou in British Columbia,0.79946936
2259248596,TRUE,2015-08-12 19:00:00.000,-123.0258059,56.20329999,,Graham,Summer,radio-transmitter,Rangifer tarandus,GC01,GR_GC01,Mountain caribou in British Columbia,0.798771167
2259248597,TRUE,2015-09-18 19:00:00.000,-122.9426735,56.20909348,,Graham,Summer,radio-transmitter,Rangifer tarandus,GC01,GR_GC01,Mountain caribou in British Columbia,0.386933197
2259248598,TRUE,2015-11-20 19:00:00.000,-122.585282,56.29590424,,Graham,Winter,radio-transmitter,Rangifer tarandus,GC01,GR_GC01,Mountain caribou in British Columbia,0.006102972
2259248599,TRUE,2015-12-20 19:00:00.000,-122.5617019,56.26817732,,Graham,Winter,radio-transmitter,Rangifer tarandus,GC01,GR_GC01,Mountain caribou in British Columbia,0.023684429
2259248600,TRUE,2016-01-17 19:00:00.000,-122.5542189,56.2563178,,Graham,Winter,radio-transmitter,Rangifer tarandus,GC01,GR_GC01,Mountain caribou in British Columbia,0.134251599
2259248601,TRUE,2016-02-25 19:00:00.000,-122.5919998,56.29928679,,Graham,Winter,radio-transmitter,Rangifer tarandus,GC01,GR_GC01,Mountain caribou in British Columbia,0.126626188
2259248602,TRUE,2015-04-10 19:00:00.000,-122.5889369,56.28957329,,Graham,Summer,radio-transmitter,Rangifer tarandus,GC02,GR_GC02,Mountain caribou in British Columbia,0.009659247
2259248603,TRUE,2015-05-10 19:00:00.000,-122.6046665,56.31827633,,Graham,Summer,radio-transmitter,Rangifer tarandus,GC02,GR_GC02,Mountain caribou in British Columbia,0.340664994
2259248604,TRUE,2015-06-18 19:00:00.000,-122.6526308,56.24384794,,Graham,Summer,radio-transmitter,Rangifer tarandus,GC02,GR_GC02,Mountain caribou in British Columbia,0.624601516
2259248605,TRUE,2015-07-16 19:00:00.000,-122.6138371,56.2457725,,Graham,Summer,radio-transmitter,Rangifer tarandus,GC02,GR_GC02,Mountain caribou in British Columbia,0.691419901
2259248606,TRUE,2015-08-12 19:00:00.000,-122.556,56.30880345,,Graham,Summer,radio-transmitter,Rangifer tarandus,GC02,GR_GC02,Mountain caribou in British Columbia,0.706009851
2259248607,TRUE,2015-09-18 19:00:00.000,-122.6240396,56.30131987,,Graham,Summer,radio-transmitter,Rangifer tarandus,GC02,GR_GC02,Mountain caribou in British Columbia,0.623962464
2259248608,TRUE,2015-10-17 19:00:00.000,-122.5222729,56.30964832,,Graham,Summer,radio-transmitter,Rangifer tarandus,GC02,GR_GC02,Mountain caribou in British Columbia,0.544523903
2259248609,TRUE,2015-11-20 19:00:00.000,-122.5839401,56.28854134,,Graham,Winter,radio-transmitter,Rangifer tarandus,GC02,GR_GC02,Mountain caribou in British Columbia,-0.022371864
2259248610,TRUE,2015-12-20 19:00:00.000,-122.5878658,56.2930288,,Graham,Winter,radio-transmitter,Rangifer tarandus,GC02,GR_GC02,Mountain caribou in British Columbia,-0.051435552
2259248611,TRUE,2016-01-17 19:00:00.000,-122.5703226,56.2841373,,Graham,Winter,radio-transmitter,Rangifer tarandus,GC02,GR_GC02,Mountain caribou in British Columbia,0.009642316
2259248612,TRUE,2016-02-25 19:00:00.000,-122.6028329,56.29711179,,Graham,Winter,radio-transmitter,Rangifer tarandus,GC02,GR_GC02,Mountain caribou in British Columbia,0.023863437
2259248613,TRUE,2015-04-10 19:00:00.000,-122.587303,56.28828306,,Graham,Summer,radio-transmitter,Rangifer tarandus,GC03,GR_GC03,Mountain caribou in British Columbia,0.026237606
2259248614,TRUE,2015-05-10 19:00:00.000,-122.6046665,56.31827633,,Graham,Summer,radio-transmitter,Rangifer tarandus,GC03,GR_GC03,Mountain caribou in British Columbia,0.340664994
2259248615,TRUE,2015-06-18 19:00:00.000,-122.6526308,56.24384794,,Graham,Summer,radio-transmitter,Rangifer tarandus,GC03,GR_GC03,Mountain caribou in British Columbia,0.624601516
2259248616,TRUE,2015-07-16 19:00:00.000,-122.6870987,56.22184662,,Graham,Summer,radio-transmitter,Rangifer tarandus,GC03,GR_GC03,Mountain caribou in British Columbia,0.782273476
2259248617,TRUE,2015-08-12 19:00:00.000,-122.556612,56.26432275,,Graham,Summer,radio-transmitter,Rangifer tarandus,GC03,GR_GC03,Mountain caribou in British Columbia,0.582666135
2259248618,TRUE,2015-09-18 19:00:00.000,-122.5345737,56.23248995,,Graham,Summer,radio-transmitter,Rangifer tarandus,GC03,GR_GC03,Mountain caribou in British Columbia,0.531418482
2259248619,TRUE,2015-10-17 19:00:00.000,-122.5818654,56.35426544,,Graham,Summer,radio-transmitter,Rangifer tarandus,GC03,GR_GC03,Mountain caribou in British Columbia,0.652308896
2259248620,TRUE,2015-11-20 19:00:00.000,-122.7026536,56.39961708,,Graham,Winter,radio-transmitter,Rangifer tarandus,GC03,GR_GC03,Mountain caribou in British Columbia,0.263819316
2259248621,TRUE,2015-12-20 19:00:00.000,-122.7212629,56.42265133,,Graham,Winter,radio-transmitter,Rangifer tarandus,GC03,GR_GC03,Mountain caribou in British Columbia,0.085036147
2259248622,TRUE,2016-01-17 19:00:00.000,-122.6999735,56.37988982,,Graham,Winter,radio-transmitter,Rangifer tarandus,GC03,GR_GC03,Mountain caribou in British Columbia,0.169609915
2259248623,TRUE,2016-02-25 19:00:00.000,-122.6179096,56.31805733,,Graham,Winter,radio-transmitter,Rangifer tarandus,GC03,GR_GC03,Mountain caribou in British Columbia,0.362597849
2259248624,TRUE,2015-04-10 19:00:00.000,-122.6840118,56.45557058,,Graham,Summer,radio-transmitter,Rangifer tarandus,GC04,GR_GC04,Mountain caribou in British Columbia,0.357183966
2259248625,TRUE,2015-05-10 19:00:00.000,-122.693469,56.56055731,,Graham,Summer,radio-transmitter,Rangifer tarandus,GC04,GR_GC04,Mountain caribou in British Columbia,0.612768237
2259248626,TRUE,2015-09-18 19:00:00.000,-122.8151348,56.5545178,,Graham,Summer,radio-transmitter,Rangifer tarandus,GC04,GR_GC04,Mountain caribou in British Columbia,0.652227796
2259248627,TRUE,2015-10-20 19:00:00.000,-122.6941713,56.43507579,,Graham,Summer,radio-transmitter,Rangifer tarandus,GC04,GR_GC04,Mountain caribou in British Columbia,0.683128808
2259248628,TRUE,2015-11-20 19:00:00.000,-122.7021524,56.4057073,,Graham,Winter,radio-transmitter,Rangifer tarandus,GC04,GR_GC04,Mountain caribou in British Columbia,0.301471227
2259248629,TRUE,2015-12-20 19:00:00.000,-122.7212629,56.42265133,,Graham,Winter,radio-transmitter,Rangifer tarandus,GC04,GR_GC04,Mountain caribou in British Columbia,0.085036147
2259248630,TRUE,2016-01-17 19:00:00.000,-122.6200508,56.40033494,,Graham,Winter,radio-transmitter,Rangifer tarandus,GC04,GR_GC04,Mountain caribou in British Columbia,0.508842672
2259248631,TRUE,2016-02-25 19:00:00.000,-122.6439422,56.39233779,,Graham,Winter,radio-transmitter,Rangifer tarandus,GC04,GR_GC04,Mountain caribou in British Columbia,0.222451068
2259248632,TRUE,2015-04-10 19:00:00.000,-122.5889369,56.28957329,,Graham,Summer,radio-transmitter,Rangifer tarandus,GC05,GR_GC05,Mountain caribou in British Columbia,0.009659247
2259248633,TRUE,2015-05-10 19:00:00.000,-122.7213534,56.31264595,,Graham,Summer,radio-transmitter,Rangifer tarandus,GC05,GR_GC05,Mountain caribou in British Columbia,0.674063893
2259248634,TRUE,2015-06-18 19:00:00.000,-122.6296145,56.29132784,,Graham,Summer,radio-transmitter,Rangifer tarandus,GC05,GR_GC05,Mountain caribou in British Columbia,0.586996283
2259248635,TRUE,2015-07-16 19:00:00.000,-122.6356851,56.23908227,,Graham,Summer,radio-transmitter,Rangifer tarandus,GC05,GR_GC05,Mountain caribou in British Columbia,0.657540592
2259248636,TRUE,2015-08-12 19:00:00.000,-122.6321704,56.34313139,,Graham,Summer,radio-transmitter,Rangifer tarandus,GC05,GR_GC05,Mountain caribou in British Columbia,0.64298476
2259248637,TRUE,2015-09-18 19:00:00.000,-122.72823,56.27072132,,Graham,Summer,radio-transmitter,Rangifer tarandus,GC05,GR_GC05,Mountain caribou in British Columbia,0.619510387
2259248638,TRUE,2015-10-17 19:00:00.000,-122.5832761,56.24710193,,Graham,Summer,radio-transmitter,Rangifer tarandus,GC05,GR_GC05,Mountain caribou in British Columbia,0.71402279
2259248639,TRUE,2015-11-20 19:00:00.000,-122.5501,56.24968119,,Graham,Winter,radio-transmitter,Rangifer tarandus,GC05,GR_GC05,Mountain caribou in British Columbia,0.14419084
2259248640,TRUE,2015-12-20 19:00:00.000,-122.5133514,56.32738514,,Graham,Winter,radio-transmitter,Rangifer tarandus,GC05,GR_GC05,Mountain caribou in British Columbia,0.134172035
2259248641,TRUE,2016-01-17 19:00:00.000,-122.6242395,56.33034958,,Graham,Winter,radio-transmitter,Rangifer tarandus,GC05,GR_GC05,Mountain caribou in British Columbia,0.445181877
2259248642,TRUE,2016-02-25 19:00:00.000,-122.6137843,56.31351632,,Graham,Winter,radio-transmitter,Rangifer tarandus,GC05,GR_GC05,Mountain caribou in British Columbia,0.25666649
2259248643,TRUE,2015-04-10 19:00:00.000,-122.7278883,56.45968151,,Graham,Summer,radio-transmitter,Rangifer tarandus,GC06,GR_GC06,Mountain caribou in British Columbia,0.131396
2259248644,TRUE,2015-05-10 19:00:00.000,-122.7412883,56.57709801,,Graham,Summer,radio-transmitter,Rangifer tarandus,GC06,GR_GC06,Mountain caribou in British Columbia,0.411115717
2259248645,TRUE,2015-06-18 19:00:00.000,-123.2141711,56.64516519,,Graham,Summer,radio-transmitter,Rangifer tarandus,GC06,GR_GC06,Mountain caribou in British Columbia,0.636979133
2259248646,TRUE,2015-07-16 19:00:00.000,-123.4688061,56.84649844,,Graham,Summer,radio-transmitter,Rangifer tarandus,GC06,GR_GC06,Mountain caribou in British Columbia,0.752230511
2259248647,TRUE,2015-08-12 19:00:00.000,-123.2787831,56.69225724,,Graham,Summer,radio-transmitter,Rangifer tarandus,GC06,GR_GC06,Mountain caribou in British Columbia,0.73950742
2259248648,TRUE,2015-09-18 19:00:00.000,-122.7442799,56.54383585,,Graham,Summer,radio-transmitter,Rangifer tarandus,GC06,GR_GC06,Mountain caribou in British Columbia,0.546314706
2259248649,TRUE,2015-11-20 19:00:00.000,-123.2002557,56.58866061,,Graham,Winter,radio-transmitter,Rangifer tarandus,GC06,GR_GC06,Mountain caribou in British Columbia,0.269399458
2259248650,TRUE,2015-04-10 19:00:00.000,-122.7278883,56.45968151,,Graham,Summer,radio-transmitter,Rangifer tarandus,GC07,GR_GC07,Mountain caribou in British Columbia,0.131396
2259248651,TRUE,2015-05-10 19:00:00.000,-122.7350678,56.56815468,,Graham,Summer,radio-transmitter,Rangifer tarandus,GC07,GR_GC07,Mountain caribou in British Columbia,0.48304694
2259248652,TRUE,2015-06-18 19:00:00.000,-122.6884946,56.45104482,,Graham,Summer,radio-transmitter,Rangifer tarandus,GC07,GR_GC07,Mountain caribou in British Columbia,0.702186436
2259248653,TRUE,2015-07-16 19:00:00.000,-123.4174892,56.76077679,,Graham,Summer,radio-transmitter,Rangifer tarandus,GC07,GR_GC07,Mountain caribou in British Columbia,0.568520668
2259248654,TRUE,2015-08-12 19:00:00.000,-123.4261945,56.75530308,,Graham,Summer,radio-transmitter,Rangifer tarandus,GC07,GR_GC07,Mountain caribou in British Columbia,0.547045001
2259248655,TRUE,2015-10-20 19:00:00.000,-122.8222556,56.6144432,,Graham,Summer,radio-transmitter,Rangifer tarandus,GC07,GR_GC07,Mountain caribou in British Columbia,0.678055513
2259248656,TRUE,2015-11-20 19:00:00.000,-122.7021524,56.4057073,,Graham,Winter,radio-transmitter,Rangifer tarandus,GC07,GR_GC07,Mountain caribou in British Columbia,0.301471227
2259248657,TRUE,2015-12-20 19:00:00.000,-122.6957706,56.39522498,,Graham,Winter,radio-transmitter,Rangifer tarandus,GC07,GR_GC07,Mountain caribou in British Columbia,0.237199095
2259248658,TRUE,2016-01-17 19:00:00.000,-122.7199118,56.42782328,,Graham,Winter,radio-transmitter,Rangifer tarandus,GC07,GR_GC07,Mountain caribou in British Columbia,0.169360527
2259248659,TRUE,2016-02-25 19:00:00.000,-122.7273049,56.44598812,,Graham,Winter,radio-transmitter,Rangifer tarandus,GC07,GR_GC07,Mountain caribou in British Columbia,0.220039559
2259248660,TRUE,2015-04-10 19:00:00.000,-122.6393033,56.45978818,,Graham,Summer,radio-transmitter,Rangifer tarandus,GC08,GR_GC08,Mountain caribou in British Columbia,0.33644067
2259248661,TRUE,2015-05-10 19:00:00.000,-122.7835932,56.60272962,,Graham,Summer,radio-transmitter,Rangifer tarandus,GC08,GR_GC08,Mountain caribou in British Columbia,0.37124885
2259248662,TRUE,2015-06-18 19:00:00.000,-123.0096686,56.5764683,,Graham,Summer,radio-transmitter,Rangifer tarandus,GC08,GR_GC08,Mountain caribou in British Columbia,0.685171502
2259248663,TRUE,2015-07-16 19:00:00.000,-123.0302605,56.57841454,,Graham,Summer,radio-transmitter,Rangifer tarandus,GC08,GR_GC08,Mountain caribou in British Columbia,0.643181819
2259248664,TRUE,2015-08-12 19:00:00.000,-123.0302605,56.57841454,,Graham,Summer,radio-transmitter,Rangifer tarandus,GC08,GR_GC08,Mountain caribou in British Columbia,0.692018003
2259248665,TRUE,2015-09-18 19:00:00.000,-122.9923051,56.55629909,,Graham,Summer,radio-transmitter,Rangifer tarandus,GC08,GR_GC08,Mountain caribou in British Columbia,0.609356509
2259248666,TRUE,2015-10-20 19:00:00.000,-122.7683727,56.62253906,,Graham,Summer,radio-transmitter,Rangifer tarandus,GC08,GR_GC08,Mountain caribou in British Columbia,0.613217908
2259248667,TRUE,2015-11-20 19:00:00.000,-122.7656837,56.57781119,,Graham,Winter,radio-transmitter,Rangifer tarandus,GC08,GR_GC08,Mountain caribou in British Columbia,0.196141843
2259248668,TRUE,2015-12-20 19:00:00.000,-122.8532897,56.55683268,,Graham,Winter,radio-transmitter,Rangifer tarandus,GC08,GR_GC08,Mountain caribou in British Columbia,0.140061524
2259248669,TRUE,2016-01-17 19:00:00.000,-122.8015041,56.51070786,,Graham,Winter,radio-transmitter,Rangifer tarandus,GC08,GR_GC08,Mountain caribou in British Columbia,0.269475885
2259248670,TRUE,2016-02-25 19:00:00.000,-122.7807221,56.53034834,,Graham,Winter,radio-transmitter,Rangifer tarandus,GC08,GR_GC08,Mountain caribou in British Columbia,0.202905045
2259248671,TRUE,2015-04-10 19:00:00.000,-122.786336,56.5871739,,Graham,Summer,radio-transmitter,Rangifer tarandus,GC09,GR_GC09,Mountain caribou in British Columbia,0.164917277
2259248672,TRUE,2015-05-10 19:00:00.000,-122.7501266,56.59195786,,Graham,Summer,radio-transmitter,Rangifer tarandus,GC09,GR_GC09,Mountain caribou in British Columbia,0.375093248
2259248673,TRUE,2015-06-18 19:00:00.000,-122.9081514,56.60893917,,Graham,Summer,radio-transmitter,Rangifer tarandus,GC09,GR_GC09,Mountain caribou in British Columbia,0.699257419
2259248674,TRUE,2015-07-16 19:00:00.000,-122.7803043,56.59127811,,Graham,Summer,radio-transmitter,Rangifer tarandus,GC09,GR_GC09,Mountain caribou in British Columbia,0.742404716
2259248675,TRUE,2015-08-12 19:00:00.000,-122.7904932,56.58326389,,Graham,Summer,radio-transmitter,Rangifer tarandus,GC09,GR_GC09,Mountain caribou in British Columbia,0.700464921
2259248676,TRUE,2015-09-18 19:00:00.000,-122.7919824,56.64408856,,Graham,Summer,radio-transmitter,Rangifer tarandus,GC09,GR_GC09,Mountain caribou in British Columbia,0.592024346
2259248677,TRUE,2015-10-20 19:00:00.000,-122.7683727,56.62253906,,Graham,Summer,radio-transmitter,Rangifer tarandus,GC09,GR_GC09,Mountain caribou in British Columbia,0.613217908
2259248678,TRUE,2015-11-20 19:00:00.000,-122.7047361,56.57414168,,Graham,Winter,radio-transmitter,Rangifer tarandus,GC09,GR_GC09,Mountain caribou in British Columbia,0.415566438
2259248679,TRUE,2015-12-20 19:00:00.000,-122.955975,56.58676564,,Graham,Winter,radio-transmitter,Rangifer tarandus,GC09,GR_GC09,Mountain caribou in British Columbia,0.280756803
2259248680,TRUE,2016-01-17 19:00:00.000,-122.9244502,56.57239389,,Graham,Winter,radio-transmitter,Rangifer tarandus,GC09,GR_GC09,Mountain caribou in British Columbia,0.30584522
2259248681,TRUE,2016-02-25 19:00:00.000,-122.7807221,56.53034834,,Graham,Winter,radio-transmitter,Rangifer tarandus,GC09,GR_GC09,Mountain caribou in British Columbia,0.202905045
2259248682,TRUE,2015-04-10 19:00:00.000,-122.7602258,56.59143868,,Graham,Summer,radio-transmitter,Rangifer tarandus,GC10,GR_GC10,Mountain caribou in British Columbia,0.1560806
2259248683,TRUE,2015-05-10 19:00:00.000,-122.8068849,56.59328973,,Graham,Summer,radio-transmitter,Rangifer tarandus,GC10,GR_GC10,Mountain caribou in British Columbia,0.566648091
2259248684,TRUE,2015-06-18 19:00:00.000,-122.8634802,56.53248823,,Graham,Summer,radio-transmitter,Rangifer tarandus,GC10,GR_GC10,Mountain caribou in British Columbia,0.700729246
2259248685,TRUE,2015-07-16 19:00:00.000,-122.8976819,56.57671408,,Graham,Summer,radio-transmitter,Rangifer tarandus,GC10,GR_GC10,Mountain caribou in British Columbia,0.750056391
2259248686,TRUE,2015-08-12 19:00:00.000,-122.9240804,56.44815114,,Graham,Summer,radio-transmitter,Rangifer tarandus,GC10,GR_GC10,Mountain caribou in British Columbia,0.716620216
2259248687,TRUE,2015-09-18 19:00:00.000,-122.8002774,56.49677135,,Graham,Summer,radio-transmitter,Rangifer tarandus,GC10,GR_GC10,Mountain caribou in British Columbia,0.588261977
2259248688,TRUE,2015-10-20 19:00:00.000,-122.884329,56.61587297,,Graham,Summer,radio-transmitter,Rangifer tarandus,GC10,GR_GC10,Mountain caribou in British Columbia,0.5310565
2259248689,TRUE,2015-11-20 19:00:00.000,-122.9414943,56.63308146,,Graham,Winter,radio-transmitter,Rangifer tarandus,GC10,GR_GC10,Mountain caribou in British Columbia,0.169520481
2259248690,TRUE,2015-12-20 19:00:00.000,-122.9408436,56.6218062,,Graham,Winter,radio-transmitter,Rangifer tarandus,GC10,GR_GC10,Mountain caribou in British Columbia,0.152736358
2259248691,TRUE,2016-01-17 19:00:00.000,-122.8815841,56.57140815,,Graham,Winter,radio-transmitter,Rangifer tarandus,GC10,GR_GC10,Mountain caribou in British Columbia,0.085681821
2259248692,TRUE,2016-02-25 19:00:00.000,-122.8966618,56.58668559,,Graham,Winter,radio-transmitter,Rangifer tarandus,GC10,GR_GC10,Mountain caribou in British Columbia,0.158658155
2259248693,TRUE,2015-04-10 19:00:00.000,-122.8046662,56.65087407,,Graham,Summer,radio-transmitter,Rangifer tarandus,GC11,GR_GC11,Mountain caribou in British Columbia,0.180392414
2259248694,TRUE,2015-05-10 19:00:00.000,-122.9000959,56.66739197,,Graham,Summer,radio-transmitter,Rangifer tarandus,GC11,GR_GC11,Mountain caribou in British Columbia,0.473759121
2259248695,TRUE,2015-06-18 19:00:00.000,-122.9048675,56.60621453,,Graham,Summer,radio-transmitter,Rangifer tarandus,GC11,GR_GC11,Mountain caribou in British Columbia,0.720586322
2259248696,TRUE,2015-07-16 19:00:00.000,-122.8746511,56.6107337,,Graham,Summer,radio-transmitter,Rangifer tarandus,GC11,GR_GC11,Mountain caribou in British Columbia,0.730874148
2259248697,TRUE,2015-08-12 19:00:00.000,-122.8474143,56.63423251,,Graham,Summer,radio-transmitter,Rangifer tarandus,GC11,GR_GC11,Mountain caribou in British Columbia,0.74411408
2259248698,TRUE,2015-09-18 19:00:00.000,-122.9086843,56.59063901,,Graham,Summer,radio-transmitter,Rangifer tarandus,GC11,GR_GC11,Mountain caribou in British Columbia,0.613983739
2259248699,TRUE,2015-10-20 19:00:00.000,-122.884329,56.61587297,,Graham,Summer,radio-transmitter,Rangifer tarandus,GC11,GR_GC11,Mountain caribou in British Columbia,0.5310565
2259248700,TRUE,2015-11-20 19:00:00.000,-122.9284714,56.6148191,,Graham,Winter,radio-transmitter,Rangifer tarandus,GC11,GR_GC11,Mountain caribou in British Columbia,0.270328154
2259248701,TRUE,2015-12-20 19:00:00.000,-122.9139716,56.67865924,,Graham,Winter,radio-transmitter,Rangifer tarandus,GC11,GR_GC11,Mountain caribou in British Columbia,0.205223405
2259248702,TRUE,2016-01-17 19:00:00.000,-122.9018233,56.62426113,,Graham,Winter,radio-transmitter,Rangifer tarandus,GC11,GR_GC11,Mountain caribou in British Columbia,0.428020875
2259248703,TRUE,2016-02-25 19:00:00.000,-122.6501315,56.3320965,,Graham,Winter,radio-transmitter,Rangifer tarandus,GC11,GR_GC11,Mountain caribou in British Columbia,0.519051052
2259248704,TRUE,2015-04-10 19:00:00.000,-122.8213385,56.67062797,,Graham,Summer,radio-transmitter,Rangifer tarandus,GC12,GR_GC12,Mountain caribou in British Columbia,0.446262859
2259248705,TRUE,2015-05-10 19:00:00.000,-122.8733034,56.5899342,,Graham,Summer,radio-transmitter,Rangifer tarandus,GC12,GR_GC12,Mountain caribou in British Columbia,0.257022989
2259248706,TRUE,2015-06-18 19:00:00.000,-123.2941737,56.68940987,,Graham,Summer,radio-transmitter,Rangifer tarandus,GC12,GR_GC12,Mountain caribou in British Columbia,0.590751252
2259248707,TRUE,2015-07-16 19:00:00.000,-123.0780335,56.60878689,,Graham,Summer,radio-transmitter,Rangifer tarandus,GC12,GR_GC12,Mountain caribou in British Columbia,0.742214859
2259248708,TRUE,2015-08-12 19:00:00.000,-122.762086,56.5985936,,Graham,Summer,radio-transmitter,Rangifer tarandus,GC12,GR_GC12,Mountain caribou in British Columbia,0.736877114
2259248709,TRUE,2015-09-18 19:00:00.000,-122.9467544,56.56730247,,Graham,Summer,radio-transmitter,Rangifer tarandus,GC12,GR_GC12,Mountain caribou in British Columbia,0.607102868
2259248710,TRUE,2015-10-20 19:00:00.000,-122.8524342,56.56346196,,Graham,Summer,radio-transmitter,Rangifer tarandus,GC12,GR_GC12,Mountain caribou in British Columbia,0.708129382
2259248711,TRUE,2015-11-20 19:00:00.000,-122.9284714,56.6148191,,Graham,Winter,radio-transmitter,Rangifer tarandus,GC12,GR_GC12,Mountain caribou in British Columbia,0.270328154
2259248712,TRUE,2015-12-20 19:00:00.000,-122.9408436,56.6218062,,Graham,Winter,radio-transmitter,Rangifer tarandus,GC12,GR_GC12,Mountain caribou in British Columbia,0.152736358
2259248713,TRUE,2016-01-17 19:00:00.000,-122.8905255,56.58045436,,Graham,Winter,radio-transmitter,Rangifer tarandus,GC12,GR_GC12,Mountain caribou in British Columbia,0.083626264
2259248714,TRUE,2016-02-25 19:00:00.000,-122.8723236,56.56177699,,Graham,Winter,radio-transmitter,Rangifer tarandus,GC12,GR_GC12,Mountain caribou in British Columbia,0.16622688
2259248715,TRUE,2015-04-10 19:00:00.000,-123.0343141,56.93756045,,Graham,Summer,radio-transmitter,Rangifer tarandus,GC13,GR_GC13,Mountain caribou in British Columbia,0.106788618
2259248716,TRUE,2015-05-10 19:00:00.000,-122.9486813,56.93418578,,Graham,Summer,radio-transmitter,Rangifer tarandus,GC13,GR_GC13,Mountain caribou in British Columbia,0.516549164
2259248717,TRUE,2015-06-18 19:00:00.000,-123.4301121,56.85047378,,Graham,Summer,radio-transmitter,Rangifer tarandus,GC13,GR_GC13,Mountain caribou in British Columbia,0.455897308
2259248718,TRUE,2015-07-16 19:00:00.000,-123.4688061,56.84649844,,Graham,Summer,radio-transmitter,Rangifer tarandus,GC13,GR_GC13,Mountain caribou in British Columbia,0.752230511
2259248719,TRUE,2015-08-12 19:00:00.000,-123.2803279,56.89987899,,Graham,Summer,radio-transmitter,Rangifer tarandus,GC13,GR_GC13,Mountain caribou in British Columbia,0.740818261
2259248720,TRUE,2015-09-18 19:00:00.000,-123.4755267,56.79597469,,Graham,Summer,radio-transmitter,Rangifer tarandus,GC13,GR_GC13,Mountain caribou in British Columbia,0.531628619
2259248721,TRUE,2015-10-20 19:00:00.000,-123.4614468,56.79998945,,Graham,Summer,radio-transmitter,Rangifer tarandus,GC13,GR_GC13,Mountain caribou in British Columbia,0.302396031
2259248722,TRUE,2015-04-10 19:00:00.000,-122.7819886,56.63810606,,Graham,Summer,radio-transmitter,Rangifer tarandus,GC14,GR_GC14,Mountain caribou in British Columbia,0.217364825
2259248723,TRUE,2015-05-10 19:00:00.000,-122.8114164,56.63487495,,Graham,Summer,radio-transmitter,Rangifer tarandus,GC14,GR_GC14,Mountain caribou in British Columbia,0.575110481
2259248724,TRUE,2015-06-18 19:00:00.000,-122.9048675,56.60621453,,Graham,Summer,radio-transmitter,Rangifer tarandus,GC14,GR_GC14,Mountain caribou in British Columbia,0.720586322
2259248725,TRUE,2015-07-16 19:00:00.000,-123.1486121,56.88374577,,Graham,Summer,radio-transmitter,Rangifer tarandus,GC14,GR_GC14,Mountain caribou in British Columbia,0.760682389
2259248726,TRUE,2015-08-12 19:00:00.000,-123.3853662,56.7338026,,Graham,Summer,radio-transmitter,Rangifer tarandus,GC14,GR_GC14,Mountain caribou in British Columbia,0.724172649
2259248727,TRUE,2015-09-18 19:00:00.000,-122.909762,56.69181775,,Graham,Summer,radio-transmitter,Rangifer tarandus,GC14,GR_GC14,Mountain caribou in British Columbia,0.647775619
2259248728,TRUE,2015-04-10 19:00:00.000,-122.8292151,56.61756143,,Graham,Summer,radio-transmitter,Rangifer tarandus,GC15,GR_GC15,Mountain caribou in British Columbia,0.220544594
2259248729,TRUE,2015-05-10 19:00:00.000,-122.8296683,56.6652762,,Graham,Summer,radio-transmitter,Rangifer tarandus,GC15,GR_GC15,Mountain caribou in British Columbia,0.569523391
2259248730,TRUE,2015-06-18 19:00:00.000,-122.9048675,56.60621453,,Graham,Summer,radio-transmitter,Rangifer tarandus,GC15,GR_GC15,Mountain caribou in British Columbia,0.720586322
2259248731,TRUE,2015-07-16 19:00:00.000,-123.4064919,56.24700119,,Graham,Summer,radio-transmitter,Rangifer tarandus,GC15,GR_GC15,Mountain caribou in British Columbia,0.754343449
2259248732,TRUE,2015-08-12 19:00:00.000,-123.5156857,56.22730417,,Graham,Summer,radio-transmitter,Rangifer tarandus,GC15,GR_GC15,Mountain caribou in British Columbia,0.322909321
2259248733,TRUE,2015-09-18 19:00:00.000,-123.4907898,56.21903164,,Graham,Summer,radio-transmitter,Rangifer tarandus,GC15,GR_GC15,Mountain caribou in British Columbia,0.245520066
2259248734,TRUE,2015-10-17 19:00:00.000,-123.343484,56.25505365,,Graham,Summer,radio-transmitter,Rangifer tarandus,GC15,GR_GC15,Mountain caribou in British Columbia,0.366467475
2259248735,TRUE,2015-11-20 19:00:00.000,-123.2105501,56.15185674,,Graham,Winter,radio-transmitter,Rangifer tarandus,GC15,GR_GC15,Mountain caribou in British Columbia,0.059259685
2259248736,TRUE,2015-12-20 19:00:00.000,-122.730801,56.29090628,,Graham,Winter,radio-transmitter,Rangifer tarandus,GC15,GR_GC15,Mountain caribou in British Columbia,0.058434308
2259248737,TRUE,2016-01-17 19:00:00.000,-122.5778631,56.3371633,,Graham,Winter,radio-transmitter,Rangifer tarandus,GC15,GR_GC15,Mountain caribou in British Columbia,0.243071069
2259248738,TRUE,2016-02-25 19:00:00.000,-122.5949856,56.28282781,,Graham,Winter,radio-transmitter,Rangifer tarandus,GC15,GR_GC15,Mountain caribou in British Columbia,0.309113608
2259248739,TRUE,2015-04-10 19:00:00.000,-122.7695261,56.43571477,,Graham,Summer,radio-transmitter,Rangifer tarandus,GC16,GR_GC16,Mountain caribou in British Columbia,0.487664787
2259248740,TRUE,2015-05-10 19:00:00.000,-122.7569361,56.41627556,,Graham,Summer,radio-transmitter,Rangifer tarandus,GC16,GR_GC16,Mountain caribou in British Columbia,0.465487489
2259248741,TRUE,2015-06-18 19:00:00.000,-122.7203023,56.42763549,,Graham,Summer,radio-transmitter,Rangifer tarandus,GC16,GR_GC16,Mountain caribou in British Columbia,0.614772376
2259248742,TRUE,2015-07-16 19:00:00.000,-122.7355982,56.41032919,,Graham,Summer,radio-transmitter,Rangifer tarandus,GC16,GR_GC16,Mountain caribou in British Columbia,0.796589882
2259248743,TRUE,2015-08-12 19:00:00.000,-122.8087421,56.541535,,Graham,Summer,radio-transmitter,Rangifer tarandus,GC16,GR_GC16,Mountain caribou in British Columbia,0.761124716
2259248744,TRUE,2015-09-18 19:00:00.000,-122.7368715,56.52633714,,Graham,Summer,radio-transmitter,Rangifer tarandus,GC16,GR_GC16,Mountain caribou in British Columbia,0.509391078
2259248745,TRUE,2015-10-20 19:00:00.000,-122.7411471,56.52627424,,Graham,Summer,radio-transmitter,Rangifer tarandus,GC16,GR_GC16,Mountain caribou in British Columbia,0.619091143
2259248746,TRUE,2015-11-20 19:00:00.000,-122.5688029,56.27995417,,Graham,Winter,radio-transmitter,Rangifer tarandus,GC16,GR_GC16,Mountain caribou in British Columbia,0.071825668
2259248747,TRUE,2015-12-20 19:00:00.000,-122.6048961,56.31169138,,Graham,Winter,radio-transmitter,Rangifer tarandus,GC16,GR_GC16,Mountain caribou in British Columbia,0.103482011
2259248748,TRUE,2016-01-17 19:00:00.000,-122.6530117,56.3390676,,Graham,Winter,radio-transmitter,Rangifer tarandus,GC16,GR_GC16,Mountain caribou in British Columbia,0.587011886
2259248749,TRUE,2016-02-25 19:00:00.000,-122.626967,56.31931581,,Graham,Winter,radio-transmitter,Rangifer tarandus,GC16,GR_GC16,Mountain caribou in British Columbia,0.44636302
2259248750,TRUE,2015-04-10 19:00:00.000,-122.7695261,56.43571477,,Graham,Summer,radio-transmitter,Rangifer tarandus,GC17,GR_GC17,Mountain caribou in British Columbia,0.487664787
2259248751,TRUE,2015-05-10 19:00:00.000,-122.758018,56.40670033,,Graham,Summer,radio-transmitter,Rangifer tarandus,GC17,GR_GC17,Mountain caribou in British Columbia,0.443835131
2259248752,TRUE,2015-06-18 19:00:00.000,-122.7409266,56.46327617,,Graham,Summer,radio-transmitter,Rangifer tarandus,GC17,GR_GC17,Mountain caribou in British Columbia,0.698784048
2259248753,TRUE,2015-07-16 19:00:00.000,-122.7655153,56.45237317,,Graham,Summer,radio-transmitter,Rangifer tarandus,GC17,GR_GC17,Mountain caribou in British Columbia,0.761173806
2259248754,TRUE,2015-08-12 19:00:00.000,-122.8039041,56.44552183,,Graham,Summer,radio-transmitter,Rangifer tarandus,GC17,GR_GC17,Mountain caribou in British Columbia,0.774308254
2259248755,TRUE,2015-09-18 19:00:00.000,-122.7399918,56.4504536,,Graham,Summer,radio-transmitter,Rangifer tarandus,GC17,GR_GC17,Mountain caribou in British Columbia,0.550690006
2259248756,TRUE,2015-10-20 19:00:00.000,-122.7421877,56.46877719,,Graham,Summer,radio-transmitter,Rangifer tarandus,GC17,GR_GC17,Mountain caribou in British Columbia,0.545996555
2259248757,TRUE,2015-11-20 19:00:00.000,-122.5193074,56.28064343,,Graham,Winter,radio-transmitter,Rangifer tarandus,GC17,GR_GC17,Mountain caribou in British Columbia,0.261958794
2259248758,TRUE,2015-12-20 19:00:00.000,-122.5878658,56.2930288,,Graham,Winter,radio-transmitter,Rangifer tarandus,GC17,GR_GC17,Mountain caribou in British Columbia,-0.051435552
2259248759,TRUE,2016-01-17 19:00:00.000,-122.6242395,56.33034958,,Graham,Winter,radio-transmitter,Rangifer tarandus,GC17,GR_GC17,Mountain caribou in British Columbia,0.445181877
2259248760,TRUE,2016-02-25 19:00:00.000,-122.6132915,56.3126882,,Graham,Winter,radio-transmitter,Rangifer tarandus,GC17,GR_GC17,Mountain caribou in British Columbia,0.226714796
2259248761,TRUE,2015-04-10 19:00:00.000,-122.587303,56.28828306,,Graham,Summer,radio-transmitter,Rangifer tarandus,GC18,GR_GC18,Mountain caribou in British Columbia,0.026237606
2259248762,TRUE,2015-05-10 19:00:00.000,-122.5419819,56.23350591,,Graham,Summer,radio-transmitter,Rangifer tarandus,GC18,GR_GC18,Mountain caribou in British Columbia,0.138714042
2259248763,TRUE,2015-06-18 19:00:00.000,-122.5610244,56.2822269,,Graham,Summer,radio-transmitter,Rangifer tarandus,GC18,GR_GC18,Mountain caribou in British Columbia,0.433081643
2259248764,TRUE,2015-07-16 19:00:00.000,-122.5535995,56.23602814,,Graham,Summer,radio-transmitter,Rangifer tarandus,GC18,GR_GC18,Mountain caribou in British Columbia,0.588748935
2259248765,TRUE,2015-08-12 19:00:00.000,-122.543701,56.23409627,,Graham,Summer,radio-transmitter,Rangifer tarandus,GC18,GR_GC18,Mountain caribou in British Columbia,0.599526601
2259248766,TRUE,2015-09-18 19:00:00.000,-122.64196,56.24439255,,Graham,Summer,radio-transmitter,Rangifer tarandus,GC18,GR_GC18,Mountain caribou in British Columbia,0.621181427
2259248767,TRUE,2015-10-20 19:00:00.000,-122.5832761,56.24710193,,Graham,Summer,radio-transmitter,Rangifer tarandus,GC18,GR_GC18,Mountain caribou in British Columbia,0.718888369
2259248768,TRUE,2015-11-20 19:00:00.000,-122.4926779,56.32423847,,Graham,Winter,radio-transmitter,Rangifer tarandus,GC18,GR_GC18,Mountain caribou in British Columbia,0.113748321
2259248769,TRUE,2015-12-20 19:00:00.000,-122.5878658,56.2930288,,Graham,Winter,radio-transmitter,Rangifer tarandus,GC18,GR_GC18,Mountain caribou in British Columbia,-0.051435552
2259248770,TRUE,2016-01-17 19:00:00.000,-122.6467347,56.35490752,,Graham,Winter,radio-transmitter,Rangifer tarandus,GC18,GR_GC18,Mountain caribou in British Columbia,0.267672753
2259248771,TRUE,2016-02-25 19:00:00.000,-122.6028329,56.29711179,,Graham,Winter,radio-transmitter,Rangifer tarandus,GC18,GR_GC18,Mountain caribou in British Columbia,0.023863437
2259248772,TRUE,2015-04-10 19:00:00.000,-122.4947034,56.24920688,,Graham,Summer,radio-transmitter,Rangifer tarandus,GC19,GR_GC19,Mountain caribou in British Columbia,0.627936934
2259248773,TRUE,2015-05-10 19:00:00.000,-122.736963,56.30638193,,Graham,Summer,radio-transmitter,Rangifer tarandus,GC19,GR_GC19,Mountain caribou in British Columbia,0.615028712
2259248774,TRUE,2015-06-18 19:00:00.000,-122.9390751,56.32302492,,Graham,Summer,radio-transmitter,Rangifer tarandus,GC19,GR_GC19,Mountain caribou in British Columbia,0.540808191
2259248775,TRUE,2015-07-16 19:00:00.000,-123.0112539,56.26905146,,Graham,Summer,radio-transmitter,Rangifer tarandus,GC19,GR_GC19,Mountain caribou in British Columbia,0.49681788
2259248776,TRUE,2015-08-12 19:00:00.000,-123.0662856,56.28140595,,Graham,Summer,radio-transmitter,Rangifer tarandus,GC19,GR_GC19,Mountain caribou in British Columbia,0.763485969
2259248777,TRUE,2015-09-18 19:00:00.000,-122.984248,56.29200646,,Graham,Summer,radio-transmitter,Rangifer tarandus,GC19,GR_GC19,Mountain caribou in British Columbia,0.658035403
2259248778,TRUE,2015-10-17 19:00:00.000,-123.0054828,56.33367739,,Graham,Summer,radio-transmitter,Rangifer tarandus,GC19,GR_GC19,Mountain caribou in British Columbia,0.617972415
2259248779,TRUE,2015-11-20 19:00:00.000,-122.9648765,56.27492288,,Graham,Winter,radio-transmitter,Rangifer tarandus,GC19,GR_GC19,Mountain caribou in British Columbia,0.331804992
2259248780,TRUE,2015-12-20 19:00:00.000,-122.5878658,56.2930288,,Graham,Winter,radio-transmitter,Rangifer tarandus,GC19,GR_GC19,Mountain caribou in British Columbia,-0.051435552
2259248781,TRUE,2016-01-17 19:00:00.000,-122.6200508,56.40033494,,Graham,Winter,radio-transmitter,Rangifer tarandus,GC19,GR_GC19,Mountain caribou in British Columbia,0.508842672
2259248782,TRUE,2016-02-25 19:00:00.000,-122.7159363,56.4151912,,Graham,Winter,radio-transmitter,Rangifer tarandus,GC19,GR_GC19,Mountain caribou in British Columbia,0.102977872
2259248783,TRUE,2015-04-10 19:00:00.000,-122.6059936,56.29929615,,Graham,Summer,radio-transmitter,Rangifer tarandus,GC20,GR_GC20,Mountain caribou in British Columbia,0.1463886
2259248784,TRUE,2015-05-10 19:00:00.000,-122.6440143,56.24558445,,Graham,Summer,radio-transmitter,Rangifer tarandus,GC20,GR_GC20,Mountain caribou in British Columbia,0.268661474
2259248785,TRUE,2015-06-18 19:00:00.000,-122.6526308,56.24384794,,Graham,Summer,radio-transmitter,Rangifer tarandus,GC20,GR_GC20,Mountain caribou in British Columbia,0.624601516
2259248786,TRUE,2015-07-16 19:00:00.000,-122.6259032,56.30906122,,Graham,Summer,radio-transmitter,Rangifer tarandus,GC20,GR_GC20,Mountain caribou in British Columbia,0.723050164
2259248787,TRUE,2015-08-12 19:00:00.000,-122.6264603,56.29503798,,Graham,Summer,radio-transmitter,Rangifer tarandus,GC20,GR_GC20,Mountain caribou in British Columbia,0.693660884
2259248788,TRUE,2015-09-18 19:00:00.000,-122.5676233,56.27857541,,Graham,Summer,radio-transmitter,Rangifer tarandus,GC20,GR_GC20,Mountain caribou in British Columbia,0.407761523
2259248789,TRUE,2015-10-17 19:00:00.000,-122.5091548,56.28643465,,Graham,Summer,radio-transmitter,Rangifer tarandus,GC20,GR_GC20,Mountain caribou in British Columbia,0.699122322
2259248790,TRUE,2015-11-20 19:00:00.000,-122.5344081,56.22353156,,Graham,Winter,radio-transmitter,Rangifer tarandus,GC20,GR_GC20,Mountain caribou in British Columbia,0.117371967
2259248791,TRUE,2015-12-20 19:00:00.000,-122.5443115,56.29542784,,Graham,Winter,radio-transmitter,Rangifer tarandus,GC20,GR_GC20,Mountain caribou in British Columbia,0.097486733
2259248792,TRUE,2016-01-17 19:00:00.000,-122.5509162,56.30539793,,Graham,Winter,radio-transmitter,Rangifer tarandus,GC20,GR_GC20,Mountain caribou in British Columbia,0.329242626
2259248793,TRUE,2016-02-25 19:00:00.000,-122.5974902,56.30886435,,Graham,Winter,radio-transmitter,Rangifer tarandus,GC20,GR_GC20,Mountain caribou in British Columbia,0.233426331
2259248794,TRUE,2015-12-20 19:00:00.000,-123.086702,56.82256214,,Graham,Winter,radio-transmitter,Rangifer tarandus,GC21,GR_GC21,Mountain caribou in British Columbia,0.071198819
2259248795,TRUE,2016-01-17 19:00:00.000,-123.0774275,56.82984507,,Graham,Winter,radio-transmitter,Rangifer tarandus,GC21,GR_GC21,Mountain caribou in British Columbia,0.24540681
2259248796,TRUE,2016-02-25 19:00:00.000,-122.965052,56.8596991,,Graham,Winter,radio-transmitter,Rangifer tarandus,GC21,GR_GC21,Mountain caribou in British Columbia,0.130288242
2259248797,TRUE,2015-12-20 19:00:00.000,-122.8860829,56.75841392,,Graham,Winter,radio-transmitter,Rangifer tarandus,GC22,GR_GC22,Mountain caribou in British Columbia,0.251578581
2259248798,TRUE,2016-01-17 19:00:00.000,-122.8517003,56.73427406,,Graham,Winter,radio-transmitter,Rangifer tarandus,GC22,GR_GC22,Mountain caribou in British Columbia,0.327553357
2259248799,TRUE,2016-02-25 19:00:00.000,-122.9086583,56.77671459,,Graham,Winter,radio-transmitter,Rangifer tarandus,GC22,GR_GC22,Mountain caribou in British Columbia,0.109236111
2259248800,TRUE,2015-12-20 19:00:00.000,-123.0871782,56.8230649,,Graham,Winter,radio-transmitter,Rangifer tarandus,GC23,GR_GC23,Mountain caribou in British Columbia,0.074479594
2259248801,TRUE,2016-01-17 19:00:00.000,-123.1467225,56.79511449,,Graham,Winter,radio-transmitter,Rangifer tarandus,GC23,GR_GC23,Mountain caribou in British Columbia,0.134550194
2259248802,TRUE,2016-02-25 19:00:00.000,-122.8884938,56.7561881,,Graham,Winter,radio-transmitter,Rangifer tarandus,GC23,GR_GC23,Mountain caribou in British Columbia,0.230337303
2282777099,TRUE,2003-03-27 20:00:00.000,-122.1104988,55.3295348,,Burnt Pine,Winter,radio-transmitter,Rangifer tarandus,car022,BP_car022,Mountain caribou in British Columbia,-0.006570013
2282777100,TRUE,2003-04-17 19:00:00.000,-122.1231387,55.331046,,Burnt Pine,Summer,radio-transmitter,Rangifer tarandus,car022,BP_car022,Mountain caribou in British Columbia,-0.012403309
2282777101,TRUE,2003-06-04 21:24:00.000,-122.4952854,55.42567841,,Burnt Pine,Summer,radio-transmitter,Rangifer tarandus,car022,BP_car022,Mountain caribou in British Columbia,0.206628938
2282777102,TRUE,2003-06-19 18:08:00.000,-122.4998483,55.43220295,,Burnt Pine,Summer,radio-transmitter,Rangifer tarandus,car022,BP_car022,Mountain caribou in British Columbia,0.316633042
2282777103,TRUE,2003-07-06 18:19:00.000,-122.5039968,55.43282189,,Burnt Pine,Summer,radio-transmitter,Rangifer tarandus,car022,BP_car022,Mountain caribou in British Columbia,0.627350051
2282777104,TRUE,2003-07-16 23:31:00.000,-122.4676682,55.41963066,,Burnt Pine,Summer,radio-transmitter,Rangifer tarandus,car022,BP_car022,Mountain caribou in British Columbia,0.764066248
2282777105,TRUE,2003-07-31 22:45:00.000,-122.4516796,55.40600024,,Burnt Pine,Summer,radio-transmitter,Rangifer tarandus,car022,BP_car022,Mountain caribou in British Columbia,0.631128265
2282777106,TRUE,2003-08-25 17:42:00.000,-122.4448633,55.43822904,,Burnt Pine,Summer,radio-transmitter,Rangifer tarandus,car022,BP_car022,Mountain caribou in British Columbia,0.755803822
2282777107,TRUE,2003-09-14 19:41:00.000,-122.4701049,55.46536151,,Burnt Pine,Summer,radio-transmitter,Rangifer tarandus,car022,BP_car022,Mountain caribou in British Columbia,0.749555785
2282777108,TRUE,2003-09-27 20:44:00.000,-122.4733117,55.4727797,,Burnt Pine,Summer,radio-transmitter,Rangifer tarandus,car022,BP_car022,Mountain caribou in British Columbia,0.737336811
2282777109,TRUE,2003-10-11 20:56:00.000,-122.4824344,55.43452078,,Burnt Pine,Summer,radio-transmitter,Rangifer tarandus,car022,BP_car022,Mountain caribou in British Columbia,0.52952215
2282777110,TRUE,2003-11-02 22:53:00.000,-122.2388682,55.47098052,,Burnt Pine,Winter,radio-transmitter,Rangifer tarandus,car022,BP_car022,Mountain caribou in British Columbia,0.088737635
2282777111,TRUE,2003-11-08 23:08:00.000,-122.1897312,55.43950149,,Burnt Pine,Winter,radio-transmitter,Rangifer tarandus,car022,BP_car022,Mountain caribou in British Columbia,0.059252569
2282777112,TRUE,2003-12-10 18:51:00.000,-122.08692,55.34519479,,Burnt Pine,Winter,radio-transmitter,Rangifer tarandus,car022,BP_car022,Mountain caribou in British Columbia,0.104382927
2282777113,TRUE,2003-12-19 20:27:00.000,-122.0868832,55.34405325,,Burnt Pine,Winter,radio-transmitter,Rangifer tarandus,car022,BP_car022,Mountain caribou in British Columbia,0.108585691
2282777114,TRUE,2003-12-27 18:01:00.000,-122.1299607,55.33552501,,Burnt Pine,Winter,radio-transmitter,Rangifer tarandus,car022,BP_car022,Mountain caribou in British Columbia,-0.081386274
2282777115,TRUE,2004-01-02 19:17:00.000,-122.2792185,55.502406,,Burnt Pine,Winter,radio-transmitter,Rangifer tarandus,car022,BP_car022,Mountain caribou in British Columbia,0.11224383
2282777116,TRUE,2004-01-10 16:54:00.000,-122.2197992,55.48015202,,Burnt Pine,Winter,radio-transmitter,Rangifer tarandus,car022,BP_car022,Mountain caribou in British Columbia,0.008857178
2282777117,TRUE,2004-01-16 20:58:00.000,-122.2384852,55.47115786,,Burnt Pine,Winter,radio-transmitter,Rangifer tarandus,car022,BP_car022,Mountain caribou in British Columbia,0.052552305
2282777118,TRUE,2004-01-26 21:20:00.000,-122.2702368,55.51210254,,Burnt Pine,Winter,radio-transmitter,Rangifer tarandus,car022,BP_car022,Mountain caribou in British Columbia,0.038206804
2282777119,TRUE,2004-02-01 18:35:00.000,-122.2970437,55.53800388,,Burnt Pine,Winter,radio-transmitter,Rangifer tarandus,car022,BP_car022,Mountain caribou in British Columbia,0.197816117
2282777120,TRUE,2004-02-04 20:00:00.000,-122.2851088,55.52856255,,Burnt Pine,Winter,radio-transmitter,Rangifer tarandus,car022,BP_car022,Mountain caribou in British Columbia,0.072479278
2282777121,TRUE,2004-02-08 20:31:00.000,-122.2742191,55.52287336,,Burnt Pine,Winter,radio-transmitter,Rangifer tarandus,car022,BP_car022,Mountain caribou in British Columbia,0.089741109
2282777122,TRUE,2004-02-12 21:20:00.000,-122.2730016,55.521042,,Burnt Pine,Winter,radio-transmitter,Rangifer tarandus,car022,BP_car022,Mountain caribou in British Columbia,0.109956233
2282777123,TRUE,2004-02-21 22:18:00.000,-122.264135,55.50388884,,Burnt Pine,Winter,radio-transmitter,Rangifer tarandus,car022,BP_car022,Mountain caribou in British Columbia,0.073525146
2282777124,TRUE,2004-02-27 17:06:00.000,-122.2712121,55.51416613,,Burnt Pine,Winter,radio-transmitter,Rangifer tarandus,car022,BP_car022,Mountain caribou in British Columbia,0.177692351
2282777125,TRUE,2004-03-06 21:14:00.000,-122.2641296,55.50247802,,Burnt Pine,Winter,radio-transmitter,Rangifer tarandus,car022,BP_car022,Mountain caribou in British Columbia,0.062620177
2282777126,TRUE,2004-03-13 18:02:00.000,-122.261885,55.50229378,,Burnt Pine,Winter,radio-transmitter,Rangifer tarandus,car022,BP_car022,Mountain caribou in British Columbia,0.048787472
2282777127,TRUE,2004-03-23 21:17:00.000,-122.2639021,55.50194648,,Burnt Pine,Winter,radio-transmitter,Rangifer tarandus,car022,BP_car022,Mountain caribou in British Columbia,0.05341974
2282777128,TRUE,2004-03-25 22:35:00.000,-122.2631198,55.50314589,,Burnt Pine,Winter,radio-transmitter,Rangifer tarandus,car022,BP_car022,Mountain caribou in British Columbia,0.052375134
2282777129,TRUE,2004-03-28 18:57:00.000,-122.2649558,55.50062289,,Burnt Pine,Winter,radio-transmitter,Rangifer tarandus,car022,BP_car022,Mountain caribou in British Columbia,0.044947692
2282777130,TRUE,2004-03-29 22:37:00.000,-122.2517275,55.50112687,,Burnt Pine,Winter,radio-transmitter,Rangifer tarandus,car022,BP_car022,Mountain caribou in British Columbia,0.071408087
2282777131,TRUE,2004-04-15 21:12:00.000,-122.2518773,55.49489153,,Burnt Pine,Summer,radio-transmitter,Rangifer tarandus,car022,BP_car022,Mountain caribou in British Columbia,0.11252178
2282777132,TRUE,2004-04-28 18:15:00.000,-122.3555239,55.45117124,,Burnt Pine,Summer,radio-transmitter,Rangifer tarandus,car022,BP_car022,Mountain caribou in British Columbia,0.004742634
2282777133,TRUE,2004-05-11 21:15:00.000,-122.4339211,55.44075787,,Burnt Pine,Summer,radio-transmitter,Rangifer tarandus,car022,BP_car022,Mountain caribou in British Columbia,0.04293062
2282777134,TRUE,2004-06-03 21:50:00.000,-122.4402637,55.44158679,,Burnt Pine,Summer,radio-transmitter,Rangifer tarandus,car022,BP_car022,Mountain caribou in British Columbia,0.280067806
2282777135,TRUE,2004-06-17 21:03:00.000,-122.4861597,55.41904476,,Burnt Pine,Summer,radio-transmitter,Rangifer tarandus,car022,BP_car022,Mountain caribou in British Columbia,0.613677182
2282777136,TRUE,2004-06-30 19:52:00.000,-122.4320179,55.38836089,,Burnt Pine,Summer,radio-transmitter,Rangifer tarandus,car022,BP_car022,Mountain caribou in British Columbia,0.680341547
2282777137,TRUE,2004-07-14 22:16:00.000,-122.438964,55.4306899,,Burnt Pine,Summer,radio-transmitter,Rangifer tarandus,car022,BP_car022,Mountain caribou in British Columbia,0.745787869
2282777138,TRUE,2004-07-28 22:16:00.000,-122.4490512,55.43826594,,Burnt Pine,Summer,radio-transmitter,Rangifer tarandus,car022,BP_car022,Mountain caribou in British Columbia,0.787675304
2282777139,TRUE,2004-08-12 00:11:00.000,-122.4639996,55.45137985,,Burnt Pine,Summer,radio-transmitter,Rangifer tarandus,car022,BP_car022,Mountain caribou in British Columbia,0.732256171
2282777140,TRUE,2004-08-25 21:05:00.000,-122.4478744,55.43878182,,Burnt Pine,Summer,radio-transmitter,Rangifer tarandus,car022,BP_car022,Mountain caribou in British Columbia,0.646160564
2282777141,TRUE,2004-09-12 20:17:00.000,-122.4578151,55.44233077,,Burnt Pine,Summer,radio-transmitter,Rangifer tarandus,car022,BP_car022,Mountain caribou in British Columbia,0.570719436
2282777142,TRUE,2004-09-27 18:23:00.000,-122.4877699,55.45819409,,Burnt Pine,Summer,radio-transmitter,Rangifer tarandus,car022,BP_car022,Mountain caribou in British Columbia,0.617190506
2282777143,TRUE,2004-10-14 20:00:00.000,-122.4068226,55.50540882,,Burnt Pine,Summer,radio-transmitter,Rangifer tarandus,car022,BP_car022,Mountain caribou in British Columbia,0.355769273
2282777144,TRUE,2004-11-06 20:15:00.000,-122.2334696,55.4524536,,Burnt Pine,Winter,radio-transmitter,Rangifer tarandus,car022,BP_car022,Mountain caribou in British Columbia,0.123852718
2282777145,TRUE,2004-12-06 23:07:00.000,-122.0829873,55.34751077,,Burnt Pine,Winter,radio-transmitter,Rangifer tarandus,car022,BP_car022,Mountain caribou in British Columbia,0.033237242
2282777146,TRUE,2004-12-12 23:37:00.000,-122.1591367,55.32385838,,Burnt Pine,Winter,radio-transmitter,Rangifer tarandus,car022,BP_car022,Mountain caribou in British Columbia,0.009349737
2282777147,TRUE,2005-01-02 21:03:00.000,-122.0905886,55.33580448,,Burnt Pine,Winter,radio-transmitter,Rangifer tarandus,car022,BP_car022,Mountain caribou in British Columbia,0.106379452
2282777148,TRUE,2005-01-25 20:17:00.000,-122.2109917,55.31497537,,Burnt Pine,Winter,radio-transmitter,Rangifer tarandus,car022,BP_car022,Mountain caribou in British Columbia,0.030951556
2282777149,TRUE,2005-02-07 21:40:00.000,-122.2168663,55.36706131,,Burnt Pine,Winter,radio-transmitter,Rangifer tarandus,car022,BP_car022,Mountain caribou in British Columbia,0.03474052
2282777150,TRUE,2005-02-14 23:07:00.000,-122.2220946,55.37158777,,Burnt Pine,Winter,radio-transmitter,Rangifer tarandus,car022,BP_car022,Mountain caribou in British Columbia,0.137770471
2282777151,TRUE,2005-02-21 23:06:00.000,-122.2049404,55.36460299,,Burnt Pine,Winter,radio-transmitter,Rangifer tarandus,car022,BP_car022,Mountain caribou in British Columbia,-8.76E-04
2282777152,TRUE,2005-02-28 21:55:00.000,-122.1962991,55.37062115,,Burnt Pine,Winter,radio-transmitter,Rangifer tarandus,car022,BP_car022,Mountain caribou in British Columbia,0.009819038
2282777153,TRUE,2005-03-12 22:14:00.000,-122.2041256,55.37611797,,Burnt Pine,Winter,radio-transmitter,Rangifer tarandus,car022,BP_car022,Mountain caribou in British Columbia,0.040408781
2282777154,TRUE,2005-03-14 21:47:00.000,-122.2043011,55.37130252,,Burnt Pine,Winter,radio-transmitter,Rangifer tarandus,car022,BP_car022,Mountain caribou in British Columbia,0.024815342
2282777155,TRUE,2005-03-24 17:12:00.000,-122.2034594,55.37235741,,Burnt Pine,Winter,radio-transmitter,Rangifer tarandus,car022,BP_car022,Mountain caribou in British Columbia,0.005898924
2282777156,TRUE,2005-04-14 19:10:00.000,-122.1988419,55.37206664,,Burnt Pine,Summer,radio-transmitter,Rangifer tarandus,car022,BP_car022,Mountain caribou in British Columbia,-0.001096577
2282777157,TRUE,2005-04-18 17:20:00.000,-122.2026382,55.3716062,,Burnt Pine,Summer,radio-transmitter,Rangifer tarandus,car022,BP_car022,Mountain caribou in British Columbia,0.014977605
2282777158,TRUE,2005-05-02 21:46:00.000,-122.4131151,55.50174595,,Burnt Pine,Summer,radio-transmitter,Rangifer tarandus,car022,BP_car022,Mountain caribou in British Columbia,0.129883954
2282777159,TRUE,2005-05-18 23:02:00.000,-122.4950701,55.42769037,,Burnt Pine,Summer,radio-transmitter,Rangifer tarandus,car022,BP_car022,Mountain caribou in British Columbia,0.045095183
2282777160,TRUE,2005-06-08 23:45:00.000,-122.3955809,55.38132989,,Burnt Pine,Summer,radio-transmitter,Rangifer tarandus,car022,BP_car022,Mountain caribou in British Columbia,0.264048057
2282777161,TRUE,2005-06-28 19:00:00.000,-122.4616955,55.41970337,,Burnt Pine,Summer,radio-transmitter,Rangifer tarandus,car022,BP_car022,Mountain caribou in British Columbia,0.622566127
2282777162,TRUE,2005-07-21 19:00:00.000,-122.4400824,55.42424311,,Burnt Pine,Summer,radio-transmitter,Rangifer tarandus,car022,BP_car022,Mountain caribou in British Columbia,0.776583943
2282777163,TRUE,2005-08-10 22:20:00.000,-122.4557913,55.44121652,,Burnt Pine,Summer,radio-transmitter,Rangifer tarandus,car022,BP_car022,Mountain caribou in British Columbia,0.764839988
2282777164,TRUE,2005-08-25 01:20:00.000,-122.489533,55.45882148,,Burnt Pine,Summer,radio-transmitter,Rangifer tarandus,car022,BP_car022,Mountain caribou in British Columbia,0.707434324
2282777165,TRUE,2005-09-07 01:12:00.000,-122.4532108,55.47236808,,Burnt Pine,Summer,radio-transmitter,Rangifer tarandus,car022,BP_car022,Mountain caribou in British Columbia,0.744532587
2282777166,TRUE,2005-10-18 23:04:00.000,-122.2712624,55.47458332,,Burnt Pine,Summer,radio-transmitter,Rangifer tarandus,car022,BP_car022,Mountain caribou in British Columbia,0.552266092
2282777167,TRUE,2005-11-23 23:05:00.000,-122.2608521,55.49573679,,Burnt Pine,Winter,radio-transmitter,Rangifer tarandus,car022,BP_car022,Mountain caribou in British Columbia,0.083702105
2282777168,TRUE,2005-12-03 21:56:00.000,-122.2779905,55.52365944,,Burnt Pine,Winter,radio-transmitter,Rangifer tarandus,car022,BP_car022,Mountain caribou in British Columbia,0.322738203
2282777169,TRUE,2006-01-03 22:00:00.000,-122.2933818,55.48770667,,Burnt Pine,Winter,radio-transmitter,Rangifer tarandus,car022,BP_car022,Mountain caribou in British Columbia,0.369185167
2282777170,TRUE,2006-01-29 21:20:00.000,-122.2927687,55.51397797,,Burnt Pine,Winter,radio-transmitter,Rangifer tarandus,car022,BP_car022,Mountain caribou in British Columbia,0.179884364
2282777171,TRUE,2006-02-16 20:00:00.000,-122.3076423,55.41900043,,Burnt Pine,Winter,radio-transmitter,Rangifer tarandus,car022,BP_car022,Mountain caribou in British Columbia,0.014327952
2282777172,TRUE,2006-03-19 20:00:00.000,-122.3832112,55.47229603,,Burnt Pine,Winter,radio-transmitter,Rangifer tarandus,car022,BP_car022,Mountain caribou in British Columbia,0.021693899
2282777173,TRUE,2006-04-24 19:00:00.000,-122.3507604,55.47742994,,Burnt Pine,Summer,radio-transmitter,Rangifer tarandus,car022,BP_car022,Mountain caribou in British Columbia,0.374794383
2282777174,TRUE,2006-05-13 19:00:00.000,-122.3111497,55.43260709,,Burnt Pine,Summer,radio-transmitter,Rangifer tarandus,car022,BP_car022,Mountain caribou in British Columbia,0.001361466
2282777175,TRUE,2006-05-30 19:00:00.000,-122.4033355,55.38204192,,Burnt Pine,Summer,radio-transmitter,Rangifer tarandus,car022,BP_car022,Mountain caribou in British Columbia,0.25850453
2282777176,TRUE,2006-06-24 19:00:00.000,-122.4454288,55.39900793,,Burnt Pine,Summer,radio-transmitter,Rangifer tarandus,car022,BP_car022,Mountain caribou in British Columbia,0.575009473
2282777177,TRUE,2006-07-16 19:00:00.000,-122.5025795,55.41859144,,Burnt Pine,Summer,radio-transmitter,Rangifer tarandus,car022,BP_car022,Mountain caribou in British Columbia,0.807796758
2282777178,TRUE,2006-08-16 19:00:00.000,-122.4005501,55.43991603,,Burnt Pine,Summer,radio-transmitter,Rangifer tarandus,car022,BP_car022,Mountain caribou in British Columbia,0.696257825
2282777179,TRUE,2006-09-02 19:46:00.000,-122.4053856,55.42948896,,Burnt Pine,Summer,radio-transmitter,Rangifer tarandus,car022,BP_car022,Mountain caribou in British Columbia,0.704160961
2282777180,TRUE,2006-10-04 18:32:00.000,-122.3598195,55.46611944,,Burnt Pine,Summer,radio-transmitter,Rangifer tarandus,car022,BP_car022,Mountain caribou in British Columbia,0.533054619
2282777181,TRUE,2006-12-16 22:15:00.000,-122.1997442,55.35315661,,Burnt Pine,Winter,radio-transmitter,Rangifer tarandus,car022,BP_car022,Mountain caribou in British Columbia,0.03114499
2282777182,TRUE,2007-01-27 21:15:00.000,-122.2060942,55.30300089,,Burnt Pine,Winter,radio-transmitter,Rangifer tarandus,car022,BP_car022,Mountain caribou in British Columbia,0.060053615
2282777183,TRUE,2007-02-13 00:45:00.000,-122.195632,55.31247587,,Burnt Pine,Winter,radio-transmitter,Rangifer tarandus,car022,BP_car022,Mountain caribou in British Columbia,0.022700749
2282777184,TRUE,2007-03-18 23:22:00.000,-122.2574861,55.30169759,,Burnt Pine,Winter,radio-transmitter,Rangifer tarandus,car022,BP_car022,Mountain caribou in British Columbia,0.011391809
2282777185,TRUE,2007-03-22 19:00:00.000,-122.2643252,55.31090493,,Burnt Pine,Winter,radio-transmitter,Rangifer tarandus,car022,BP_car022,Mountain caribou in British Columbia,0.006847452
2282777186,TRUE,2007-04-02 19:00:00.000,-122.2274304,55.30340729,,Burnt Pine,Summer,radio-transmitter,Rangifer tarandus,car022,BP_car022,Mountain caribou in British Columbia,0.079500898
2282777187,TRUE,2007-04-30 19:00:00.000,-122.2009721,55.31801949,,Burnt Pine,Summer,radio-transmitter,Rangifer tarandus,car022,BP_car022,Mountain caribou in British Columbia,-0.005564758
2282777188,TRUE,2007-05-14 21:21:00.000,-122.358002,55.45434732,,Burnt Pine,Summer,radio-transmitter,Rangifer tarandus,car022,BP_car022,Mountain caribou in British Columbia,-0.025411457
2282777189,TRUE,2007-05-29 19:12:00.000,-122.4473573,55.40451607,,Burnt Pine,Summer,radio-transmitter,Rangifer tarandus,car022,BP_car022,Mountain caribou in British Columbia,0.058032304
2282777190,TRUE,2007-06-25 00:20:00.000,-122.4585243,55.40437731,,Burnt Pine,Summer,radio-transmitter,Rangifer tarandus,car022,BP_car022,Mountain caribou in British Columbia,0.369688336
2282777191,TRUE,2007-07-07 21:36:00.000,-122.45981,55.45135245,,Burnt Pine,Summer,radio-transmitter,Rangifer tarandus,car022,BP_car022,Mountain caribou in British Columbia,0.500471914
2282777192,TRUE,2007-07-28 03:05:00.000,-122.4723692,55.42133139,,Burnt Pine,Summer,radio-transmitter,Rangifer tarandus,car022,BP_car022,Mountain caribou in British Columbia,0.654538898
2282777193,TRUE,2007-09-02 03:40:00.000,-122.4606328,55.45478869,,Burnt Pine,Summer,radio-transmitter,Rangifer tarandus,car022,BP_car022,Mountain caribou in British Columbia,0.735206993
2282777194,TRUE,2007-09-16 01:45:00.000,-122.473928,55.45856671,,Burnt Pine,Summer,radio-transmitter,Rangifer tarandus,car022,BP_car022,Mountain caribou in British Columbia,0.672477658
2282777195,TRUE,2007-10-12 19:00:00.000,-122.4771509,55.46000028,,Burnt Pine,Summer,radio-transmitter,Rangifer tarandus,car022,BP_car022,Mountain caribou in British Columbia,0.271407334
2282777196,TRUE,2015-01-06 21:35:00.000,-122.2364044,55.45850157,,Burnt Pine,Winter,radio-transmitter,Rangifer tarandus,car022,BP_car022,Mountain caribou in British Columbia,0.033627574
2282777197,TRUE,2015-01-23 17:36:00.000,-122.2368377,55.46226942,,Burnt Pine,Winter,radio-transmitter,Rangifer tarandus,car022,BP_car022,Mountain caribou in British Columbia,0.067211762
2282777198,TRUE,2015-02-17 19:38:00.000,-122.3495421,55.43323056,,Burnt Pine,Winter,radio-transmitter,Rangifer tarandus,car022,BP_car022,Mountain caribou in British Columbia,0.124923213
2282777199,TRUE,2015-03-04 21:54:00.000,-122.2831831,55.38692306,,Burnt Pine,Winter,radio-transmitter,Rangifer tarandus,car022,BP_car022,Mountain caribou in British Columbia,0.091078071
2282777200,TRUE,2015-03-22 20:44:00.000,-122.2837604,55.39602935,,Burnt Pine,Winter,radio-transmitter,Rangifer tarandus,car022,BP_car022,Mountain caribou in British Columbia,0.024392711
2282777201,TRUE,2003-03-27 20:00:00.000,-122.2841105,55.33994002,,Burnt Pine,Winter,radio-transmitter,Rangifer tarandus,car023,BP_car023,Mountain caribou in British Columbia,0.040779775
2282777202,TRUE,2003-04-17 19:00:00.000,-122.2742728,55.32609719,,Burnt Pine,Summer,radio-transmitter,Rangifer tarandus,car023,BP_car023,Mountain caribou in British Columbia,0.001438594
2282777203,TRUE,2003-05-21 19:00:00.000,-122.2666799,55.30197779,,Burnt Pine,Summer,radio-transmitter,Rangifer tarandus,car023,BP_car023,Mountain caribou in British Columbia,-0.026112812
2282777204,TRUE,2003-06-04 19:00:00.000,-122.3155293,55.30542443,,Burnt Pine,Summer,radio-transmitter,Rangifer tarandus,car023,BP_car023,Mountain caribou in British Columbia,0.495596266
2282777205,TRUE,2003-06-19 17:50:00.000,-122.3200963,55.32299994,,Burnt Pine,Summer,radio-transmitter,Rangifer tarandus,car023,BP_car023,Mountain caribou in British Columbia,0.21901563
2282777206,TRUE,2003-07-06 18:01:00.000,-122.3291656,55.31883556,,Burnt Pine,Summer,radio-transmitter,Rangifer tarandus,car023,BP_car023,Mountain caribou in British Columbia,0.753906224
2282777207,TRUE,2003-07-31 22:57:00.000,-122.3496763,55.33559777,,Burnt Pine,Summer,radio-transmitter,Rangifer tarandus,car023,BP_car023,Mountain caribou in British Columbia,0.73506423
2282777208,TRUE,2003-08-25 17:25:00.000,-122.3495735,55.34957064,,Burnt Pine,Summer,radio-transmitter,Rangifer tarandus,car023,BP_car023,Mountain caribou in British Columbia,0.673670446
2282777209,TRUE,2003-12-19 20:30:00.000,-122.0868832,55.34405325,,Burnt Pine,Winter,radio-transmitter,Rangifer tarandus,car032,BP_car032,Mountain caribou in British Columbia,0.108600832
2282777210,TRUE,2003-12-27 18:01:00.000,-122.1299607,55.33552501,,Burnt Pine,Winter,radio-transmitter,Rangifer tarandus,car032,BP_car032,Mountain caribou in British Columbia,-0.081386274
2282777211,TRUE,2004-01-02 19:08:00.000,-122.2792185,55.502406,,Burnt Pine,Winter,radio-transmitter,Rangifer tarandus,car032,BP_car032,Mountain caribou in British Columbia,0.112250088
2282777212,TRUE,2004-01-10 16:54:00.000,-122.2197992,55.48015202,,Burnt Pine,Winter,radio-transmitter,Rangifer tarandus,car032,BP_car032,Mountain caribou in British Columbia,0.008857178
2282777213,TRUE,2004-01-16 20:57:00.000,-122.2384852,55.47115786,,Burnt Pine,Winter,radio-transmitter,Rangifer tarandus,car032,BP_car032,Mountain caribou in British Columbia,0.052553946
2282777214,TRUE,2004-01-26 21:20:00.000,-122.2702368,55.51210254,,Burnt Pine,Winter,radio-transmitter,Rangifer tarandus,car032,BP_car032,Mountain caribou in British Columbia,0.038206804
2282777215,TRUE,2004-02-01 18:40:00.000,-122.2970437,55.53800388,,Burnt Pine,Winter,radio-transmitter,Rangifer tarandus,car032,BP_car032,Mountain caribou in British Columbia,0.197895097
2282777216,TRUE,2004-02-04 20:00:00.000,-122.2851088,55.52856255,,Burnt Pine,Winter,radio-transmitter,Rangifer tarandus,car032,BP_car032,Mountain caribou in British Columbia,0.072479278
2282777217,TRUE,2004-02-08 20:27:00.000,-122.2685941,55.51102342,,Burnt Pine,Winter,radio-transmitter,Rangifer tarandus,car032,BP_car032,Mountain caribou in British Columbia,0.119087344
2282777218,TRUE,2004-02-12 21:20:00.000,-122.2730016,55.521042,,Burnt Pine,Winter,radio-transmitter,Rangifer tarandus,car032,BP_car032,Mountain caribou in British Columbia,0.109956233
2282777219,TRUE,2004-02-21 22:18:00.000,-122.264135,55.50388884,,Burnt Pine,Winter,radio-transmitter,Rangifer tarandus,car032,BP_car032,Mountain caribou in British Columbia,0.073525146
2282777220,TRUE,2004-02-27 17:09:00.000,-122.2712121,55.51416613,,Burnt Pine,Winter,radio-transmitter,Rangifer tarandus,car032,BP_car032,Mountain caribou in British Columbia,0.177684945
2282777221,TRUE,2004-03-06 21:14:00.000,-122.2641296,55.50247802,,Burnt Pine,Winter,radio-transmitter,Rangifer tarandus,car032,BP_car032,Mountain caribou in British Columbia,0.062620177
2282777222,TRUE,2004-03-13 18:02:00.000,-122.261885,55.50229378,,Burnt Pine,Winter,radio-transmitter,Rangifer tarandus,car032,BP_car032,Mountain caribou in British Columbia,0.048787472
2282777223,TRUE,2004-03-23 21:17:00.000,-122.2639021,55.50194648,,Burnt Pine,Winter,radio-transmitter,Rangifer tarandus,car032,BP_car032,Mountain caribou in British Columbia,0.05341974
2282777224,TRUE,2004-03-25 22:35:00.000,-122.2631198,55.50314589,,Burnt Pine,Winter,radio-transmitter,Rangifer tarandus,car032,BP_car032,Mountain caribou in British Columbia,0.052375134
2282777225,TRUE,2004-03-28 18:55:00.000,-122.2649558,55.50062289,,Burnt Pine,Winter,radio-transmitter,Rangifer tarandus,car032,BP_car032,Mountain caribou in British Columbia,0.044950727
2282777226,TRUE,2004-03-29 22:37:00.000,-122.2517275,55.50112687,,Burnt Pine,Winter,radio-transmitter,Rangifer tarandus,car032,BP_car032,Mountain caribou in British Columbia,0.071408087
2282777227,TRUE,2004-04-15 21:15:00.000,-122.2518773,55.49489153,,Burnt Pine,Summer,radio-transmitter,Rangifer tarandus,car032,BP_car032,Mountain caribou in British Columbia,0.112521959
2282777228,TRUE,2004-04-28 18:18:00.000,-122.3555239,55.45117124,,Burnt Pine,Summer,radio-transmitter,Rangifer tarandus,car032,BP_car032,Mountain caribou in British Columbia,0.004741432
2282777229,TRUE,2004-05-11 21:13:00.000,-122.4838231,55.46010947,,Burnt Pine,Summer,radio-transmitter,Rangifer tarandus,car032,BP_car032,Mountain caribou in British Columbia,-0.003348705
2282777230,TRUE,2004-06-03 21:58:00.000,-122.5348988,55.45917299,,Burnt Pine,Summer,radio-transmitter,Rangifer tarandus,car032,BP_car032,Mountain caribou in British Columbia,0.665899745
2282777231,TRUE,2004-06-17 21:12:00.000,-122.5141857,55.43961117,,Burnt Pine,Summer,radio-transmitter,Rangifer tarandus,car032,BP_car032,Mountain caribou in British Columbia,0.737716
2282777232,TRUE,2004-06-30 19:57:00.000,-122.4269833,55.37736548,,Burnt Pine,Summer,radio-transmitter,Rangifer tarandus,car032,BP_car032,Mountain caribou in British Columbia,0.419336534
2282777233,TRUE,2004-07-14 22:48:00.000,-122.2976567,55.29165494,,Burnt Pine,Summer,radio-transmitter,Rangifer tarandus,car032,BP_car032,Mountain caribou in British Columbia,0.813825515
2282777234,TRUE,2004-07-28 23:06:00.000,-122.145661,55.23590529,,Burnt Pine,Summer,radio-transmitter,Rangifer tarandus,car032,BP_car032,Mountain caribou in British Columbia,0.791417686
2282777235,TRUE,2004-08-11 21:42:00.000,-122.2057876,55.25525464,,Burnt Pine,Summer,radio-transmitter,Rangifer tarandus,car032,BP_car032,Mountain caribou in British Columbia,0.796712338
2282777236,TRUE,2004-08-25 19:05:00.000,-122.1498919,55.24250391,,Burnt Pine,Summer,radio-transmitter,Rangifer tarandus,car032,BP_car032,Mountain caribou in British Columbia,0.432880986
2282777237,TRUE,2004-09-12 22:07:00.000,-122.2083417,55.26369142,,Burnt Pine,Summer,radio-transmitter,Rangifer tarandus,car032,BP_car032,Mountain caribou in British Columbia,0.616930404
2282777238,TRUE,2004-09-27 18:17:00.000,-122.4955513,55.47669233,,Burnt Pine,Summer,radio-transmitter,Rangifer tarandus,car032,BP_car032,Mountain caribou in British Columbia,0.653995694
2282777239,TRUE,2004-10-14 19:50:00.000,-122.4271476,55.43914483,,Burnt Pine,Summer,radio-transmitter,Rangifer tarandus,car032,BP_car032,Mountain caribou in British Columbia,0.312430906
2282777240,TRUE,2004-11-06 20:15:00.000,-122.2334696,55.4524536,,Burnt Pine,Winter,radio-transmitter,Rangifer tarandus,car032,BP_car032,Mountain caribou in British Columbia,0.123852718
2282777241,TRUE,2004-12-12 23:35:00.000,-122.1591367,55.32385838,,Burnt Pine,Winter,radio-transmitter,Rangifer tarandus,car032,BP_car032,Mountain caribou in British Columbia,0.009347949
2282777242,TRUE,2005-01-02 21:12:00.000,-122.1702106,55.29998563,,Burnt Pine,Winter,radio-transmitter,Rangifer tarandus,car032,BP_car032,Mountain caribou in British Columbia,-0.026078739
2282777243,TRUE,2005-01-25 20:20:00.000,-122.1693459,55.32177151,,Burnt Pine,Winter,radio-transmitter,Rangifer tarandus,car032,BP_car032,Mountain caribou in British Columbia,NaN
2282777244,TRUE,2005-02-14 23:07:00.000,-122.2220946,55.37158777,,Burnt Pine,Winter,radio-transmitter,Rangifer tarandus,car032,BP_car032,Mountain caribou in British Columbia,0.137770471
2282777245,TRUE,2005-02-21 23:06:00.000,-122.2049404,55.36460299,,Burnt Pine,Winter,radio-transmitter,Rangifer tarandus,car032,BP_car032,Mountain caribou in British Columbia,-8.76E-04
2282777246,TRUE,2005-02-28 21:55:00.000,-122.1962991,55.37062115,,Burnt Pine,Winter,radio-transmitter,Rangifer tarandus,car032,BP_car032,Mountain caribou in British Columbia,0.009819038
2282777247,TRUE,2005-03-12 22:14:00.000,-122.2041256,55.37611797,,Burnt Pine,Winter,radio-transmitter,Rangifer tarandus,car032,BP_car032,Mountain caribou in British Columbia,0.040408781
2282777248,TRUE,2005-03-14 21:47:00.000,-122.2043011,55.37130252,,Burnt Pine,Winter,radio-transmitter,Rangifer tarandus,car032,BP_car032,Mountain caribou in British Columbia,0.024815342
2282777249,TRUE,2005-03-24 17:12:00.000,-122.2034594,55.37235741,,Burnt Pine,Winter,radio-transmitter,Rangifer tarandus,car032,BP_car032,Mountain caribou in British Columbia,0.005898924
2282777250,TRUE,2005-04-14 19:10:00.000,-122.1988419,55.37206664,,Burnt Pine,Summer,radio-transmitter,Rangifer tarandus,car032,BP_car032,Mountain caribou in British Columbia,-0.001096577
2282777251,TRUE,2005-04-14 19:10:00.000,-122.1988419,55.37206664,,Burnt Pine,Summer,radio-transmitter,Rangifer tarandus,car043,BP_car043,Mountain caribou in British Columbia,-0.001096577
2282777252,TRUE,2005-04-18 17:20:00.000,-122.2026382,55.3716062,,Burnt Pine,Summer,radio-transmitter,Rangifer tarandus,car043,BP_car043,Mountain caribou in British Columbia,0.014977605
2282777253,TRUE,2005-05-02 21:46:00.000,-122.4131151,55.50174595,,Burnt Pine,Summer,radio-transmitter,Rangifer tarandus,car043,BP_car043,Mountain caribou in British Columbia,0.129883954
2282777254,TRUE,2005-05-18 21:07:00.000,-122.4065258,55.47356146,,Burnt Pine,Summer,radio-transmitter,Rangifer tarandus,car043,BP_car043,Mountain caribou in British Columbia,0.333679562
2282777255,TRUE,2005-06-08 22:53:00.000,-122.4359435,55.44304065,,Burnt Pine,Summer,radio-transmitter,Rangifer tarandus,car043,BP_car043,Mountain caribou in British Columbia,0.243144172
2282777256,TRUE,2005-06-28 19:00:00.000,-122.4163694,55.43903998,,Burnt Pine,Summer,radio-transmitter,Rangifer tarandus,car043,BP_car043,Mountain caribou in British Columbia,0.649588668
2282777257,TRUE,2005-07-21 19:00:00.000,-122.4146153,55.44755925,,Burnt Pine,Summer,radio-transmitter,Rangifer tarandus,car043,BP_car043,Mountain caribou in British Columbia,0.766227923
2282777258,TRUE,2005-08-10 22:25:00.000,-122.4186781,55.44757862,,Burnt Pine,Summer,radio-transmitter,Rangifer tarandus,car043,BP_car043,Mountain caribou in British Columbia,0.750236355
2282777259,TRUE,2005-08-25 01:31:00.000,-122.4385531,55.46409763,,Burnt Pine,Summer,radio-transmitter,Rangifer tarandus,car043,BP_car043,Mountain caribou in British Columbia,0.751813233
2282777260,TRUE,2005-09-07 01:34:00.000,-122.4354845,55.46079468,,Burnt Pine,Summer,radio-transmitter,Rangifer tarandus,car043,BP_car043,Mountain caribou in British Columbia,0.728062128
2282777261,TRUE,2005-10-18 23:12:00.000,-122.3417097,55.51069235,,Burnt Pine,Summer,radio-transmitter,Rangifer tarandus,car043,BP_car043,Mountain caribou in British Columbia,0.644183254
2282777262,TRUE,2005-11-23 23:20:00.000,-122.2608521,55.49573679,,Burnt Pine,Winter,radio-transmitter,Rangifer tarandus,car043,BP_car043,Mountain caribou in British Columbia,0.08365965
2282777263,TRUE,2005-12-03 22:06:00.000,-122.2337032,55.45427024,,Burnt Pine,Winter,radio-transmitter,Rangifer tarandus,car043,BP_car043,Mountain caribou in British Columbia,0.088418557
2282777264,TRUE,2006-01-03 22:08:00.000,-122.2920789,55.48711506,,Burnt Pine,Winter,radio-transmitter,Rangifer tarandus,car043,BP_car043,Mountain caribou in British Columbia,0.357069781
2282777265,TRUE,2006-01-29 21:12:00.000,-122.2964554,55.48395926,,Burnt Pine,Winter,radio-transmitter,Rangifer tarandus,car043,BP_car043,Mountain caribou in British Columbia,0.251392256
2282777266,TRUE,2006-02-16 20:00:00.000,-122.2867719,55.5040587,,Burnt Pine,Winter,radio-transmitter,Rangifer tarandus,car043,BP_car043,Mountain caribou in British Columbia,0.13611854
2282777267,TRUE,2006-03-19 20:00:00.000,-122.4488143,55.52441228,,Burnt Pine,Winter,radio-transmitter,Rangifer tarandus,car043,BP_car043,Mountain caribou in British Columbia,0.21142688
2282777268,TRUE,2006-04-04 19:00:00.000,-122.3442134,55.44483896,,Burnt Pine,Summer,radio-transmitter,Rangifer tarandus,car043,BP_car043,Mountain caribou in British Columbia,-0.025769644
2282777269,TRUE,2006-04-24 19:00:00.000,-122.3611603,55.46243322,,Burnt Pine,Summer,radio-transmitter,Rangifer tarandus,car043,BP_car043,Mountain caribou in British Columbia,0.031104425
2282777270,TRUE,2006-05-13 19:00:00.000,-122.4220771,55.46812751,,Burnt Pine,Summer,radio-transmitter,Rangifer tarandus,car043,BP_car043,Mountain caribou in British Columbia,0.507704989
2282777271,TRUE,2006-05-30 19:00:00.000,-122.4052348,55.49940756,,Burnt Pine,Summer,radio-transmitter,Rangifer tarandus,car043,BP_car043,Mountain caribou in British Columbia,0.307574461
2282777272,TRUE,2006-06-24 19:00:00.000,-122.360795,55.49478958,,Burnt Pine,Summer,radio-transmitter,Rangifer tarandus,car043,BP_car043,Mountain caribou in British Columbia,0.744883612
2282777273,TRUE,2006-07-16 19:00:00.000,-122.4321561,55.45469583,,Burnt Pine,Summer,radio-transmitter,Rangifer tarandus,car043,BP_car043,Mountain caribou in British Columbia,0.786414414
2282777274,TRUE,2006-08-16 19:00:00.000,-122.4139075,55.44731325,,Burnt Pine,Summer,radio-transmitter,Rangifer tarandus,car043,BP_car043,Mountain caribou in British Columbia,0.636459988
2282777275,TRUE,2006-09-02 19:38:00.000,-122.4166303,55.44707465,,Burnt Pine,Summer,radio-transmitter,Rangifer tarandus,car043,BP_car043,Mountain caribou in British Columbia,0.730769871
2282777276,TRUE,2006-10-04 18:49:00.000,-122.4582478,55.4372826,,Burnt Pine,Summer,radio-transmitter,Rangifer tarandus,car043,BP_car043,Mountain caribou in British Columbia,0.652635879
2282777277,TRUE,1990-04-12 19:00:00.000,-121.5595725,53.83027218,,Hart Ranges,Summer,radio-transmitter,Rangifer tarandus,151,HR_151.000,Mountain caribou in British Columbia,NaN
2282777278,TRUE,1988-03-18 20:00:00.000,-121.8145441,54.32382935,,Hart Ranges,Winter,radio-transmitter,Rangifer tarandus,151.499,HR_151.499,Mountain caribou in British Columbia,NaN
2282777279,TRUE,1988-05-30 19:00:00.000,-121.4361513,54.16491345,,Hart Ranges,Summer,radio-transmitter,Rangifer tarandus,151.499,HR_151.499,Mountain caribou in British Columbia,NaN
2282777280,TRUE,1988-06-14 19:00:00.000,-121.4380208,54.15594899,,Hart Ranges,Summer,radio-transmitter,Rangifer tarandus,151.499,HR_151.499,Mountain caribou in British Columbia,NaN
2282777281,TRUE,1988-07-07 19:00:00.000,-121.4252292,54.17016434,,Hart Ranges,Summer,radio-transmitter,Rangifer tarandus,151.499,HR_151.499,Mountain caribou in British Columbia,NaN
2282777282,TRUE,1988-07-19 19:00:00.000,-121.4317281,54.16036156,,Hart Ranges,Summer,radio-transmitter,Rangifer tarandus,151.499,HR_151.499,Mountain caribou in British Columbia,NaN
2282777283,TRUE,1988-08-22 19:00:00.000,-121.5426457,54.44668702,,Hart Ranges,Summer,radio-transmitter,Rangifer tarandus,151.499,HR_151.499,Mountain caribou in British Columbia,NaN
2282777284,TRUE,1988-09-13 19:00:00.000,-121.5988909,54.1992756,,Hart Ranges,Summer,radio-transmitter,Rangifer tarandus,151.499,HR_151.499,Mountain caribou in British Columbia,NaN
2282777285,TRUE,1988-10-04 19:00:00.000,-121.4150258,54.15654734,,Hart Ranges,Summer,radio-transmitter,Rangifer tarandus,151.499,HR_151.499,Mountain caribou in British Columbia,NaN
2282777286,TRUE,1988-10-18 19:00:00.000,-121.5687898,54.13869848,,Hart Ranges,Summer,radio-transmitter,Rangifer tarandus,151.499,HR_151.499,Mountain caribou in British Columbia,NaN
2282777287,TRUE,1988-11-26 20:00:00.000,-121.5770664,54.20980596,,Hart Ranges,Winter,radio-transmitter,Rangifer tarandus,151.499,HR_151.499,Mountain caribou in British Columbia,NaN
2282777288,TRUE,1988-12-06 20:00:00.000,-121.5830439,54.21437064,,Hart Ranges,Winter,radio-transmitter,Rangifer tarandus,151.499,HR_151.499,Mountain caribou in British Columbia,NaN
2282777289,TRUE,1989-01-07 20:00:00.000,-121.5955731,54.16148528,,Hart Ranges,Winter,radio-transmitter,Rangifer tarandus,151.499,HR_151.499,Mountain caribou in British Columbia,NaN
2282777290,TRUE,1989-02-06 20:00:00.000,-121.5679629,54.20700155,,Hart Ranges,Winter,radio-transmitter,Rangifer tarandus,151.499,HR_151.499,Mountain caribou in British Columbia,NaN
2282777291,TRUE,1989-03-02 20:00:00.000,-121.5084154,54.19998699,,Hart Ranges,Winter,radio-transmitter,Rangifer tarandus,151.499,HR_151.499,Mountain caribou in British Columbia,NaN
2282777292,TRUE,1989-04-10 19:00:00.000,-121.5617072,54.21052242,,Hart Ranges,Summer,radio-transmitter,Rangifer tarandus,151.499,HR_151.499,Mountain caribou in British Columbia,NaN
2282777293,TRUE,1989-05-04 19:00:00.000,-121.5731998,54.89734207,,Hart Ranges,Summer,radio-transmitter,Rangifer tarandus,151.499,HR_151.499,Mountain caribou in British Columbia,NaN
2282777294,TRUE,1989-06-24 19:00:00.000,-121.5460137,54.17707646,,Hart Ranges,Summer,radio-transmitter,Rangifer tarandus,151.499,HR_151.499,Mountain caribou in British Columbia,NaN
2282777295,TRUE,1989-07-30 19:00:00.000,-121.5989821,54.19658012,,Hart Ranges,Summer,radio-transmitter,Rangifer tarandus,151.499,HR_151.499,Mountain caribou in British Columbia,NaN
2282777296,TRUE,1989-08-25 19:00:00.000,-121.5124316,54.21621606,,Hart Ranges,Summer,radio-transmitter,Rangifer tarandus,151.499,HR_151.499,Mountain caribou in British Columbia,NaN
2282777297,TRUE,1989-09-22 19:00:00.000,-121.5898187,54.19557435,,Hart Ranges,Summer,radio-transmitter,Rangifer tarandus,151.499,HR_151.499,Mountain caribou in British Columbia,NaN
2282777298,TRUE,1989-10-27 19:00:00.000,-121.5728088,54.19986826,,Hart Ranges,Summer,radio-transmitter,Rangifer tarandus,151.499,HR_151.499,Mountain caribou in British Columbia,NaN
2282777299,TRUE,1989-11-22 20:00:00.000,-121.6676205,54.25488427,,Hart Ranges,Winter,radio-transmitter,Rangifer tarandus,151.499,HR_151.499,Mountain caribou in British Columbia,NaN
2282777300,TRUE,1989-12-28 20:00:00.000,-121.6703716,54.26480177,,Hart Ranges,Winter,radio-transmitter,Rangifer tarandus,151.499,HR_151.499,Mountain caribou in British Columbia,NaN
2282777301,TRUE,1990-02-08 20:00:00.000,-121.5200003,54.21900583,,Hart Ranges,Winter,radio-transmitter,Rangifer tarandus,151.499,HR_151.499,Mountain caribou in British Columbia,NaN
2282777302,TRUE,1990-02-13 20:00:00.000,-121.5507258,54.21758163,,Hart Ranges,Winter,radio-transmitter,Rangifer tarandus,151.499,HR_151.499,Mountain caribou in British Columbia,NaN
2282777303,TRUE,1990-03-05 20:00:00.000,-121.5851911,54.19641893,,Hart Ranges,Winter,radio-transmitter,Rangifer tarandus,151.499,HR_151.499,Mountain caribou in British Columbia,NaN
2282777304,TRUE,1990-04-12 19:00:00.000,-121.5507258,54.21758163,,Hart Ranges,Summer,radio-transmitter,Rangifer tarandus,151.499,HR_151.499,Mountain caribou in British Columbia,NaN
2282777305,TRUE,1990-05-15 19:00:00.000,-121.6924835,54.34234219,,Hart Ranges,Summer,radio-transmitter,Rangifer tarandus,151.499,HR_151.499,Mountain caribou in British Columbia,NaN
2282777306,TRUE,1990-06-08 19:00:00.000,-121.5321377,54.22274972,,Hart Ranges,Summer,radio-transmitter,Rangifer tarandus,151.499,HR_151.499,Mountain caribou in British Columbia,NaN
2282777307,TRUE,1990-07-19 19:00:00.000,-121.5819727,54.20087533,,Hart Ranges,Summer,radio-transmitter,Rangifer tarandus,151.499,HR_151.499,Mountain caribou in British Columbia,NaN
2282777308,TRUE,1990-08-28 19:00:00.000,-121.5539489,54.2131261,,Hart Ranges,Summer,radio-transmitter,Rangifer tarandus,151.499,HR_151.499,Mountain caribou in British Columbia,NaN
2282777309,TRUE,1990-09-13 19:00:00.000,-121.5586103,54.21138426,,Hart Ranges,Summer,radio-transmitter,Rangifer tarandus,151.499,HR_151.499,Mountain caribou in British Columbia,NaN
2282777310,TRUE,1990-12-12 20:00:00.000,-121.5188079,54.12371199,,Hart Ranges,Winter,radio-transmitter,Rangifer tarandus,151.499,HR_151.499,Mountain caribou in British Columbia,NaN
2282777311,TRUE,1991-01-29 20:00:00.000,-121.4285301,54.16391535,,Hart Ranges,Winter,radio-transmitter,Rangifer tarandus,151.499,HR_151.499,Mountain caribou in British Columbia,NaN
2282777312,TRUE,1991-02-21 20:00:00.000,-121.4880528,54.1278239,,Hart Ranges,Winter,radio-transmitter,Rangifer tarandus,151.499,HR_151.499,Mountain caribou in British Columbia,NaN
2282777313,TRUE,1991-03-27 20:00:00.000,-121.4538305,54.14266999,,Hart Ranges,Winter,radio-transmitter,Rangifer tarandus,151.499,HR_151.499,Mountain caribou in British Columbia,NaN
2282777314,TRUE,1991-04-22 19:00:00.000,-121.564479,54.13055741,,Hart Ranges,Summer,radio-transmitter,Rangifer tarandus,151.499,HR_151.499,Mountain caribou in British Columbia,NaN
2282777315,TRUE,1991-05-29 19:00:00.000,-121.4165909,54.15566906,,Hart Ranges,Summer,radio-transmitter,Rangifer tarandus,151.499,HR_151.499,Mountain caribou in British Columbia,NaN
2282777316,TRUE,1991-07-08 19:00:00.000,-121.5554505,54.21404297,,Hart Ranges,Summer,radio-transmitter,Rangifer tarandus,151.499,HR_151.499,Mountain caribou in British Columbia,NaN
2282777317,TRUE,1991-08-21 19:00:00.000,-121.5721581,54.21873636,,Hart Ranges,Summer,radio-transmitter,Rangifer tarandus,151.499,HR_151.499,Mountain caribou in British Columbia,NaN
2282777318,TRUE,1991-09-24 19:00:00.000,-121.622803,54.3559482,,Hart Ranges,Summer,radio-transmitter,Rangifer tarandus,151.499,HR_151.499,Mountain caribou in British Columbia,NaN
2282777319,TRUE,1991-10-25 19:00:00.000,-121.532592,54.33960486,,Hart Ranges,Summer,radio-transmitter,Rangifer tarandus,151.499,HR_151.499,Mountain caribou in British Columbia,NaN
2282777320,TRUE,1991-11-01 20:00:00.000,-121.8773255,54.33341786,,Hart Ranges,Winter,radio-transmitter,Rangifer tarandus,151.499,HR_151.499,Mountain caribou in British Columbia,NaN
2282777321,TRUE,1991-12-16 20:00:00.000,-121.5107088,54.13619618,,Hart Ranges,Winter,radio-transmitter,Rangifer tarandus,151.499,HR_151.499,Mountain caribou in British Columbia,NaN
2282777322,TRUE,1992-03-03 20:00:00.000,-121.5406466,54.15543894,,Hart Ranges,Winter,radio-transmitter,Rangifer tarandus,151.499,HR_151.499,Mountain caribou in British Columbia,NaN
2282777323,TRUE,1988-03-22 20:00:00.000,-121.0779812,54.15882946,,Hart Ranges,Winter,radio-transmitter,Rangifer tarandus,151.51,HR_151.510,Mountain caribou in British Columbia,NaN
2282777324,TRUE,1988-03-31 20:00:00.000,-121.1113093,54.13328818,,Hart Ranges,Winter,radio-transmitter,Rangifer tarandus,151.51,HR_151.510,Mountain caribou in British Columbia,NaN
2282777325,TRUE,1988-06-14 19:00:00.000,-121.0321659,54.31719876,,Hart Ranges,Summer,radio-transmitter,Rangifer tarandus,151.51,HR_151.510,Mountain caribou in British Columbia,NaN
2282777326,TRUE,1988-07-07 19:00:00.000,-121.0413414,54.31824704,,Hart Ranges,Summer,radio-transmitter,Rangifer tarandus,151.51,HR_151.510,Mountain caribou in British Columbia,NaN
2282777327,TRUE,1988-07-19 19:00:00.000,-120.9956868,54.30850776,,Hart Ranges,Summer,radio-transmitter,Rangifer tarandus,151.51,HR_151.510,Mountain caribou in British Columbia,NaN
2282777328,TRUE,1988-08-22 19:00:00.000,-121.0694179,54.30971065,,Hart Ranges,Summer,radio-transmitter,Rangifer tarandus,151.51,HR_151.510,Mountain caribou in British Columbia,NaN
2282777329,TRUE,1988-09-13 19:00:00.000,-121.0551269,54.31936903,,Hart Ranges,Summer,radio-transmitter,Rangifer tarandus,151.51,HR_151.510,Mountain caribou in British Columbia,NaN
2282777330,TRUE,1988-10-04 19:00:00.000,-121.0881014,54.30461486,,Hart Ranges,Summer,radio-transmitter,Rangifer tarandus,151.51,HR_151.510,Mountain caribou in British Columbia,NaN
2282777331,TRUE,1988-10-18 19:00:00.000,-121.1169978,54.31136183,,Hart Ranges,Summer,radio-transmitter,Rangifer tarandus,151.51,HR_151.510,Mountain caribou in British Columbia,NaN
2282777332,TRUE,1988-12-06 20:00:00.000,-121.3112499,54.26030579,,Hart Ranges,Winter,radio-transmitter,Rangifer tarandus,151.51,HR_151.510,Mountain caribou in British Columbia,NaN
2282777333,TRUE,1989-01-07 20:00:00.000,-121.220654,54.22484454,,Hart Ranges,Winter,radio-transmitter,Rangifer tarandus,151.51,HR_151.510,Mountain caribou in British Columbia,NaN
2282777334,TRUE,1989-02-06 20:00:00.000,-121.1842102,54.25126777,,Hart Ranges,Winter,radio-transmitter,Rangifer tarandus,151.51,HR_151.510,Mountain caribou in British Columbia,NaN
2282777335,TRUE,1989-03-02 20:00:00.000,-121.1994334,54.25419285,,Hart Ranges,Winter,radio-transmitter,Rangifer tarandus,151.51,HR_151.510,Mountain caribou in British Columbia,NaN
2282777336,TRUE,1989-04-10 19:00:00.000,-121.1793706,54.25658814,,Hart Ranges,Summer,radio-transmitter,Rangifer tarandus,151.51,HR_151.510,Mountain caribou in British Columbia,NaN
2282777337,TRUE,1989-05-04 19:00:00.000,-121.1665972,54.16380727,,Hart Ranges,Summer,radio-transmitter,Rangifer tarandus,151.51,HR_151.510,Mountain caribou in British Columbia,NaN
2282777338,TRUE,1989-06-24 19:00:00.000,-121.031737,54.32618089,,Hart Ranges,Summer,radio-transmitter,Rangifer tarandus,151.51,HR_151.510,Mountain caribou in British Columbia,NaN
2282777339,TRUE,1989-07-30 19:00:00.000,-121.1025104,54.32551718,,Hart Ranges,Summer,radio-transmitter,Rangifer tarandus,151.51,HR_151.510,Mountain caribou in British Columbia,NaN
2282777340,TRUE,1989-08-25 19:00:00.000,-120.9375981,54.33269832,,Hart Ranges,Summer,radio-transmitter,Rangifer tarandus,151.51,HR_151.510,Mountain caribou in British Columbia,NaN
2282777341,TRUE,1989-09-22 19:00:00.000,-121.0271269,54.32610558,,Hart Ranges,Summer,radio-transmitter,Rangifer tarandus,151.51,HR_151.510,Mountain caribou in British Columbia,NaN
2282777342,TRUE,1989-10-27 19:00:00.000,-121.056463,54.35624573,,Hart Ranges,Summer,radio-transmitter,Rangifer tarandus,151.51,HR_151.510,Mountain caribou in British Columbia,NaN
2282777343,TRUE,1989-11-22 20:00:00.000,-121.2797367,54.2427814,,Hart Ranges,Winter,radio-transmitter,Rangifer tarandus,151.51,HR_151.510,Mountain caribou in British Columbia,NaN
2282777344,TRUE,1989-12-28 20:00:00.000,-121.2934669,54.24477437,,Hart Ranges,Winter,radio-transmitter,Rangifer tarandus,151.51,HR_151.510,Mountain caribou in British Columbia,NaN
2282777345,TRUE,1990-02-13 20:00:00.000,-121.1898352,54.22798105,,Hart Ranges,Winter,radio-transmitter,Rangifer tarandus,151.51,HR_151.510,Mountain caribou in British Columbia,NaN
2282777346,TRUE,1990-03-05 20:00:00.000,-121.1811421,54.25122151,,Hart Ranges,Winter,radio-transmitter,Rangifer tarandus,151.51,HR_151.510,Mountain caribou in British Columbia,NaN
2282777347,TRUE,1990-04-12 19:00:00.000,-121.179331,54.25748644,,Hart Ranges,Summer,radio-transmitter,Rangifer tarandus,151.51,HR_151.510,Mountain caribou in British Columbia,NaN
2282777348,TRUE,1990-05-15 19:00:00.000,-121.0383514,54.34876138,,Hart Ranges,Summer,radio-transmitter,Rangifer tarandus,151.51,HR_151.510,Mountain caribou in British Columbia,NaN
2282777349,TRUE,1990-06-08 19:00:00.000,-121.0016805,54.37512696,,Hart Ranges,Summer,radio-transmitter,Rangifer tarandus,151.51,HR_151.510,Mountain caribou in British Columbia,NaN
2282777350,TRUE,1990-06-28 19:00:00.000,-121.0653763,54.33032074,,Hart Ranges,Summer,radio-transmitter,Rangifer tarandus,151.51,HR_151.510,Mountain caribou in British Columbia,NaN
2282777351,TRUE,1990-07-19 19:00:00.000,-121.0573954,54.33648483,,Hart Ranges,Summer,radio-transmitter,Rangifer tarandus,151.51,HR_151.510,Mountain caribou in British Columbia,NaN
2282777352,TRUE,1990-08-28 19:00:00.000,-121.0014945,54.34725759,,Hart Ranges,Summer,radio-transmitter,Rangifer tarandus,151.51,HR_151.510,Mountain caribou in British Columbia,NaN
2282777353,TRUE,1990-09-13 19:00:00.000,-120.9963498,54.32649717,,Hart Ranges,Summer,radio-transmitter,Rangifer tarandus,151.51,HR_151.510,Mountain caribou in British Columbia,NaN
2282777354,TRUE,1990-11-01 20:00:00.000,-121.3234894,54.26137552,,Hart Ranges,Winter,radio-transmitter,Rangifer tarandus,151.51,HR_151.510,Mountain caribou in British Columbia,NaN
2282777355,TRUE,1990-12-12 20:00:00.000,-121.2819829,54.26258884,,Hart Ranges,Winter,radio-transmitter,Rangifer tarandus,151.51,HR_151.510,Mountain caribou in British Columbia,NaN
2282777356,TRUE,1991-01-29 20:00:00.000,-121.1824786,54.25573615,,Hart Ranges,Winter,radio-transmitter,Rangifer tarandus,151.51,HR_151.510,Mountain caribou in British Columbia,NaN
2282777357,TRUE,1991-03-27 20:00:00.000,-121.1841312,54.25306437,,Hart Ranges,Winter,radio-transmitter,Rangifer tarandus,151.51,HR_151.510,Mountain caribou in British Columbia,NaN
2282777358,TRUE,1991-04-22 19:00:00.000,-121.2013488,54.2101755,,Hart Ranges,Summer,radio-transmitter,Rangifer tarandus,151.51,HR_151.510,Mountain caribou in British Columbia,NaN
2282777359,TRUE,1991-05-29 19:00:00.000,-121.0978173,54.32724106,,Hart Ranges,Summer,radio-transmitter,Rangifer tarandus,151.51,HR_151.510,Mountain caribou in British Columbia,NaN
2282777360,TRUE,1991-07-08 19:00:00.000,-121.0098685,54.39683605,,Hart Ranges,Summer,radio-transmitter,Rangifer tarandus,151.51,HR_151.510,Mountain caribou in British Columbia,NaN
2282777361,TRUE,1991-08-21 19:00:00.000,-121.017585,54.36460235,,Hart Ranges,Summer,radio-transmitter,Rangifer tarandus,151.51,HR_151.510,Mountain caribou in British Columbia,NaN
2282777362,TRUE,1991-09-24 19:00:00.000,-121.041128,54.32273813,,Hart Ranges,Summer,radio-transmitter,Rangifer tarandus,151.51,HR_151.510,Mountain caribou in British Columbia,NaN
2282777363,TRUE,1991-10-25 19:00:00.000,-121.1961689,54.25863851,,Hart Ranges,Summer,radio-transmitter,Rangifer tarandus,151.51,HR_151.510,Mountain caribou in British Columbia,NaN
2282777364,TRUE,1991-11-01 20:00:00.000,-121.3306539,54.27405916,,Hart Ranges,Winter,radio-transmitter,Rangifer tarandus,151.51,HR_151.510,Mountain caribou in British Columbia,NaN
2282777365,TRUE,1991-12-16 20:00:00.000,-121.387608,54.34943957,,Hart Ranges,Winter,radio-transmitter,Rangifer tarandus,151.51,HR_151.510,Mountain caribou in British Columbia,NaN
2282777366,TRUE,1992-03-03 20:00:00.000,-121.2668149,54.2947314,,Hart Ranges,Winter,radio-transmitter,Rangifer tarandus,151.51,HR_151.510,Mountain caribou in British Columbia,NaN
2282777367,TRUE,1988-03-17 20:00:00.000,-121.8372123,54.39235854,,Hart Ranges,Winter,radio-transmitter,Rangifer tarandus,151.519,HR_151.519,Mountain caribou in British Columbia,NaN
2282777368,TRUE,1988-05-30 19:00:00.000,-121.9087002,54.42628076,,Hart Ranges,Summer,radio-transmitter,Rangifer tarandus,151.519,HR_151.519,Mountain caribou in British Columbia,NaN
2282777369,TRUE,1988-06-14 19:00:00.000,-121.9390344,54.44542529,,Hart Ranges,Summer,radio-transmitter,Rangifer tarandus,151.519,HR_151.519,Mountain caribou in British Columbia,NaN
2282777370,TRUE,1988-07-07 19:00:00.000,-121.895652,54.39560353,,Hart Ranges,Summer,radio-transmitter,Rangifer tarandus,151.519,HR_151.519,Mountain caribou in British Columbia,NaN
2282777371,TRUE,1988-07-19 19:00:00.000,-121.9482392,54.44730331,,Hart Ranges,Summer,radio-transmitter,Rangifer tarandus,151.519,HR_151.519,Mountain caribou in British Columbia,NaN
2282777372,TRUE,1988-08-22 19:00:00.000,-121.8816945,54.45569354,,Hart Ranges,Summer,radio-transmitter,Rangifer tarandus,151.519,HR_151.519,Mountain caribou in British Columbia,NaN
2282777373,TRUE,1988-09-13 19:00:00.000,-121.9452016,54.44547929,,Hart Ranges,Summer,radio-transmitter,Rangifer tarandus,151.519,HR_151.519,Mountain caribou in British Columbia,NaN
2282777374,TRUE,1988-10-04 19:00:00.000,-121.9345256,54.44089174,,Hart Ranges,Summer,radio-transmitter,Rangifer tarandus,151.519,HR_151.519,Mountain caribou in British Columbia,NaN
2282777375,TRUE,1988-10-18 19:00:00.000,-121.8649794,54.44654988,,Hart Ranges,Summer,radio-transmitter,Rangifer tarandus,151.519,HR_151.519,Mountain caribou in British Columbia,NaN
2282777376,TRUE,1988-11-26 20:00:00.000,-121.6916044,54.27312351,,Hart Ranges,Winter,radio-transmitter,Rangifer tarandus,151.519,HR_151.519,Mountain caribou in British Columbia,NaN
2282777377,TRUE,1988-12-06 20:00:00.000,-121.8496562,54.38798378,,Hart Ranges,Winter,radio-transmitter,Rangifer tarandus,151.519,HR_151.519,Mountain caribou in British Columbia,NaN
2282777378,TRUE,1989-01-07 20:00:00.000,-121.8464778,54.44637466,,Hart Ranges,Winter,radio-transmitter,Rangifer tarandus,151.519,HR_151.519,Mountain caribou in British Columbia,NaN
2282777379,TRUE,1989-02-06 20:00:00.000,-121.9974703,54.45221566,,Hart Ranges,Winter,radio-transmitter,Rangifer tarandus,151.519,HR_151.519,Mountain caribou in British Columbia,NaN
2282777380,TRUE,1989-03-02 20:00:00.000,-121.8954047,54.46211108,,Hart Ranges,Winter,radio-transmitter,Rangifer tarandus,151.519,HR_151.519,Mountain caribou in British Columbia,NaN
2282777381,TRUE,1989-04-10 19:00:00.000,-121.8617961,54.45011506,,Hart Ranges,Summer,radio-transmitter,Rangifer tarandus,151.519,HR_151.519,Mountain caribou in British Columbia,NaN
2282777382,TRUE,1989-05-04 19:00:00.000,-121.8080352,54.38937765,,Hart Ranges,Summer,radio-transmitter,Rangifer tarandus,151.519,HR_151.519,Mountain caribou in British Columbia,NaN
2282777383,TRUE,1989-05-31 19:00:00.000,-121.8914198,54.38118415,,Hart Ranges,Summer,radio-transmitter,Rangifer tarandus,151.519,HR_151.519,Mountain caribou in British Columbia,NaN
2282777384,TRUE,1989-06-24 19:00:00.000,-121.9375856,54.44181746,,Hart Ranges,Summer,radio-transmitter,Rangifer tarandus,151.519,HR_151.519,Mountain caribou in British Columbia,NaN
2282777385,TRUE,1989-07-30 19:00:00.000,-121.9079115,54.45593332,,Hart Ranges,Summer,radio-transmitter,Rangifer tarandus,151.519,HR_151.519,Mountain caribou in British Columbia,NaN
2282777386,TRUE,1989-08-25 19:00:00.000,-121.9698482,54.44659071,,Hart Ranges,Summer,radio-transmitter,Rangifer tarandus,151.519,HR_151.519,Mountain caribou in British Columbia,NaN
2282777387,TRUE,1989-09-22 19:00:00.000,-121.9729095,54.44751554,,Hart Ranges,Summer,radio-transmitter,Rangifer tarandus,151.519,HR_151.519,Mountain caribou in British Columbia,NaN
2282777388,TRUE,1989-10-27 19:00:00.000,-121.8724416,54.45560755,,Hart Ranges,Summer,radio-transmitter,Rangifer tarandus,151.519,HR_151.519,Mountain caribou in British Columbia,NaN
2282777389,TRUE,1989-11-22 20:00:00.000,-121.7419942,54.28264798,,Hart Ranges,Winter,radio-transmitter,Rangifer tarandus,151.519,HR_151.519,Mountain caribou in British Columbia,NaN
2282777390,TRUE,1990-02-13 20:00:00.000,-121.9200598,54.46323269,,Hart Ranges,Winter,radio-transmitter,Rangifer tarandus,151.519,HR_151.519,Mountain caribou in British Columbia,NaN
2282777391,TRUE,1990-03-05 20:00:00.000,-121.8094447,54.39388554,,Hart Ranges,Winter,radio-transmitter,Rangifer tarandus,151.519,HR_151.519,Mountain caribou in British Columbia,NaN
2282777392,TRUE,1990-04-12 19:00:00.000,-121.7429872,54.40130119,,Hart Ranges,Summer,radio-transmitter,Rangifer tarandus,151.519,HR_151.519,Mountain caribou in British Columbia,NaN
2282777393,TRUE,1990-05-15 19:00:00.000,-122.0041992,54.49271571,,Hart Ranges,Summer,radio-transmitter,Rangifer tarandus,151.519,HR_151.519,Mountain caribou in British Columbia,NaN
2282777394,TRUE,1990-06-08 19:00:00.000,-121.9962799,54.43782547,,Hart Ranges,Summer,radio-transmitter,Rangifer tarandus,151.519,HR_151.519,Mountain caribou in British Columbia,NaN
2282777395,TRUE,1990-06-28 19:00:00.000,-121.9668324,54.44386864,,Hart Ranges,Summer,radio-transmitter,Rangifer tarandus,151.519,HR_151.519,Mountain caribou in British Columbia,NaN
2282777396,TRUE,1990-07-19 19:00:00.000,-121.9515755,54.4374458,,Hart Ranges,Summer,radio-transmitter,Rangifer tarandus,151.519,HR_151.519,Mountain caribou in British Columbia,NaN
2282777397,TRUE,1990-08-28 19:00:00.000,-121.9652,54.44744976,,Hart Ranges,Summer,radio-transmitter,Rangifer tarandus,151.519,HR_151.519,Mountain caribou in British Columbia,NaN
2282777398,TRUE,1990-09-13 19:00:00.000,-121.9833244,54.4628827,,Hart Ranges,Summer,radio-transmitter,Rangifer tarandus,151.519,HR_151.519,Mountain caribou in British Columbia,NaN
2282777399,TRUE,1990-11-01 20:00:00.000,-121.9999759,54.4126905,,Hart Ranges,Winter,radio-transmitter,Rangifer tarandus,151.519,HR_151.519,Mountain caribou in British Columbia,NaN
2282777400,TRUE,1990-12-12 20:00:00.000,-121.8434195,54.44544664,,Hart Ranges,Winter,radio-transmitter,Rangifer tarandus,151.519,HR_151.519,Mountain caribou in British Columbia,NaN
2282777401,TRUE,1991-01-29 20:00:00.000,-121.6676432,54.39689814,,Hart Ranges,Winter,radio-transmitter,Rangifer tarandus,151.519,HR_151.519,Mountain caribou in British Columbia,NaN
2282777402,TRUE,1991-02-21 20:00:00.000,-121.6433322,54.38674049,,Hart Ranges,Winter,radio-transmitter,Rangifer tarandus,151.519,HR_151.519,Mountain caribou in British Columbia,NaN
2282777403,TRUE,1991-03-27 20:00:00.000,-121.6569231,54.39498175,,Hart Ranges,Winter,radio-transmitter,Rangifer tarandus,151.519,HR_151.519,Mountain caribou in British Columbia,NaN
2282777404,TRUE,1991-04-22 19:00:00.000,-121.9138662,54.46407596,,Hart Ranges,Summer,radio-transmitter,Rangifer tarandus,151.519,HR_151.519,Mountain caribou in British Columbia,NaN
2282777405,TRUE,1991-05-29 19:00:00.000,-121.9578328,54.43390484,,Hart Ranges,Summer,radio-transmitter,Rangifer tarandus,151.519,HR_151.519,Mountain caribou in British Columbia,NaN
2282777406,TRUE,1991-07-08 19:00:00.000,-121.9456402,54.42840639,,Hart Ranges,Summer,radio-transmitter,Rangifer tarandus,151.519,HR_151.519,Mountain caribou in British Columbia,NaN
2282777407,TRUE,1991-08-21 19:00:00.000,-121.9805074,54.45207374,,Hart Ranges,Summer,radio-transmitter,Rangifer tarandus,151.519,HR_151.519,Mountain caribou in British Columbia,NaN
2282777408,TRUE,1991-09-24 19:00:00.000,-121.8594115,54.42492664,,Hart Ranges,Summer,radio-transmitter,Rangifer tarandus,151.519,HR_151.519,Mountain caribou in British Columbia,NaN
2282777409,TRUE,1991-10-25 19:00:00.000,-121.9756793,54.46012183,,Hart Ranges,Summer,radio-transmitter,Rangifer tarandus,151.519,HR_151.519,Mountain caribou in British Columbia,NaN
2282777410,TRUE,1991-11-01 20:00:00.000,-121.981938,54.45657964,,Hart Ranges,Winter,radio-transmitter,Rangifer tarandus,151.519,HR_151.519,Mountain caribou in British Columbia,NaN
2282777411,TRUE,1991-12-16 20:00:00.000,-121.9154087,54.46408981,,Hart Ranges,Winter,radio-transmitter,Rangifer tarandus,151.519,HR_151.519,Mountain caribou in British Columbia,NaN
2282777412,TRUE,1992-03-03 20:00:00.000,-121.694049,54.38999616,,Hart Ranges,Winter,radio-transmitter,Rangifer tarandus,151.519,HR_151.519,Mountain caribou in British Columbia,NaN
2282777413,TRUE,1991-10-25 19:00:00.000,-121.562518,53.83300422,,Hart Ranges,Summer,radio-transmitter,Rangifer tarandus,151.535,HR_151.535,Mountain caribou in British Columbia,NaN
2282777414,TRUE,1988-03-18 20:00:00.000,-121.1098206,54.13236589,,Hart Ranges,Winter,radio-transmitter,Rangifer tarandus,151.54,HR_151.540,Mountain caribou in British Columbia,NaN
2282777415,TRUE,1988-03-31 20:00:00.000,-121.1113093,54.13328818,,Hart Ranges,Winter,radio-transmitter,Rangifer tarandus,151.54,HR_151.540,Mountain caribou in British Columbia,NaN
2282777416,TRUE,1988-05-30 19:00:00.000,-121.1731293,54.3976192,,Hart Ranges,Summer,radio-transmitter,Rangifer tarandus,151.54,HR_151.540,Mountain caribou in British Columbia,NaN
2282777417,TRUE,1988-06-14 19:00:00.000,-121.2305562,54.38768806,,Hart Ranges,Summer,radio-transmitter,Rangifer tarandus,151.54,HR_151.540,Mountain caribou in British Columbia,NaN
2282777418,TRUE,1988-07-07 19:00:00.000,-121.1865944,54.37175472,,Hart Ranges,Summer,radio-transmitter,Rangifer tarandus,151.54,HR_151.540,Mountain caribou in British Columbia,NaN
2282777419,TRUE,1988-07-19 19:00:00.000,-121.1598771,54.38393471,,Hart Ranges,Summer,radio-transmitter,Rangifer tarandus,151.54,HR_151.540,Mountain caribou in British Columbia,NaN
2282777421,TRUE,1988-08-22 19:00:00.000,-121.2578048,54.39887078,,Hart Ranges,Summer,radio-transmitter,Rangifer tarandus,151.54,HR_151.540,Mountain caribou in British Columbia,NaN
2282777422,TRUE,1988-09-13 19:00:00.000,-121.1972068,54.37550922,,Hart Ranges,Summer,radio-transmitter,Rangifer tarandus,151.54,HR_151.540,Mountain caribou in British Columbia,NaN
2282777423,TRUE,1988-10-04 19:00:00.000,-121.1169568,54.31226009,,Hart Ranges,Summer,radio-transmitter,Rangifer tarandus,151.54,HR_151.540,Mountain caribou in British Columbia,NaN
2282777424,TRUE,1988-10-18 19:00:00.000,-121.2067523,54.3684604,,Hart Ranges,Summer,radio-transmitter,Rangifer tarandus,151.54,HR_151.540,Mountain caribou in British Columbia,NaN
2282777425,TRUE,1988-12-06 20:00:00.000,-121.2567605,54.38717045,,Hart Ranges,Winter,radio-transmitter,Rangifer tarandus,151.54,HR_151.540,Mountain caribou in British Columbia,NaN
2282777426,TRUE,1989-01-07 20:00:00.000,-121.2005985,54.36836881,,Hart Ranges,Winter,radio-transmitter,Rangifer tarandus,151.54,HR_151.540,Mountain caribou in British Columbia,NaN
2282777427,TRUE,1989-02-06 20:00:00.000,-121.1729072,54.36795277,,Hart Ranges,Winter,radio-transmitter,Rangifer tarandus,151.54,HR_151.540,Mountain caribou in British Columbia,NaN
2282777428,TRUE,1989-03-02 20:00:00.000,-121.1521015,54.38561369,,Hart Ranges,Winter,radio-transmitter,Rangifer tarandus,151.54,HR_151.540,Mountain caribou in British Columbia,NaN
2282777429,TRUE,1989-04-10 19:00:00.000,-121.1508049,54.38020053,,Hart Ranges,Summer,radio-transmitter,Rangifer tarandus,151.54,HR_151.540,Mountain caribou in British Columbia,NaN
2282777430,TRUE,1989-05-04 19:00:00.000,-121.197443,54.37011948,,Hart Ranges,Summer,radio-transmitter,Rangifer tarandus,151.54,HR_151.540,Mountain caribou in British Columbia,NaN
2282777431,TRUE,1989-05-31 19:00:00.000,-121.2177548,54.36323012,,Hart Ranges,Summer,radio-transmitter,Rangifer tarandus,151.54,HR_151.540,Mountain caribou in British Columbia,NaN
2282777432,TRUE,1989-06-24 19:00:00.000,-121.1652554,54.3669378,,Hart Ranges,Summer,radio-transmitter,Rangifer tarandus,151.54,HR_151.540,Mountain caribou in British Columbia,NaN
2282777433,TRUE,1989-07-30 19:00:00.000,-121.1836363,54.3690136,,Hart Ranges,Summer,radio-transmitter,Rangifer tarandus,151.54,HR_151.540,Mountain caribou in British Columbia,NaN
2282777434,TRUE,1989-08-25 19:00:00.000,-121.1989815,54.37014245,,Hart Ranges,Summer,radio-transmitter,Rangifer tarandus,151.54,HR_151.540,Mountain caribou in British Columbia,NaN
2282777435,TRUE,1989-09-22 19:00:00.000,-121.2548782,54.39523305,,Hart Ranges,Summer,radio-transmitter,Rangifer tarandus,151.54,HR_151.540,Mountain caribou in British Columbia,NaN
2282777436,TRUE,1989-10-27 19:00:00.000,-121.2193319,54.36235453,,Hart Ranges,Summer,radio-transmitter,Rangifer tarandus,151.54,HR_151.540,Mountain caribou in British Columbia,NaN
2282777437,TRUE,1989-11-22 20:00:00.000,-121.2067914,54.3675621,,Hart Ranges,Winter,radio-transmitter,Rangifer tarandus,151.54,HR_151.540,Mountain caribou in British Columbia,NaN
2282777438,TRUE,1989-12-28 20:00:00.000,-121.2071436,54.35947743,,Hart Ranges,Winter,radio-transmitter,Rangifer tarandus,151.54,HR_151.540,Mountain caribou in British Columbia,NaN
2282777439,TRUE,1990-02-13 20:00:00.000,-121.1697106,54.37060098,,Hart Ranges,Winter,radio-transmitter,Rangifer tarandus,151.54,HR_151.540,Mountain caribou in British Columbia,NaN
2282777440,TRUE,1990-03-05 20:00:00.000,-121.1646945,54.37951364,,Hart Ranges,Winter,radio-transmitter,Rangifer tarandus,151.54,HR_151.540,Mountain caribou in British Columbia,NaN
2282777441,TRUE,1990-04-12 19:00:00.000,-121.1887657,54.35740523,,Hart Ranges,Summer,radio-transmitter,Rangifer tarandus,151.54,HR_151.540,Mountain caribou in British Columbia,NaN
2282777442,TRUE,1990-05-15 19:00:00.000,-121.1369148,54.38088582,,Hart Ranges,Summer,radio-transmitter,Rangifer tarandus,151.54,HR_151.540,Mountain caribou in British Columbia,NaN
2282777443,TRUE,1990-06-08 19:00:00.000,-121.1723885,54.37963038,,Hart Ranges,Summer,radio-transmitter,Rangifer tarandus,151.54,HR_151.540,Mountain caribou in British Columbia,NaN
2282777444,TRUE,1990-06-28 19:00:00.000,-121.15194,54.38920676,,Hart Ranges,Summer,radio-transmitter,Rangifer tarandus,151.54,HR_151.540,Mountain caribou in British Columbia,NaN
2282777445,TRUE,1990-07-19 19:00:00.000,-121.1753466,54.38237178,,Hart Ranges,Summer,radio-transmitter,Rangifer tarandus,151.54,HR_151.540,Mountain caribou in British Columbia,NaN
2282777446,TRUE,1990-08-28 19:00:00.000,-121.2021762,54.36749344,,Hart Ranges,Summer,radio-transmitter,Rangifer tarandus,151.54,HR_151.540,Mountain caribou in British Columbia,NaN
2282777447,TRUE,1990-09-13 19:00:00.000,-121.1659584,54.31661077,,Hart Ranges,Summer,radio-transmitter,Rangifer tarandus,151.54,HR_151.540,Mountain caribou in British Columbia,NaN
2282777448,TRUE,1990-11-01 20:00:00.000,-121.3221773,54.36922133,,Hart Ranges,Winter,radio-transmitter,Rangifer tarandus,151.54,HR_151.540,Mountain caribou in British Columbia,NaN
2282777449,TRUE,1990-12-12 20:00:00.000,-121.1567991,54.38388775,,Hart Ranges,Winter,radio-transmitter,Rangifer tarandus,151.54,HR_151.540,Mountain caribou in British Columbia,NaN
2282777450,TRUE,1991-01-29 20:00:00.000,-121.1521015,54.38561369,,Hart Ranges,Winter,radio-transmitter,Rangifer tarandus,151.54,HR_151.540,Mountain caribou in British Columbia,NaN
2282777451,TRUE,1991-02-21 20:00:00.000,-121.1991086,53.48289182,,Hart Ranges,Winter,radio-transmitter,Rangifer tarandus,151.54,HR_151.540,Mountain caribou in British Columbia,NaN
2282777452,TRUE,1991-03-27 20:00:00.000,-121.1630353,54.38218505,,Hart Ranges,Winter,radio-transmitter,Rangifer tarandus,151.54,HR_151.540,Mountain caribou in British Columbia,NaN
2282777453,TRUE,1991-04-22 19:00:00.000,-121.1476058,54.38284813,,Hart Ranges,Summer,radio-transmitter,Rangifer tarandus,151.54,HR_151.540,Mountain caribou in British Columbia,NaN
2282777454,TRUE,1991-05-29 19:00:00.000,-121.2302926,54.35802138,,Hart Ranges,Summer,radio-transmitter,Rangifer tarandus,151.54,HR_151.540,Mountain caribou in British Columbia,NaN
2282777455,TRUE,1991-07-08 19:00:00.000,-121.1442848,54.38819043,,Hart Ranges,Summer,radio-transmitter,Rangifer tarandus,151.54,HR_151.540,Mountain caribou in British Columbia,NaN
2282777456,TRUE,1991-08-21 19:00:00.000,-121.1987455,54.37553219,,Hart Ranges,Summer,radio-transmitter,Rangifer tarandus,151.54,HR_151.540,Mountain caribou in British Columbia,NaN
2282777457,TRUE,1991-09-24 19:00:00.000,-121.1808772,54.36178099,,Hart Ranges,Summer,radio-transmitter,Rangifer tarandus,151.54,HR_151.540,Mountain caribou in British Columbia,NaN
2282777458,TRUE,1991-10-25 19:00:00.000,-121.2566081,54.39076371,,Hart Ranges,Summer,radio-transmitter,Rangifer tarandus,151.54,HR_151.540,Mountain caribou in British Columbia,NaN
2282777459,TRUE,1991-11-01 20:00:00.000,-121.2566081,54.39076371,,Hart Ranges,Winter,radio-transmitter,Rangifer tarandus,151.54,HR_151.540,Mountain caribou in British Columbia,NaN
2282777460,TRUE,1991-12-16 20:00:00.000,-121.2506038,54.38708138,,Hart Ranges,Winter,radio-transmitter,Rangifer tarandus,151.54,HR_151.540,Mountain caribou in British Columbia,NaN
2282777461,TRUE,1992-03-03 20:00:00.000,-121.1490235,54.38556653,,Hart Ranges,Winter,radio-transmitter,Rangifer tarandus,151.54,HR_151.540,Mountain caribou in British Columbia,NaN
2282777462,TRUE,1988-03-16 20:00:00.000,-121.436953,53.57254005,,Hart Ranges,Winter,radio-transmitter,Rangifer tarandus,151.55,HR_151.550,Mountain caribou in British Columbia,NaN
2282777463,TRUE,1988-03-30 20:00:00.000,-121.3602105,53.56521977,,Hart Ranges,Winter,radio-transmitter,Rangifer tarandus,151.55,HR_151.550,Mountain caribou in British Columbia,NaN
2282777464,TRUE,1988-07-07 19:00:00.000,-121.3397455,53.58651262,,Hart Ranges,Summer,radio-transmitter,Rangifer tarandus,151.55,HR_151.550,Mountain caribou in British Columbia,NaN
2282777465,TRUE,1988-07-19 19:00:00.000,-121.3383413,53.58379623,,Hart Ranges,Summer,radio-transmitter,Rangifer tarandus,151.55,HR_151.550,Mountain caribou in British Columbia,NaN
2282777466,TRUE,1988-09-13 19:00:00.000,-121.2221445,53.40052868,,Hart Ranges,Summer,radio-transmitter,Rangifer tarandus,151.55,HR_151.550,Mountain caribou in British Columbia,NaN
2282777467,TRUE,1988-10-04 19:00:00.000,-121.1693718,53.47344986,,Hart Ranges,Summer,radio-transmitter,Rangifer tarandus,151.55,HR_151.550,Mountain caribou in British Columbia,NaN
2282777468,TRUE,1988-10-18 19:00:00.000,-121.4203083,53.49231373,,Hart Ranges,Summer,radio-transmitter,Rangifer tarandus,151.55,HR_151.550,Mountain caribou in British Columbia,NaN
2282777469,TRUE,1988-11-26 20:00:00.000,-121.4330887,53.55451036,,Hart Ranges,Winter,radio-transmitter,Rangifer tarandus,151.55,HR_151.550,Mountain caribou in British Columbia,NaN
2282777470,TRUE,1988-12-06 20:00:00.000,-121.2539399,53.35874471,,Hart Ranges,Winter,radio-transmitter,Rangifer tarandus,151.55,HR_151.550,Mountain caribou in British Columbia,NaN
2282777471,TRUE,1989-01-07 20:00:00.000,-121.4304699,53.54368852,,Hart Ranges,Winter,radio-transmitter,Rangifer tarandus,151.55,HR_151.550,Mountain caribou in British Columbia,NaN
2282777472,TRUE,1989-02-06 20:00:00.000,-121.3264912,53.53958147,,Hart Ranges,Winter,radio-transmitter,Rangifer tarandus,151.55,HR_151.550,Mountain caribou in British Columbia,NaN
2282777473,TRUE,1989-03-02 20:00:00.000,-121.2178956,53.57397152,,Hart Ranges,Winter,radio-transmitter,Rangifer tarandus,151.55,HR_151.550,Mountain caribou in British Columbia,NaN
2282777474,TRUE,1989-04-10 19:00:00.000,-121.2061121,53.60256283,,Hart Ranges,Summer,radio-transmitter,Rangifer tarandus,151.55,HR_151.550,Mountain caribou in British Columbia,NaN
2282777475,TRUE,1989-05-31 19:00:00.000,-121.3081795,53.58247446,,Hart Ranges,Summer,radio-transmitter,Rangifer tarandus,151.55,HR_151.550,Mountain caribou in British Columbia,NaN
2282777476,TRUE,1989-06-24 19:00:00.000,-121.2397373,53.55721432,,Hart Ranges,Summer,radio-transmitter,Rangifer tarandus,151.55,HR_151.550,Mountain caribou in British Columbia,NaN
2282777477,TRUE,1989-07-30 19:00:00.000,-121.346629,53.60368826,,Hart Ranges,Summer,radio-transmitter,Rangifer tarandus,151.55,HR_151.550,Mountain caribou in British Columbia,NaN
2282777478,TRUE,1989-08-25 19:00:00.000,-121.2611934,53.54943741,,Hart Ranges,Summer,radio-transmitter,Rangifer tarandus,151.55,HR_151.550,Mountain caribou in British Columbia,NaN
2282777479,TRUE,1989-09-22 19:00:00.000,-121.4068153,53.49033667,,Hart Ranges,Summer,radio-transmitter,Rangifer tarandus,151.55,HR_151.550,Mountain caribou in British Columbia,NaN
2282777480,TRUE,1989-11-22 20:00:00.000,-121.4418965,53.47911266,,Hart Ranges,Winter,radio-transmitter,Rangifer tarandus,151.55,HR_151.550,Mountain caribou in British Columbia,NaN
2282777481,TRUE,1989-12-28 20:00:00.000,-121.4033079,53.46332069,,Hart Ranges,Winter,radio-transmitter,Rangifer tarandus,151.55,HR_151.550,Mountain caribou in British Columbia,NaN
2282777482,TRUE,1990-02-13 20:00:00.000,-121.350498,53.42664383,,Hart Ranges,Winter,radio-transmitter,Rangifer tarandus,151.55,HR_151.550,Mountain caribou in British Columbia,NaN
2282777483,TRUE,1990-03-05 20:00:00.000,-121.2875704,53.41946505,,Hart Ranges,Winter,radio-transmitter,Rangifer tarandus,151.55,HR_151.550,Mountain caribou in British Columbia,NaN
2282777484,TRUE,1990-04-12 19:00:00.000,-121.2757563,53.41390104,,Hart Ranges,Summer,radio-transmitter,Rangifer tarandus,151.55,HR_151.550,Mountain caribou in British Columbia,NaN
2282777485,TRUE,1990-05-15 19:00:00.000,-121.3527414,53.60197465,,Hart Ranges,Summer,radio-transmitter,Rangifer tarandus,151.55,HR_151.550,Mountain caribou in British Columbia,NaN
2282777486,TRUE,1990-06-08 19:00:00.000,-121.4746707,53.53167518,,Hart Ranges,Summer,radio-transmitter,Rangifer tarandus,151.55,HR_151.550,Mountain caribou in British Columbia,NaN
2282777487,TRUE,1990-07-19 19:00:00.000,-121.3588534,53.60026072,,Hart Ranges,Summer,radio-transmitter,Rangifer tarandus,151.55,HR_151.550,Mountain caribou in British Columbia,NaN
2282777488,TRUE,1990-08-28 19:00:00.000,-121.3618763,53.44388115,,Hart Ranges,Summer,radio-transmitter,Rangifer tarandus,151.55,HR_151.550,Mountain caribou in British Columbia,NaN
2282777489,TRUE,1990-09-13 19:00:00.000,-121.2802316,53.41486459,,Hart Ranges,Summer,radio-transmitter,Rangifer tarandus,151.55,HR_151.550,Mountain caribou in British Columbia,NaN
2282777490,TRUE,1990-11-01 20:00:00.000,-121.270195,53.4767502,,Hart Ranges,Winter,radio-transmitter,Rangifer tarandus,151.55,HR_151.550,Mountain caribou in British Columbia,NaN
2282777491,TRUE,1990-12-12 20:00:00.000,-121.2142493,53.44536109,,Hart Ranges,Winter,radio-transmitter,Rangifer tarandus,151.55,HR_151.550,Mountain caribou in British Columbia,NaN
2282777492,TRUE,1991-02-21 20:00:00.000,-121.3268744,53.4532848,,Hart Ranges,Winter,radio-transmitter,Rangifer tarandus,151.55,HR_151.550,Mountain caribou in British Columbia,NaN
2282777493,TRUE,1991-03-27 20:00:00.000,-121.3414721,53.42651882,,Hart Ranges,Winter,radio-transmitter,Rangifer tarandus,151.55,HR_151.550,Mountain caribou in British Columbia,NaN
2282777494,TRUE,1991-04-22 19:00:00.000,-121.4383889,53.49255137,,Hart Ranges,Summer,radio-transmitter,Rangifer tarandus,151.55,HR_151.550,Mountain caribou in British Columbia,NaN
2282777495,TRUE,1991-05-29 19:00:00.000,-121.3471407,53.43558727,,Hart Ranges,Summer,radio-transmitter,Rangifer tarandus,151.55,HR_151.550,Mountain caribou in British Columbia,NaN
2282777496,TRUE,1991-08-21 19:00:00.000,-121.3752108,53.48901215,,Hart Ranges,Summer,radio-transmitter,Rangifer tarandus,151.55,HR_151.550,Mountain caribou in British Columbia,NaN
2282777497,TRUE,1991-09-24 19:00:00.000,-121.3503241,53.43113636,,Hart Ranges,Summer,radio-transmitter,Rangifer tarandus,151.55,HR_151.550,Mountain caribou in British Columbia,NaN
2282777498,TRUE,1991-11-01 20:00:00.000,-121.484328,53.59921923,,Hart Ranges,Winter,radio-transmitter,Rangifer tarandus,151.55,HR_151.550,Mountain caribou in British Columbia,NaN
2282777499,TRUE,1991-12-16 20:00:00.000,-121.3881832,53.46491553,,Hart Ranges,Winter,radio-transmitter,Rangifer tarandus,151.55,HR_151.550,Mountain caribou in British Columbia,NaN
2282777500,TRUE,1992-03-03 20:00:00.000,-121.4004317,53.45968631,,Hart Ranges,Winter,radio-transmitter,Rangifer tarandus,151.55,HR_151.550,Mountain caribou in British Columbia,NaN
2282777501,TRUE,1988-03-15 20:00:00.000,-121.2768606,53.42380595,,Hart Ranges,Winter,radio-transmitter,Rangifer tarandus,151.559,HR_151.559,Mountain caribou in British Columbia,NaN
2282777502,TRUE,1988-03-30 20:00:00.000,-121.3562727,53.43301636,,Hart Ranges,Winter,radio-transmitter,Rangifer tarandus,151.559,HR_151.559,Mountain caribou in British Columbia,NaN
2282777503,TRUE,1988-05-14 19:00:00.000,-121.2186103,53.37710176,,Hart Ranges,Summer,radio-transmitter,Rangifer tarandus,151.559,HR_151.559,Mountain caribou in British Columbia,NaN
2282777504,TRUE,1988-06-14 19:00:00.000,-121.0189657,53.40272391,,Hart Ranges,Summer,radio-transmitter,Rangifer tarandus,151.559,HR_151.559,Mountain caribou in British Columbia,NaN
2282777505,TRUE,1988-07-07 19:00:00.000,-121.0008265,53.34038746,,Hart Ranges,Summer,radio-transmitter,Rangifer tarandus,151.559,HR_151.559,Mountain caribou in British Columbia,NaN
2282777506,TRUE,1988-07-19 19:00:00.000,-121.0022855,53.34131095,,Hart Ranges,Summer,radio-transmitter,Rangifer tarandus,151.559,HR_151.559,Mountain caribou in British Columbia,NaN
2282777507,TRUE,1988-08-22 19:00:00.000,-120.9492053,53.28916382,,Hart Ranges,Summer,radio-transmitter,Rangifer tarandus,151.559,HR_151.559,Mountain caribou in British Columbia,NaN
2282777508,TRUE,1988-09-13 19:00:00.000,-120.9481972,53.37275884,,Hart Ranges,Summer,radio-transmitter,Rangifer tarandus,151.559,HR_151.559,Mountain caribou in British Columbia,NaN
2282777509,TRUE,1988-10-04 19:00:00.000,-120.8069987,53.25336646,,Hart Ranges,Summer,radio-transmitter,Rangifer tarandus,151.559,HR_151.559,Mountain caribou in British Columbia,NaN
2282777510,TRUE,1988-10-18 19:00:00.000,-120.8200116,53.29226594,,Hart Ranges,Summer,radio-transmitter,Rangifer tarandus,151.559,HR_151.559,Mountain caribou in British Columbia,NaN
2282777511,TRUE,1988-11-26 20:00:00.000,-121.2540134,53.35694777,,Hart Ranges,Winter,radio-transmitter,Rangifer tarandus,151.559,HR_151.559,Mountain caribou in British Columbia,NaN
2282777512,TRUE,1988-12-06 20:00:00.000,-121.2539399,53.35874471,,Hart Ranges,Winter,radio-transmitter,Rangifer tarandus,151.559,HR_151.559,Mountain caribou in British Columbia,NaN
2282777513,TRUE,1989-01-07 20:00:00.000,-121.1500203,53.329309,,Hart Ranges,Winter,radio-transmitter,Rangifer tarandus,151.559,HR_151.559,Mountain caribou in British Columbia,NaN
2282777514,TRUE,1989-02-06 20:00:00.000,-121.1439003,53.33191101,,Hart Ranges,Winter,radio-transmitter,Rangifer tarandus,151.559,HR_151.559,Mountain caribou in British Columbia,NaN
2282777515,TRUE,1989-03-02 20:00:00.000,-121.2022455,53.33729967,,Hart Ranges,Winter,radio-transmitter,Rangifer tarandus,151.559,HR_151.559,Mountain caribou in British Columbia,NaN
2282777516,TRUE,1989-04-10 19:00:00.000,-121.1734951,53.34225708,,Hart Ranges,Summer,radio-transmitter,Rangifer tarandus,151.559,HR_151.559,Mountain caribou in British Columbia,NaN
2282777517,TRUE,1989-05-04 19:00:00.000,-121.3127024,53.39285301,,Hart Ranges,Summer,radio-transmitter,Rangifer tarandus,151.559,HR_151.559,Mountain caribou in British Columbia,NaN
2282777518,TRUE,1989-05-31 19:00:00.000,-121.1567385,53.38245533,,Hart Ranges,Summer,radio-transmitter,Rangifer tarandus,151.559,HR_151.559,Mountain caribou in British Columbia,NaN
2282777519,TRUE,1989-06-24 19:00:00.000,-121.015376,53.38288543,,Hart Ranges,Summer,radio-transmitter,Rangifer tarandus,151.559,HR_151.559,Mountain caribou in British Columbia,NaN
2282777520,TRUE,1989-08-25 19:00:00.000,-120.943036,53.29265379,,Hart Ranges,Summer,radio-transmitter,Rangifer tarandus,151.559,HR_151.559,Mountain caribou in British Columbia,NaN
2282777521,TRUE,1989-09-22 19:00:00.000,-121.3886596,53.45233628,,Hart Ranges,Summer,radio-transmitter,Rangifer tarandus,151.559,HR_151.559,Mountain caribou in British Columbia,NaN
2282777522,TRUE,1989-10-27 19:00:00.000,-121.0420733,53.35815334,,Hart Ranges,Summer,radio-transmitter,Rangifer tarandus,151.559,HR_151.559,Mountain caribou in British Columbia,NaN
2282777523,TRUE,1989-11-22 20:00:00.000,-121.2749663,53.35905053,,Hart Ranges,Winter,radio-transmitter,Rangifer tarandus,151.559,HR_151.559,Mountain caribou in British Columbia,NaN
2282777524,TRUE,1989-12-28 20:00:00.000,-121.3095893,53.39550596,,Hart Ranges,Winter,radio-transmitter,Rangifer tarandus,151.559,HR_151.559,Mountain caribou in British Columbia,NaN
2282777525,TRUE,1990-02-13 20:00:00.000,-121.3400028,53.42559941,,Hart Ranges,Winter,radio-transmitter,Rangifer tarandus,151.559,HR_151.559,Mountain caribou in British Columbia,NaN
2282777526,TRUE,1990-03-05 20:00:00.000,-121.2875704,53.41946505,,Hart Ranges,Winter,radio-transmitter,Rangifer tarandus,151.559,HR_151.559,Mountain caribou in British Columbia,NaN
2282777527,TRUE,1990-04-12 19:00:00.000,-121.3137081,53.40545315,,Hart Ranges,Summer,radio-transmitter,Rangifer tarandus,151.559,HR_151.559,Mountain caribou in British Columbia,NaN
2282777528,TRUE,1990-05-15 19:00:00.000,-121.0825693,53.32644573,,Hart Ranges,Summer,radio-transmitter,Rangifer tarandus,151.559,HR_151.559,Mountain caribou in British Columbia,NaN
2282777529,TRUE,1990-06-08 19:00:00.000,-121.0722704,53.42157718,,Hart Ranges,Summer,radio-transmitter,Rangifer tarandus,151.559,HR_151.559,Mountain caribou in British Columbia,NaN
2282777530,TRUE,1990-07-19 19:00:00.000,-120.9538707,53.31711485,,Hart Ranges,Summer,radio-transmitter,Rangifer tarandus,151.559,HR_151.559,Mountain caribou in British Columbia,NaN
2282777531,TRUE,1990-08-28 19:00:00.000,-120.9475339,53.29273131,,Hart Ranges,Summer,radio-transmitter,Rangifer tarandus,151.559,HR_151.559,Mountain caribou in British Columbia,NaN
2282777532,TRUE,1990-09-13 19:00:00.000,-120.9992698,53.37362607,,Hart Ranges,Summer,radio-transmitter,Rangifer tarandus,151.559,HR_151.559,Mountain caribou in British Columbia,NaN
2282777533,TRUE,1990-11-01 20:00:00.000,-121.265517,53.36970162,,Hart Ranges,Winter,radio-transmitter,Rangifer tarandus,151.559,HR_151.559,Mountain caribou in British Columbia,NaN
2282777534,TRUE,1990-12-12 20:00:00.000,-121.2795081,53.3582171,,Hart Ranges,Winter,radio-transmitter,Rangifer tarandus,151.559,HR_151.559,Mountain caribou in British Columbia,NaN
2282777535,TRUE,1991-01-29 20:00:00.000,-121.1764209,53.34409988,,Hart Ranges,Winter,radio-transmitter,Rangifer tarandus,151.559,HR_151.559,Mountain caribou in British Columbia,NaN
2282777536,TRUE,1991-02-21 20:00:00.000,-121.1657962,53.34663407,,Hart Ranges,Winter,radio-transmitter,Rangifer tarandus,151.559,HR_151.559,Mountain caribou in British Columbia,NaN
2282777537,TRUE,1991-03-27 20:00:00.000,-121.1530218,53.32935551,,Hart Ranges,Winter,radio-transmitter,Rangifer tarandus,151.559,HR_151.559,Mountain caribou in British Columbia,NaN
2282777538,TRUE,1991-05-29 19:00:00.000,-121.004186,53.39708348,,Hart Ranges,Summer,radio-transmitter,Rangifer tarandus,151.559,HR_151.559,Mountain caribou in British Columbia,NaN
2282777539,TRUE,1991-07-08 19:00:00.000,-120.9790618,53.29237082,,Hart Ranges,Summer,radio-transmitter,Rangifer tarandus,151.559,HR_151.559,Mountain caribou in British Columbia,NaN
2282777540,TRUE,1991-08-21 19:00:00.000,-121.0005138,53.28284289,,Hart Ranges,Summer,radio-transmitter,Rangifer tarandus,151.559,HR_151.559,Mountain caribou in British Columbia,NaN
2282777541,TRUE,1991-09-24 19:00:00.000,-121.0825068,53.39477122,,Hart Ranges,Summer,radio-transmitter,Rangifer tarandus,151.559,HR_151.559,Mountain caribou in British Columbia,NaN
2282777542,TRUE,1991-11-01 20:00:00.000,-121.1734567,53.34315551,,Hart Ranges,Winter,radio-transmitter,Rangifer tarandus,151.559,HR_151.559,Mountain caribou in British Columbia,NaN
2282777543,TRUE,1991-12-16 20:00:00.000,-121.1567105,53.34829209,,Hart Ranges,Winter,radio-transmitter,Rangifer tarandus,151.559,HR_151.559,Mountain caribou in British Columbia,NaN
2282777544,TRUE,1992-03-03 20:00:00.000,-121.1336491,53.3946828,,Hart Ranges,Winter,radio-transmitter,Rangifer tarandus,151.559,HR_151.559,Mountain caribou in British Columbia,NaN
2282777545,TRUE,1988-03-15 20:00:00.000,-121.2353924,53.44387735,,Hart Ranges,Winter,radio-transmitter,Rangifer tarandus,151.57,HR_151.570,Mountain caribou in British Columbia,NaN
2282777546,TRUE,1988-03-30 20:00:00.000,-121.2348405,53.38453497,,Hart Ranges,Winter,radio-transmitter,Rangifer tarandus,151.57,HR_151.570,Mountain caribou in British Columbia,NaN
2282777547,TRUE,1988-05-14 19:00:00.000,-121.1871303,53.58699395,,Hart Ranges,Summer,radio-transmitter,Rangifer tarandus,151.57,HR_151.570,Mountain caribou in British Columbia,NaN
2282777548,TRUE,1988-06-14 19:00:00.000,-121.0477138,53.43196652,,Hart Ranges,Summer,radio-transmitter,Rangifer tarandus,151.57,HR_151.570,Mountain caribou in British Columbia,NaN
2282777549,TRUE,1988-07-07 19:00:00.000,-121.0306843,53.50720508,,Hart Ranges,Summer,radio-transmitter,Rangifer tarandus,151.57,HR_151.570,Mountain caribou in British Columbia,NaN
2282777550,TRUE,1988-07-19 19:00:00.000,-121.0859269,53.41909981,,Hart Ranges,Summer,radio-transmitter,Rangifer tarandus,151.57,HR_151.570,Mountain caribou in British Columbia,NaN
2282777551,TRUE,1988-08-22 19:00:00.000,-121.0708478,53.41975615,,Hart Ranges,Summer,radio-transmitter,Rangifer tarandus,151.57,HR_151.570,Mountain caribou in British Columbia,NaN
2282777552,TRUE,1988-09-13 19:00:00.000,-121.0079311,53.445694,,Hart Ranges,Summer,radio-transmitter,Rangifer tarandus,151.57,HR_151.570,Mountain caribou in British Columbia,NaN
2282777553,TRUE,1988-10-04 19:00:00.000,-121.0851094,53.40380327,,Hart Ranges,Summer,radio-transmitter,Rangifer tarandus,151.57,HR_151.570,Mountain caribou in British Columbia,NaN
2282777554,TRUE,1988-10-18 19:00:00.000,-121.2949108,53.42406506,,Hart Ranges,Summer,radio-transmitter,Rangifer tarandus,151.57,HR_151.570,Mountain caribou in British Columbia,NaN
2282777555,TRUE,1988-11-26 20:00:00.000,-121.3162665,53.45493372,,Hart Ranges,Winter,radio-transmitter,Rangifer tarandus,151.57,HR_151.570,Mountain caribou in British Columbia,NaN
2282777556,TRUE,1988-12-06 20:00:00.000,-121.2394229,53.38280464,,Hart Ranges,Winter,radio-transmitter,Rangifer tarandus,151.57,HR_151.570,Mountain caribou in British Columbia,NaN
2282777557,TRUE,1989-01-07 20:00:00.000,-121.2647174,53.42632709,,Hart Ranges,Winter,radio-transmitter,Rangifer tarandus,151.57,HR_151.570,Mountain caribou in British Columbia,NaN
2282777558,TRUE,1989-02-06 20:00:00.000,-121.2815543,53.41937861,,Hart Ranges,Winter,radio-transmitter,Rangifer tarandus,151.57,HR_151.570,Mountain caribou in British Columbia,NaN
2282777559,TRUE,1989-03-02 20:00:00.000,-121.1725362,53.39977955,,Hart Ranges,Winter,radio-transmitter,Rangifer tarandus,151.57,HR_151.570,Mountain caribou in British Columbia,NaN
2282777560,TRUE,1989-04-10 19:00:00.000,-121.1224554,53.37562776,,Hart Ranges,Summer,radio-transmitter,Rangifer tarandus,151.57,HR_151.570,Mountain caribou in British Columbia,NaN
2282777561,TRUE,1989-05-04 19:00:00.000,-121.0564358,53.37277274,,Hart Ranges,Summer,radio-transmitter,Rangifer tarandus,151.57,HR_151.570,Mountain caribou in British Columbia,NaN
2282777562,TRUE,1989-05-31 19:00:00.000,-121.1567385,53.38245533,,Hart Ranges,Summer,radio-transmitter,Rangifer tarandus,151.57,HR_151.570,Mountain caribou in British Columbia,NaN
2282777563,TRUE,1989-06-24 19:00:00.000,-121.110556,53.37274287,,Hart Ranges,Summer,radio-transmitter,Rangifer tarandus,151.57,HR_151.570,Mountain caribou in British Columbia,NaN
2282777564,TRUE,1989-08-25 19:00:00.000,-121.0368941,53.43808234,,Hart Ranges,Summer,radio-transmitter,Rangifer tarandus,151.57,HR_151.570,Mountain caribou in British Columbia,NaN
2282777565,TRUE,1989-09-22 19:00:00.000,-121.3886596,53.45233628,,Hart Ranges,Summer,radio-transmitter,Rangifer tarandus,151.57,HR_151.570,Mountain caribou in British Columbia,NaN
2282777566,TRUE,1989-10-27 19:00:00.000,-121.3917831,53.48923634,,Hart Ranges,Summer,radio-transmitter,Rangifer tarandus,151.57,HR_151.570,Mountain caribou in British Columbia,NaN
2282777567,TRUE,1989-11-22 20:00:00.000,-121.410467,53.47330485,,Hart Ranges,Winter,radio-transmitter,Rangifer tarandus,151.57,HR_151.570,Mountain caribou in British Columbia,NaN
2282777568,TRUE,1989-12-28 20:00:00.000,-121.4033079,53.46332069,,Hart Ranges,Winter,radio-transmitter,Rangifer tarandus,151.57,HR_151.570,Mountain caribou in British Columbia,NaN
2282777569,TRUE,1990-02-13 20:00:00.000,-121.3400028,53.42559941,,Hart Ranges,Winter,radio-transmitter,Rangifer tarandus,151.57,HR_151.570,Mountain caribou in British Columbia,NaN
2282777570,TRUE,1990-03-05 20:00:00.000,-121.2875704,53.41946505,,Hart Ranges,Winter,radio-transmitter,Rangifer tarandus,151.57,HR_151.570,Mountain caribou in British Columbia,NaN
2282777571,TRUE,1990-04-12 19:00:00.000,-121.0472392,53.409483,,Hart Ranges,Summer,radio-transmitter,Rangifer tarandus,151.57,HR_151.570,Mountain caribou in British Columbia,NaN
2282777572,TRUE,1990-05-15 19:00:00.000,-121.1866869,53.52675484,,Hart Ranges,Summer,radio-transmitter,Rangifer tarandus,151.57,HR_151.570,Mountain caribou in British Columbia,NaN
2282777573,TRUE,1990-06-08 19:00:00.000,-121.2038426,53.51352895,,Hart Ranges,Summer,radio-transmitter,Rangifer tarandus,151.57,HR_151.570,Mountain caribou in British Columbia,NaN
2282777574,TRUE,1990-08-28 19:00:00.000,-121.3618763,53.44388115,,Hart Ranges,Summer,radio-transmitter,Rangifer tarandus,151.57,HR_151.570,Mountain caribou in British Columbia,NaN
2282777575,TRUE,1990-09-13 19:00:00.000,-121.2768969,53.42290748,,Hart Ranges,Summer,radio-transmitter,Rangifer tarandus,151.57,HR_151.570,Mountain caribou in British Columbia,NaN
2282777576,TRUE,1990-11-01 20:00:00.000,-121.6313526,53.6791976,,Hart Ranges,Winter,radio-transmitter,Rangifer tarandus,151.57,HR_151.570,Mountain caribou in British Columbia,NaN
2282777577,TRUE,1990-12-12 20:00:00.000,-121.305016,53.5482687,,Hart Ranges,Winter,radio-transmitter,Rangifer tarandus,151.57,HR_151.570,Mountain caribou in British Columbia,NaN
2282777578,TRUE,1991-02-21 20:00:00.000,-121.1747795,53.52297763,,Hart Ranges,Winter,radio-transmitter,Rangifer tarandus,151.57,HR_151.570,Mountain caribou in British Columbia,NaN
2282777579,TRUE,1991-03-27 20:00:00.000,-121.236578,53.48794567,,Hart Ranges,Winter,radio-transmitter,Rangifer tarandus,151.57,HR_151.570,Mountain caribou in British Columbia,NaN
2282777580,TRUE,1991-04-22 19:00:00.000,-121.2119783,53.53522674,,Hart Ranges,Summer,radio-transmitter,Rangifer tarandus,151.57,HR_151.570,Mountain caribou in British Columbia,NaN
2282777581,TRUE,1991-05-29 19:00:00.000,-121.2009422,53.51078835,,Hart Ranges,Summer,radio-transmitter,Rangifer tarandus,151.57,HR_151.570,Mountain caribou in British Columbia,NaN
2282777582,TRUE,1991-07-08 19:00:00.000,-121.1175831,53.45196774,,Hart Ranges,Summer,radio-transmitter,Rangifer tarandus,151.57,HR_151.570,Mountain caribou in British Columbia,NaN
2282777583,TRUE,1991-08-21 19:00:00.000,-121.3752108,53.48901215,,Hart Ranges,Summer,radio-transmitter,Rangifer tarandus,151.57,HR_151.570,Mountain caribou in British Columbia,NaN
2282777584,TRUE,1991-09-24 19:00:00.000,-121.3966418,53.48031191,,Hart Ranges,Summer,radio-transmitter,Rangifer tarandus,151.57,HR_151.570,Mountain caribou in British Columbia,NaN
2282777585,TRUE,1991-10-25 19:00:00.000,-121.3600366,53.56971221,,Hart Ranges,Summer,radio-transmitter,Rangifer tarandus,151.57,HR_151.570,Mountain caribou in British Columbia,NaN
2282777586,TRUE,1991-11-01 20:00:00.000,-121.3622752,53.5508646,,Hart Ranges,Winter,radio-transmitter,Rangifer tarandus,151.57,HR_151.570,Mountain caribou in British Columbia,NaN
2282777587,TRUE,1991-12-16 20:00:00.000,-121.3805518,53.5466187,,Hart Ranges,Winter,radio-transmitter,Rangifer tarandus,151.57,HR_151.570,Mountain caribou in British Columbia,NaN
2282777588,TRUE,1992-03-03 20:00:00.000,-121.1872241,53.51417705,,Hart Ranges,Winter,radio-transmitter,Rangifer tarandus,151.57,HR_151.570,Mountain caribou in British Columbia,NaN
2282777589,TRUE,1988-03-17 20:00:00.000,-121.8568046,54.40782504,,Hart Ranges,Winter,radio-transmitter,Rangifer tarandus,151.579,HR_151.579,Mountain caribou in British Columbia,NaN
2282777590,TRUE,1988-03-31 20:00:00.000,-121.8252789,54.32483315,,Hart Ranges,Winter,radio-transmitter,Rangifer tarandus,151.579,HR_151.579,Mountain caribou in British Columbia,NaN
2282777591,TRUE,1988-06-14 19:00:00.000,-121.6594998,54.31591448,,Hart Ranges,Summer,radio-transmitter,Rangifer tarandus,151.579,HR_151.579,Mountain caribou in British Columbia,NaN
2282777592,TRUE,1988-07-07 19:00:00.000,-121.6820063,54.33324004,,Hart Ranges,Summer,radio-transmitter,Rangifer tarandus,151.579,HR_151.579,Mountain caribou in British Columbia,NaN
2282777593,TRUE,1988-07-19 19:00:00.000,-121.7013705,54.35322392,,Hart Ranges,Summer,radio-transmitter,Rangifer tarandus,151.579,HR_151.579,Mountain caribou in British Columbia,NaN
2282777594,TRUE,1988-08-22 19:00:00.000,-121.724444,54.35346999,,Hart Ranges,Summer,radio-transmitter,Rangifer tarandus,151.579,HR_151.579,Mountain caribou in British Columbia,NaN
2282777595,TRUE,1988-09-13 19:00:00.000,-121.8546882,54.42847709,,Hart Ranges,Summer,radio-transmitter,Rangifer tarandus,151.579,HR_151.579,Mountain caribou in British Columbia,NaN
2282777596,TRUE,1988-10-04 19:00:00.000,-121.8473861,54.41402704,,Hart Ranges,Summer,radio-transmitter,Rangifer tarandus,151.579,HR_151.579,Mountain caribou in British Columbia,NaN
2282777597,TRUE,1988-10-18 19:00:00.000,-121.6876125,54.35037865,,Hart Ranges,Summer,radio-transmitter,Rangifer tarandus,151.579,HR_151.579,Mountain caribou in British Columbia,NaN
2282777598,TRUE,1988-11-26 20:00:00.000,-121.6970685,54.3432906,,Hart Ranges,Winter,radio-transmitter,Rangifer tarandus,151.579,HR_151.579,Mountain caribou in British Columbia,NaN
2282777599,TRUE,1988-12-06 20:00:00.000,-121.8496562,54.38798378,,Hart Ranges,Winter,radio-transmitter,Rangifer tarandus,151.579,HR_151.579,Mountain caribou in British Columbia,NaN
2282777600,TRUE,1989-01-07 20:00:00.000,-121.9866535,54.4530242,,Hart Ranges,Winter,radio-transmitter,Rangifer tarandus,151.579,HR_151.579,Mountain caribou in British Columbia,NaN
2282777601,TRUE,1989-02-06 20:00:00.000,-121.9880627,54.45842862,,Hart Ranges,Winter,radio-transmitter,Rangifer tarandus,151.579,HR_151.579,Mountain caribou in British Columbia,NaN
2282777602,TRUE,1989-03-02 20:00:00.000,-121.8720849,54.41246265,,Hart Ranges,Winter,radio-transmitter,Rangifer tarandus,151.579,HR_151.579,Mountain caribou in British Columbia,NaN
2282777603,TRUE,1989-04-10 19:00:00.000,-121.9819157,54.45747823,,Hart Ranges,Summer,radio-transmitter,Rangifer tarandus,151.579,HR_151.579,Mountain caribou in British Columbia,NaN
2282777604,TRUE,1989-05-31 19:00:00.000,-121.7220313,54.28243806,,Hart Ranges,Summer,radio-transmitter,Rangifer tarandus,151.579,HR_151.579,Mountain caribou in British Columbia,NaN
2282777605,TRUE,1989-06-24 19:00:00.000,-121.6817476,54.34132657,,Hart Ranges,Summer,radio-transmitter,Rangifer tarandus,151.579,HR_151.579,Mountain caribou in British Columbia,NaN
2282777606,TRUE,1989-08-25 19:00:00.000,-121.719941,54.34982707,,Hart Ranges,Summer,radio-transmitter,Rangifer tarandus,151.579,HR_151.579,Mountain caribou in British Columbia,NaN
2282777607,TRUE,1989-09-22 19:00:00.000,-121.663053,54.39594859,,Hart Ranges,Summer,radio-transmitter,Rangifer tarandus,151.579,HR_151.579,Mountain caribou in British Columbia,NaN
2282777608,TRUE,1989-10-27 19:00:00.000,-121.5080917,54.20897155,,Hart Ranges,Summer,radio-transmitter,Rangifer tarandus,151.579,HR_151.579,Mountain caribou in British Columbia,NaN
2282777609,TRUE,1989-11-22 20:00:00.000,-121.5518953,54.14029415,,Hart Ranges,Winter,radio-transmitter,Rangifer tarandus,151.579,HR_151.579,Mountain caribou in British Columbia,NaN
2282777610,TRUE,1989-12-28 20:00:00.000,-121.4642318,54.39897639,,Hart Ranges,Winter,radio-transmitter,Rangifer tarandus,151.579,HR_151.579,Mountain caribou in British Columbia,NaN
2282777611,TRUE,1990-02-13 20:00:00.000,-121.4929029,54.12069377,,Hart Ranges,Winter,radio-transmitter,Rangifer tarandus,151.579,HR_151.579,Mountain caribou in British Columbia,NaN
2282777612,TRUE,1990-03-05 20:00:00.000,-121.492642,54.12788147,,Hart Ranges,Winter,radio-transmitter,Rangifer tarandus,151.579,HR_151.579,Mountain caribou in British Columbia,NaN
2282777613,TRUE,1990-04-12 19:00:00.000,-121.5850398,54.15596884,,Hart Ranges,Summer,radio-transmitter,Rangifer tarandus,151.579,HR_151.579,Mountain caribou in British Columbia,NaN
2282777614,TRUE,1990-05-15 19:00:00.000,-121.6924835,54.34234219,,Hart Ranges,Summer,radio-transmitter,Rangifer tarandus,151.579,HR_151.579,Mountain caribou in British Columbia,NaN
2282777615,TRUE,1990-06-08 19:00:00.000,-121.6834577,54.33595234,,Hart Ranges,Summer,radio-transmitter,Rangifer tarandus,151.579,HR_151.579,Mountain caribou in British Columbia,NaN
2282777616,TRUE,1990-06-28 19:00:00.000,-121.7137886,54.34976166,,Hart Ranges,Summer,radio-transmitter,Rangifer tarandus,151.579,HR_151.579,Mountain caribou in British Columbia,NaN
2282777617,TRUE,1990-07-19 19:00:00.000,-121.6893793,54.34320733,,Hart Ranges,Summer,radio-transmitter,Rangifer tarandus,151.579,HR_151.579,Mountain caribou in British Columbia,NaN
2282777618,TRUE,1990-08-28 19:00:00.000,-121.7276752,54.29867648,,Hart Ranges,Summer,radio-transmitter,Rangifer tarandus,151.579,HR_151.579,Mountain caribou in British Columbia,NaN
2282777619,TRUE,1990-09-13 19:00:00.000,-121.7044187,54.35415549,,Hart Ranges,Summer,radio-transmitter,Rangifer tarandus,151.579,HR_151.579,Mountain caribou in British Columbia,NaN
2282777620,TRUE,1990-11-01 20:00:00.000,-121.7199689,54.34892856,,Hart Ranges,Winter,radio-transmitter,Rangifer tarandus,151.579,HR_151.579,Mountain caribou in British Columbia,NaN
2282777621,TRUE,1990-12-12 20:00:00.000,-121.7537525,54.35107978,,Hart Ranges,Winter,radio-transmitter,Rangifer tarandus,151.579,HR_151.579,Mountain caribou in British Columbia,NaN
2282777622,TRUE,1988-03-22 20:00:00.000,-121.1523888,54.20763669,,Hart Ranges,Winter,radio-transmitter,Rangifer tarandus,151.589,HR_151.589,Mountain caribou in British Columbia,NaN
2282777623,TRUE,1988-03-31 20:00:00.000,-121.1172461,54.23855443,,Hart Ranges,Winter,radio-transmitter,Rangifer tarandus,151.589,HR_151.589,Mountain caribou in British Columbia,NaN
2282777624,TRUE,1988-05-30 19:00:00.000,-121.1504148,54.21749438,,Hart Ranges,Summer,radio-transmitter,Rangifer tarandus,151.589,HR_151.589,Mountain caribou in British Columbia,NaN
2282777625,TRUE,1988-06-14 19:00:00.000,-121.1248322,54.24047054,,Hart Ranges,Summer,radio-transmitter,Rangifer tarandus,151.589,HR_151.589,Mountain caribou in British Columbia,NaN
2282777626,TRUE,1988-07-07 19:00:00.000,-121.1740804,54.20257402,,Hart Ranges,Summer,radio-transmitter,Rangifer tarandus,151.589,HR_151.589,Mountain caribou in British Columbia,NaN
2282777627,TRUE,1988-08-22 19:00:00.000,-121.1510169,54.20402001,,Hart Ranges,Summer,radio-transmitter,Rangifer tarandus,151.589,HR_151.589,Mountain caribou in British Columbia,NaN
2282777628,TRUE,1988-10-04 19:00:00.000,-121.202558,54.1823276,,Hart Ranges,Summer,radio-transmitter,Rangifer tarandus,151.589,HR_151.589,Mountain caribou in British Columbia,NaN
2282777629,TRUE,1988-10-18 19:00:00.000,-121.1721912,54.21063552,,Hart Ranges,Summer,radio-transmitter,Rangifer tarandus,151.589,HR_151.589,Mountain caribou in British Columbia,NaN
2282777630,TRUE,1988-11-26 20:00:00.000,-121.3740852,54.06791039,,Hart Ranges,Winter,radio-transmitter,Rangifer tarandus,151.589,HR_151.589,Mountain caribou in British Columbia,NaN
2282777631,TRUE,1988-12-06 20:00:00.000,-121.5612012,54.1368103,,Hart Ranges,Winter,radio-transmitter,Rangifer tarandus,151.589,HR_151.589,Mountain caribou in British Columbia,NaN
2282777632,TRUE,1989-01-07 20:00:00.000,-121.5727314,54.15762128,,Hart Ranges,Winter,radio-transmitter,Rangifer tarandus,151.589,HR_151.589,Mountain caribou in British Columbia,NaN
2282777633,TRUE,1989-02-06 20:00:00.000,-121.5156587,54.21176159,,Hart Ranges,Winter,radio-transmitter,Rangifer tarandus,151.589,HR_151.589,Mountain caribou in British Columbia,NaN
2282777634,TRUE,1989-03-02 20:00:00.000,-121.5084154,54.19998699,,Hart Ranges,Winter,radio-transmitter,Rangifer tarandus,151.589,HR_151.589,Mountain caribou in British Columbia,NaN
2282777635,TRUE,1989-04-10 19:00:00.000,-121.5617072,54.21052242,,Hart Ranges,Summer,radio-transmitter,Rangifer tarandus,151.589,HR_151.589,Mountain caribou in British Columbia,NaN
2282777636,TRUE,1989-05-04 19:00:00.000,-121.5110602,54.21170484,,Hart Ranges,Summer,radio-transmitter,Rangifer tarandus,151.589,HR_151.589,Mountain caribou in British Columbia,NaN
2282777637,TRUE,1989-05-31 19:00:00.000,-121.2252615,54.18895663,,Hart Ranges,Summer,radio-transmitter,Rangifer tarandus,151.589,HR_151.589,Mountain caribou in British Columbia,NaN
2282777638,TRUE,1989-06-24 19:00:00.000,-121.2215181,54.2760941,,Hart Ranges,Summer,radio-transmitter,Rangifer tarandus,151.589,HR_151.589,Mountain caribou in British Columbia,NaN
2282777639,TRUE,1989-07-30 19:00:00.000,-121.2734181,54.21033112,,Hart Ranges,Summer,radio-transmitter,Rangifer tarandus,151.589,HR_151.589,Mountain caribou in British Columbia,NaN
2282777640,TRUE,1989-08-25 19:00:00.000,-121.1913668,54.1929469,,Hart Ranges,Summer,radio-transmitter,Rangifer tarandus,151.589,HR_151.589,Mountain caribou in British Columbia,NaN
2282777641,TRUE,1989-09-22 19:00:00.000,-121.1838649,54.18923838,,Hart Ranges,Summer,radio-transmitter,Rangifer tarandus,151.589,HR_151.589,Mountain caribou in British Columbia,NaN
2282777642,TRUE,1989-10-27 19:00:00.000,-121.5161275,54.49759689,,Hart Ranges,Summer,radio-transmitter,Rangifer tarandus,151.589,HR_151.589,Mountain caribou in British Columbia,NaN
2282777643,TRUE,1989-11-22 20:00:00.000,-121.53787,54.14731551,,Hart Ranges,Winter,radio-transmitter,Rangifer tarandus,151.589,HR_151.589,Mountain caribou in British Columbia,NaN
2282777644,TRUE,1989-12-28 20:00:00.000,-121.4180188,54.15838446,,Hart Ranges,Winter,radio-transmitter,Rangifer tarandus,151.589,HR_151.589,Mountain caribou in British Columbia,NaN
2282777645,TRUE,1990-02-08 20:00:00.000,-121.5157042,54.1677181,,Hart Ranges,Winter,radio-transmitter,Rangifer tarandus,151.589,HR_151.589,Mountain caribou in British Columbia,NaN
2282777646,TRUE,1990-02-13 20:00:00.000,-121.4865787,54.16825442,,Hart Ranges,Winter,radio-transmitter,Rangifer tarandus,151.589,HR_151.589,Mountain caribou in British Columbia,NaN
2282777647,TRUE,1990-03-05 20:00:00.000,-121.5247316,54.17232334,,Hart Ranges,Winter,radio-transmitter,Rangifer tarandus,151.589,HR_151.589,Mountain caribou in British Columbia,NaN
2282777648,TRUE,1990-04-12 19:00:00.000,-121.1974229,54.2298926,,Hart Ranges,Summer,radio-transmitter,Rangifer tarandus,151.589,HR_151.589,Mountain caribou in British Columbia,NaN
2282777649,TRUE,1990-05-15 19:00:00.000,-121.0403127,54.14563708,,Hart Ranges,Summer,radio-transmitter,Rangifer tarandus,151.589,HR_151.589,Mountain caribou in British Columbia,NaN
2282777650,TRUE,1990-06-08 19:00:00.000,-121.1847338,54.13441803,,Hart Ranges,Summer,radio-transmitter,Rangifer tarandus,151.589,HR_151.589,Mountain caribou in British Columbia,NaN
2282777651,TRUE,1990-07-19 19:00:00.000,-121.1740258,54.13425605,,Hart Ranges,Summer,radio-transmitter,Rangifer tarandus,151.589,HR_151.589,Mountain caribou in British Columbia,NaN
2282777652,TRUE,1990-08-28 19:00:00.000,-121.208506,54.22196783,,Hart Ranges,Summer,radio-transmitter,Rangifer tarandus,151.589,HR_151.589,Mountain caribou in British Columbia,NaN
2282777653,TRUE,1990-09-13 19:00:00.000,-121.2101379,54.18423831,,Hart Ranges,Summer,radio-transmitter,Rangifer tarandus,151.589,HR_151.589,Mountain caribou in British Columbia,NaN
2282777654,TRUE,1990-11-01 20:00:00.000,-121.6265817,54.05757569,,Hart Ranges,Winter,radio-transmitter,Rangifer tarandus,151.589,HR_151.589,Mountain caribou in British Columbia,NaN
2282777655,TRUE,1990-12-12 20:00:00.000,-121.5049568,54.04084426,,Hart Ranges,Winter,radio-transmitter,Rangifer tarandus,151.589,HR_151.589,Mountain caribou in British Columbia,NaN
2282777656,TRUE,1991-01-29 20:00:00.000,-121.3002345,53.93025441,,Hart Ranges,Winter,radio-transmitter,Rangifer tarandus,151.589,HR_151.589,Mountain caribou in British Columbia,NaN
2282777657,TRUE,1991-02-21 20:00:00.000,-121.4381722,53.94830795,,Hart Ranges,Winter,radio-transmitter,Rangifer tarandus,151.589,HR_151.589,Mountain caribou in British Columbia,NaN
2282777658,TRUE,1991-03-27 20:00:00.000,-121.4366827,53.94738967,,Hart Ranges,Winter,radio-transmitter,Rangifer tarandus,151.589,HR_151.589,Mountain caribou in British Columbia,NaN
2282777659,TRUE,1991-05-29 19:00:00.000,-121.2074401,54.2111652,,Hart Ranges,Summer,radio-transmitter,Rangifer tarandus,151.589,HR_151.589,Mountain caribou in British Columbia,NaN
2282777660,TRUE,1991-07-08 19:00:00.000,-121.1962422,54.22178484,,Hart Ranges,Summer,radio-transmitter,Rangifer tarandus,151.589,HR_151.589,Mountain caribou in British Columbia,NaN
2282777661,TRUE,1991-08-21 19:00:00.000,-121.1858295,54.17938003,,Hart Ranges,Summer,radio-transmitter,Rangifer tarandus,151.589,HR_151.589,Mountain caribou in British Columbia,NaN
2282777662,TRUE,1991-09-24 19:00:00.000,-121.1247507,54.24226709,,Hart Ranges,Summer,radio-transmitter,Rangifer tarandus,151.589,HR_151.589,Mountain caribou in British Columbia,NaN
2282777663,TRUE,1991-10-25 19:00:00.000,-121.2193275,54.18437454,,Hart Ranges,Summer,radio-transmitter,Rangifer tarandus,151.589,HR_151.589,Mountain caribou in British Columbia,NaN
2282777664,TRUE,1991-11-01 20:00:00.000,-121.1391198,54.22990515,,Hart Ranges,Winter,radio-transmitter,Rangifer tarandus,151.589,HR_151.589,Mountain caribou in British Columbia,NaN
2282777665,TRUE,1991-12-16 20:00:00.000,-121.4532946,54.15704505,,Hart Ranges,Winter,radio-transmitter,Rangifer tarandus,151.589,HR_151.589,Mountain caribou in British Columbia,NaN
2282777666,TRUE,1992-03-03 20:00:00.000,-121.5406466,54.15543894,,Hart Ranges,Winter,radio-transmitter,Rangifer tarandus,151.589,HR_151.589,Mountain caribou in British Columbia,NaN
2282777667,TRUE,1988-03-15 20:00:00.000,-121.2813731,53.42387099,,Hart Ranges,Winter,radio-transmitter,Rangifer tarandus,151.6,HR_151.600,Mountain caribou in British Columbia,NaN
2282777668,TRUE,1988-03-30 20:00:00.000,-121.3635884,53.43851072,,Hart Ranges,Winter,radio-transmitter,Rangifer tarandus,151.6,HR_151.600,Mountain caribou in British Columbia,NaN
2282777669,TRUE,1988-06-14 19:00:00.000,-120.8810377,53.02903342,,Hart Ranges,Summer,radio-transmitter,Rangifer tarandus,151.6,HR_151.600,Mountain caribou in British Columbia,NaN
2282777670,TRUE,1988-06-28 19:00:00.000,-120.864045,53.01074712,,Hart Ranges,Summer,radio-transmitter,Rangifer tarandus,151.6,HR_151.600,Mountain caribou in British Columbia,NaN
2282777671,TRUE,1988-07-19 19:00:00.000,-120.8401333,53.04178411,,Hart Ranges,Summer,radio-transmitter,Rangifer tarandus,151.6,HR_151.600,Mountain caribou in British Columbia,NaN
2282777672,TRUE,1988-09-13 19:00:00.000,-120.9110198,53.14914368,,Hart Ranges,Summer,radio-transmitter,Rangifer tarandus,151.6,HR_151.600,Mountain caribou in British Columbia,NaN
2282777673,TRUE,1988-10-04 19:00:00.000,-120.9095692,53.14821912,,Hart Ranges,Summer,radio-transmitter,Rangifer tarandus,151.6,HR_151.600,Mountain caribou in British Columbia,NaN
2282777674,TRUE,1988-10-18 19:00:00.000,-120.8699822,53.13223277,,Hart Ranges,Summer,radio-transmitter,Rangifer tarandus,151.6,HR_151.600,Mountain caribou in British Columbia,NaN
2282777675,TRUE,1988-11-26 20:00:00.000,-120.8407859,53.11822017,,Hart Ranges,Winter,radio-transmitter,Rangifer tarandus,151.6,HR_151.600,Mountain caribou in British Columbia,NaN
2282777676,TRUE,1988-12-06 20:00:00.000,-120.8052092,53.14184525,,Hart Ranges,Winter,radio-transmitter,Rangifer tarandus,151.6,HR_151.600,Mountain caribou in British Columbia,NaN
2282777677,TRUE,1989-02-06 20:00:00.000,-120.9923949,53.19999268,,Hart Ranges,Winter,radio-transmitter,Rangifer tarandus,151.6,HR_151.600,Mountain caribou in British Columbia,NaN
2282777678,TRUE,1989-03-02 20:00:00.000,-120.9847459,53.20345979,,Hart Ranges,Winter,radio-transmitter,Rangifer tarandus,151.6,HR_151.600,Mountain caribou in British Columbia,NaN
2282777679,TRUE,1989-04-10 19:00:00.000,-120.9255725,53.15748991,,Hart Ranges,Summer,radio-transmitter,Rangifer tarandus,151.6,HR_151.600,Mountain caribou in British Columbia,NaN
2282777680,TRUE,1989-05-04 19:00:00.000,-120.8612439,53.0071003,,Hart Ranges,Summer,radio-transmitter,Rangifer tarandus,151.6,HR_151.600,Mountain caribou in British Columbia,NaN
2282777681,TRUE,1989-06-24 19:00:00.000,-120.871345,53.04414514,,Hart Ranges,Summer,radio-transmitter,Rangifer tarandus,151.6,HR_151.600,Mountain caribou in British Columbia,NaN
2282777682,TRUE,1989-07-30 19:00:00.000,-120.8979666,53.1408221,,Hart Ranges,Summer,radio-transmitter,Rangifer tarandus,151.6,HR_151.600,Mountain caribou in British Columbia,NaN
2282777683,TRUE,1989-08-25 19:00:00.000,-120.7717804,53.12324192,,Hart Ranges,Summer,radio-transmitter,Rangifer tarandus,151.6,HR_151.600,Mountain caribou in British Columbia,NaN
2282777684,TRUE,1989-09-22 19:00:00.000,-120.7222002,53.09982517,,Hart Ranges,Summer,radio-transmitter,Rangifer tarandus,151.6,HR_151.600,Mountain caribou in British Columbia,NaN
2282777685,TRUE,1989-10-27 19:00:00.000,-120.9886875,53.21521429,,Hart Ranges,Summer,radio-transmitter,Rangifer tarandus,151.6,HR_151.600,Mountain caribou in British Columbia,NaN
2282777686,TRUE,1989-11-22 20:00:00.000,-121.2873006,53.23876058,,Hart Ranges,Winter,radio-transmitter,Rangifer tarandus,151.6,HR_151.600,Mountain caribou in British Columbia,NaN
2282777687,TRUE,1989-12-28 20:00:00.000,-121.1459686,53.11077875,,Hart Ranges,Winter,radio-transmitter,Rangifer tarandus,151.6,HR_151.600,Mountain caribou in British Columbia,NaN
2282777688,TRUE,1990-02-13 20:00:00.000,-121.0971329,53.10011822,,Hart Ranges,Winter,radio-transmitter,Rangifer tarandus,151.6,HR_151.600,Mountain caribou in British Columbia,NaN
2282777689,TRUE,1990-04-12 19:00:00.000,-121.1217655,53.11759172,,Hart Ranges,Summer,radio-transmitter,Rangifer tarandus,151.6,HR_151.600,Mountain caribou in British Columbia,NaN
2282777690,TRUE,1990-05-15 19:00:00.000,-120.8688957,53.03331196,,Hart Ranges,Summer,radio-transmitter,Rangifer tarandus,151.6,HR_151.600,Mountain caribou in British Columbia,NaN
2282777691,TRUE,1990-06-08 19:00:00.000,-120.8554395,53.03396914,,Hart Ranges,Summer,radio-transmitter,Rangifer tarandus,151.6,HR_151.600,Mountain caribou in British Columbia,NaN
2282777692,TRUE,1990-08-28 19:00:00.000,-120.9436223,53.03013227,,Hart Ranges,Summer,radio-transmitter,Rangifer tarandus,151.6,HR_151.600,Mountain caribou in British Columbia,NaN
2282777693,TRUE,1990-09-13 19:00:00.000,-120.8690843,53.9314673,,Hart Ranges,Summer,radio-transmitter,Rangifer tarandus,151.6,HR_151.600,Mountain caribou in British Columbia,NaN
2282777694,TRUE,1990-12-12 20:00:00.000,-120.9301858,53.15487295,,Hart Ranges,Winter,radio-transmitter,Rangifer tarandus,151.6,HR_151.600,Mountain caribou in British Columbia,NaN
2282777695,TRUE,1991-01-29 20:00:00.000,-122.3987886,53.15785839,,Hart Ranges,Winter,radio-transmitter,Rangifer tarandus,151.6,HR_151.600,Mountain caribou in British Columbia,NaN
2282777696,TRUE,1991-02-21 20:00:00.000,-120.8620909,53.11051291,,Hart Ranges,Winter,radio-transmitter,Rangifer tarandus,151.6,HR_151.600,Mountain caribou in British Columbia,NaN
2282777697,TRUE,1991-03-27 20:00:00.000,-120.9053926,53.14185209,,Hart Ranges,Winter,radio-transmitter,Rangifer tarandus,151.6,HR_151.600,Mountain caribou in British Columbia,NaN
2282777698,TRUE,1991-04-22 19:00:00.000,-120.9166488,53.15643501,,Hart Ranges,Summer,radio-transmitter,Rangifer tarandus,151.6,HR_151.600,Mountain caribou in British Columbia,NaN
2282777699,TRUE,1991-05-29 19:00:00.000,-120.7210937,53.03596575,,Hart Ranges,Summer,radio-transmitter,Rangifer tarandus,151.6,HR_151.600,Mountain caribou in British Columbia,NaN
2282777700,TRUE,1991-07-08 19:00:00.000,-120.8609773,53.01249019,,Hart Ranges,Summer,radio-transmitter,Rangifer tarandus,151.6,HR_151.600,Mountain caribou in British Columbia,NaN
2282777701,TRUE,1991-08-21 19:00:00.000,-120.8737531,53.14668571,,Hart Ranges,Summer,radio-transmitter,Rangifer tarandus,151.6,HR_151.600,Mountain caribou in British Columbia,NaN
2282777702,TRUE,1991-09-24 19:00:00.000,-120.8700759,53.03962687,,Hart Ranges,Summer,radio-transmitter,Rangifer tarandus,151.6,HR_151.600,Mountain caribou in British Columbia,NaN
2282777703,TRUE,1991-11-01 20:00:00.000,-120.8609758,53.13297035,,Hart Ranges,Winter,radio-transmitter,Rangifer tarandus,151.6,HR_151.600,Mountain caribou in British Columbia,NaN
2282777704,TRUE,1991-12-16 20:00:00.000,-120.8112305,53.14105702,,Hart Ranges,Winter,radio-transmitter,Rangifer tarandus,151.6,HR_151.600,Mountain caribou in British Columbia,NaN
2282777705,TRUE,1992-03-03 20:00:00.000,-120.9217399,53.14393678,,Hart Ranges,Winter,radio-transmitter,Rangifer tarandus,151.6,HR_151.600,Mountain caribou in British Columbia,NaN
2282777706,TRUE,1988-03-16 20:00:00.000,-121.4371518,53.56714892,,Hart Ranges,Winter,radio-transmitter,Rangifer tarandus,151.609,HR_151.609,Mountain caribou in British Columbia,NaN
2282777707,TRUE,1988-03-30 20:00:00.000,-121.2405545,53.61026613,,Hart Ranges,Winter,radio-transmitter,Rangifer tarandus,151.609,HR_151.609,Mountain caribou in British Columbia,NaN
2282777708,TRUE,1988-05-14 19:00:00.000,-121.1666774,53.64062138,,Hart Ranges,Summer,radio-transmitter,Rangifer tarandus,151.609,HR_151.609,Mountain caribou in British Columbia,NaN
2282777709,TRUE,1988-06-14 19:00:00.000,-121.1785394,53.64619637,,Hart Ranges,Summer,radio-transmitter,Rangifer tarandus,151.609,HR_151.609,Mountain caribou in British Columbia,NaN
2282777710,TRUE,1988-07-07 19:00:00.000,-121.1397027,53.63481122,,Hart Ranges,Summer,radio-transmitter,Rangifer tarandus,151.609,HR_151.609,Mountain caribou in British Columbia,NaN
2282777711,TRUE,1988-07-19 19:00:00.000,-121.1801288,53.64442259,,Hart Ranges,Summer,radio-transmitter,Rangifer tarandus,151.609,HR_151.609,Mountain caribou in British Columbia,NaN
2282777712,TRUE,1988-08-22 19:00:00.000,-121.2047159,53.59984494,,Hart Ranges,Summer,radio-transmitter,Rangifer tarandus,151.609,HR_151.609,Mountain caribou in British Columbia,NaN
2282777713,TRUE,1988-09-13 19:00:00.000,-121.2597094,53.65909063,,Hart Ranges,Summer,radio-transmitter,Rangifer tarandus,151.609,HR_151.609,Mountain caribou in British Columbia,NaN
2282777714,TRUE,1988-10-04 19:00:00.000,-121.1785394,53.64619637,,Hart Ranges,Summer,radio-transmitter,Rangifer tarandus,151.609,HR_151.609,Mountain caribou in British Columbia,NaN
2282777715,TRUE,1988-10-18 19:00:00.000,-121.194734,53.62127031,,Hart Ranges,Summer,radio-transmitter,Rangifer tarandus,151.609,HR_151.609,Mountain caribou in British Columbia,NaN
2282777716,TRUE,1988-12-06 20:00:00.000,-121.3200929,53.62489375,,Hart Ranges,Winter,radio-transmitter,Rangifer tarandus,151.609,HR_151.609,Mountain caribou in British Columbia,NaN
2282777717,TRUE,1989-01-07 20:00:00.000,-121.3311332,53.61336172,,Hart Ranges,Winter,radio-transmitter,Rangifer tarandus,151.609,HR_151.609,Mountain caribou in British Columbia,NaN
2282777718,TRUE,1989-02-06 20:00:00.000,-121.2735638,53.57928292,,Hart Ranges,Winter,radio-transmitter,Rangifer tarandus,151.609,HR_151.609,Mountain caribou in British Columbia,NaN
2282777719,TRUE,1989-03-02 20:00:00.000,-121.1870534,53.58879076,,Hart Ranges,Winter,radio-transmitter,Rangifer tarandus,151.609,HR_151.609,Mountain caribou in British Columbia,NaN
2282777720,TRUE,1989-04-10 19:00:00.000,-121.2177842,53.54070737,,Hart Ranges,Summer,radio-transmitter,Rangifer tarandus,151.609,HR_151.609,Mountain caribou in British Columbia,NaN
2282777721,TRUE,1989-05-04 19:00:00.000,-121.159314,53.63601344,,Hart Ranges,Summer,radio-transmitter,Rangifer tarandus,151.609,HR_151.609,Mountain caribou in British Columbia,NaN
2282777722,TRUE,1989-05-31 19:00:00.000,-121.2102919,53.64667536,,Hart Ranges,Summer,radio-transmitter,Rangifer tarandus,151.609,HR_151.609,Mountain caribou in British Columbia,NaN
2282777723,TRUE,1989-06-24 19:00:00.000,-121.2001668,53.63573581,,Hart Ranges,Summer,radio-transmitter,Rangifer tarandus,151.609,HR_151.609,Mountain caribou in British Columbia,NaN
2282777724,TRUE,1989-07-30 19:00:00.000,-121.1966836,53.64647111,,Hart Ranges,Summer,radio-transmitter,Rangifer tarandus,151.609,HR_151.609,Mountain caribou in British Columbia,NaN
2282777725,TRUE,1989-08-25 19:00:00.000,-121.2076489,53.63764605,,Hart Ranges,Summer,radio-transmitter,Rangifer tarandus,151.609,HR_151.609,Mountain caribou in British Columbia,NaN
2282777726,TRUE,1989-09-22 19:00:00.000,-121.2032055,53.59982227,,Hart Ranges,Summer,radio-transmitter,Rangifer tarandus,151.609,HR_151.609,Mountain caribou in British Columbia,NaN
2282777727,TRUE,1989-10-27 19:00:00.000,-121.3650695,53.67406013,,Hart Ranges,Summer,radio-transmitter,Rangifer tarandus,151.609,HR_151.609,Mountain caribou in British Columbia,NaN
2282777728,TRUE,1989-11-22 20:00:00.000,-121.3402342,53.61258934,,Hart Ranges,Winter,radio-transmitter,Rangifer tarandus,151.609,HR_151.609,Mountain caribou in British Columbia,NaN
2282777729,TRUE,1989-12-28 20:00:00.000,-121.2792376,53.58835442,,Hart Ranges,Winter,radio-transmitter,Rangifer tarandus,151.609,HR_151.609,Mountain caribou in British Columbia,NaN
2282777730,TRUE,1990-02-13 20:00:00.000,-121.2120853,53.56849089,,Hart Ranges,Winter,radio-transmitter,Rangifer tarandus,151.609,HR_151.609,Mountain caribou in British Columbia,NaN
2282777731,TRUE,1990-03-05 20:00:00.000,-121.1802757,53.57070807,,Hart Ranges,Winter,radio-transmitter,Rangifer tarandus,151.609,HR_151.609,Mountain caribou in British Columbia,NaN
2282777732,TRUE,1990-04-12 19:00:00.000,-121.1880527,53.56543221,,Hart Ranges,Summer,radio-transmitter,Rangifer tarandus,151.609,HR_151.609,Mountain caribou in British Columbia,NaN
2282777733,TRUE,1990-05-15 19:00:00.000,-121.2449575,53.64988558,,Hart Ranges,Summer,radio-transmitter,Rangifer tarandus,151.609,HR_151.609,Mountain caribou in British Columbia,NaN
2282777734,TRUE,1990-06-08 19:00:00.000,-121.1847032,53.64359308,,Hart Ranges,Summer,radio-transmitter,Rangifer tarandus,151.609,HR_151.609,Mountain caribou in British Columbia,NaN
2282777735,TRUE,1990-07-19 19:00:00.000,-121.1076618,53.67476339,,Hart Ranges,Summer,radio-transmitter,Rangifer tarandus,151.609,HR_151.609,Mountain caribou in British Columbia,NaN
2282777736,TRUE,1990-08-28 19:00:00.000,-121.2451613,53.60853583,,Hart Ranges,Summer,radio-transmitter,Rangifer tarandus,151.609,HR_151.609,Mountain caribou in British Columbia,NaN
2282777737,TRUE,1990-09-13 19:00:00.000,-121.1865147,53.60136839,,Hart Ranges,Summer,radio-transmitter,Rangifer tarandus,151.609,HR_151.609,Mountain caribou in British Columbia,NaN
2282777738,TRUE,1990-12-12 20:00:00.000,-121.1952867,53.64375313,,Hart Ranges,Winter,radio-transmitter,Rangifer tarandus,151.609,HR_151.609,Mountain caribou in British Columbia,NaN
2282777739,TRUE,1991-02-21 20:00:00.000,-121.1892775,53.64276339,,Hart Ranges,Winter,radio-transmitter,Rangifer tarandus,151.609,HR_151.609,Mountain caribou in British Columbia,NaN
2282777740,TRUE,1991-03-27 20:00:00.000,-121.1806703,53.63184509,,Hart Ranges,Winter,radio-transmitter,Rangifer tarandus,151.609,HR_151.609,Mountain caribou in British Columbia,NaN
2282777741,TRUE,1991-04-22 19:00:00.000,-121.1903773,53.6877288,,Hart Ranges,Summer,radio-transmitter,Rangifer tarandus,151.609,HR_151.609,Mountain caribou in British Columbia,NaN
2282777742,TRUE,1991-05-29 19:00:00.000,-121.1996694,53.64741504,,Hart Ranges,Summer,radio-transmitter,Rangifer tarandus,151.609,HR_151.609,Mountain caribou in British Columbia,NaN
2282777743,TRUE,1991-07-08 19:00:00.000,-121.1716014,53.63170688,,Hart Ranges,Summer,radio-transmitter,Rangifer tarandus,151.609,HR_151.609,Mountain caribou in British Columbia,NaN
2282777744,TRUE,1991-08-21 19:00:00.000,-121.2453103,53.60494212,,Hart Ranges,Summer,radio-transmitter,Rangifer tarandus,151.609,HR_151.609,Mountain caribou in British Columbia,NaN
2282777745,TRUE,1991-09-24 19:00:00.000,-121.1925318,53.6374187,,Hart Ranges,Summer,radio-transmitter,Rangifer tarandus,151.609,HR_151.609,Mountain caribou in British Columbia,NaN
2282777746,TRUE,1991-10-25 19:00:00.000,-121.3160238,53.61315003,,Hart Ranges,Summer,radio-transmitter,Rangifer tarandus,151.609,HR_151.609,Mountain caribou in British Columbia,NaN
2282777747,TRUE,1991-12-16 20:00:00.000,-121.3513811,53.67567034,,Hart Ranges,Winter,radio-transmitter,Rangifer tarandus,151.609,HR_151.609,Mountain caribou in British Columbia,NaN
2282777748,TRUE,1992-03-03 20:00:00.000,-121.208535,53.58102355,,Hart Ranges,Winter,radio-transmitter,Rangifer tarandus,151.609,HR_151.609,Mountain caribou in British Columbia,NaN
2282777749,TRUE,1988-03-15 20:00:00.000,-121.2056459,53.39938282,,Hart Ranges,Winter,radio-transmitter,Rangifer tarandus,151.62,HR_151.620,Mountain caribou in British Columbia,NaN
2282777750,TRUE,1988-03-30 20:00:00.000,-121.2348405,53.38453497,,Hart Ranges,Winter,radio-transmitter,Rangifer tarandus,151.62,HR_151.620,Mountain caribou in British Columbia,NaN
2282777751,TRUE,1988-06-14 19:00:00.000,-121.2548333,53.52057726,,Hart Ranges,Summer,radio-transmitter,Rangifer tarandus,151.62,HR_151.620,Mountain caribou in British Columbia,NaN
2282777752,TRUE,1988-07-07 19:00:00.000,-121.2064777,53.52255846,,Hart Ranges,Summer,radio-transmitter,Rangifer tarandus,151.62,HR_151.620,Mountain caribou in British Columbia,NaN
2282777753,TRUE,1988-07-19 19:00:00.000,-121.3383413,53.58379623,,Hart Ranges,Summer,radio-transmitter,Rangifer tarandus,151.62,HR_151.620,Mountain caribou in British Columbia,NaN
2282777754,TRUE,1988-08-22 19:00:00.000,-121.2425829,53.45207435,,Hart Ranges,Summer,radio-transmitter,Rangifer tarandus,151.62,HR_151.620,Mountain caribou in British Columbia,NaN
2282777755,TRUE,1988-09-13 19:00:00.000,-120.9436043,53.37447789,,Hart Ranges,Summer,radio-transmitter,Rangifer tarandus,151.62,HR_151.620,Mountain caribou in British Columbia,NaN
2282777756,TRUE,1988-10-04 19:00:00.000,-120.9530051,53.36654805,,Hart Ranges,Summer,radio-transmitter,Rangifer tarandus,151.62,HR_151.620,Mountain caribou in British Columbia,NaN
2282777757,TRUE,1988-10-18 19:00:00.000,-121.4203083,53.49231373,,Hart Ranges,Summer,radio-transmitter,Rangifer tarandus,151.62,HR_151.620,Mountain caribou in British Columbia,NaN
2282777758,TRUE,1988-11-26 20:00:00.000,-121.4170262,53.45900838,,Hart Ranges,Winter,radio-transmitter,Rangifer tarandus,151.62,HR_151.620,Mountain caribou in British Columbia,NaN
2282777759,TRUE,1988-12-06 20:00:00.000,-121.4130431,53.48502572,,Hart Ranges,Winter,radio-transmitter,Rangifer tarandus,151.62,HR_151.620,Mountain caribou in British Columbia,NaN
2282777760,TRUE,1989-01-07 20:00:00.000,-121.4285727,53.47264539,,Hart Ranges,Winter,radio-transmitter,Rangifer tarandus,151.62,HR_151.620,Mountain caribou in British Columbia,NaN
2282777761,TRUE,1989-02-06 20:00:00.000,-121.3998572,53.47496117,,Hart Ranges,Winter,radio-transmitter,Rangifer tarandus,151.62,HR_151.620,Mountain caribou in British Columbia,NaN
2282777762,TRUE,1989-03-02 20:00:00.000,-121.2653759,53.41015469,,Hart Ranges,Winter,radio-transmitter,Rangifer tarandus,151.62,HR_151.620,Mountain caribou in British Columbia,NaN
2282777763,TRUE,1989-04-10 19:00:00.000,-121.3323758,53.42819011,,Hart Ranges,Summer,radio-transmitter,Rangifer tarandus,151.62,HR_151.620,Mountain caribou in British Columbia,NaN
2282777764,TRUE,1989-05-04 19:00:00.000,-121.0765417,53.46030405,,Hart Ranges,Summer,radio-transmitter,Rangifer tarandus,151.62,HR_151.620,Mountain caribou in British Columbia,NaN
2282777765,TRUE,1989-05-31 19:00:00.000,-121.1918758,53.54661129,,Hart Ranges,Summer,radio-transmitter,Rangifer tarandus,151.62,HR_151.620,Mountain caribou in British Columbia,NaN
2282777766,TRUE,1989-06-24 19:00:00.000,-121.3571541,53.68294129,,Hart Ranges,Summer,radio-transmitter,Rangifer tarandus,151.62,HR_151.620,Mountain caribou in British Columbia,NaN
2282777767,TRUE,1989-07-30 19:00:00.000,-121.3864598,53.66895661,,Hart Ranges,Summer,radio-transmitter,Rangifer tarandus,151.62,HR_151.620,Mountain caribou in British Columbia,NaN
2282777768,TRUE,1989-08-25 19:00:00.000,-121.4044265,53.63413842,,Hart Ranges,Summer,radio-transmitter,Rangifer tarandus,151.62,HR_151.620,Mountain caribou in British Columbia,NaN
2282777769,TRUE,1989-09-22 19:00:00.000,-121.3883194,53.46132146,,Hart Ranges,Summer,radio-transmitter,Rangifer tarandus,151.62,HR_151.620,Mountain caribou in British Columbia,NaN
2282777770,TRUE,1989-10-27 19:00:00.000,-121.2838938,53.62258218,,Hart Ranges,Summer,radio-transmitter,Rangifer tarandus,151.62,HR_151.620,Mountain caribou in British Columbia,NaN
2282777771,TRUE,1989-11-22 20:00:00.000,-121.3956059,53.66728162,,Hart Ranges,Winter,radio-transmitter,Rangifer tarandus,151.62,HR_151.620,Mountain caribou in British Columbia,NaN
2282777772,TRUE,1989-12-28 20:00:00.000,-121.2792376,53.58835442,,Hart Ranges,Winter,radio-transmitter,Rangifer tarandus,151.62,HR_151.620,Mountain caribou in British Columbia,NaN
2282777773,TRUE,1990-02-13 20:00:00.000,-121.2120853,53.56849089,,Hart Ranges,Winter,radio-transmitter,Rangifer tarandus,151.62,HR_151.620,Mountain caribou in British Columbia,NaN
2282777774,TRUE,1990-03-05 20:00:00.000,-121.1802757,53.57070807,,Hart Ranges,Winter,radio-transmitter,Rangifer tarandus,151.62,HR_151.620,Mountain caribou in British Columbia,NaN
2282777775,TRUE,1990-04-12 19:00:00.000,-121.1880527,53.56543221,,Hart Ranges,Summer,radio-transmitter,Rangifer tarandus,151.62,HR_151.620,Mountain caribou in British Columbia,NaN
2282777776,TRUE,1990-06-08 19:00:00.000,-121.4036121,53.65570233,,Hart Ranges,Summer,radio-transmitter,Rangifer tarandus,151.62,HR_151.620,Mountain caribou in British Columbia,NaN
2282777777,TRUE,1990-07-19 19:00:00.000,-121.3565153,53.66045874,,Hart Ranges,Summer,radio-transmitter,Rangifer tarandus,151.62,HR_151.620,Mountain caribou in British Columbia,NaN
2282777778,TRUE,1990-08-28 19:00:00.000,-121.4281135,53.64793605,,Hart Ranges,Summer,radio-transmitter,Rangifer tarandus,151.62,HR_151.620,Mountain caribou in British Columbia,NaN
2282777779,TRUE,1990-09-13 19:00:00.000,-121.2912453,53.59032449,,Hart Ranges,Summer,radio-transmitter,Rangifer tarandus,151.62,HR_151.620,Mountain caribou in British Columbia,NaN
2282777780,TRUE,1990-11-01 20:00:00.000,-121.25544,53.61587793,,Hart Ranges,Winter,radio-transmitter,Rangifer tarandus,151.62,HR_151.620,Mountain caribou in British Columbia,NaN
2282777781,TRUE,1990-12-12 20:00:00.000,-121.2572471,53.60871248,,Hart Ranges,Winter,radio-transmitter,Rangifer tarandus,151.62,HR_151.620,Mountain caribou in British Columbia,NaN
2282777782,TRUE,1988-03-16 20:00:00.000,-121.4369861,53.57164153,,Hart Ranges,Winter,radio-transmitter,Rangifer tarandus,151.629,HR_151.629,Mountain caribou in British Columbia,NaN
2282777783,TRUE,1988-03-30 20:00:00.000,-121.3274682,53.55307973,,Hart Ranges,Winter,radio-transmitter,Rangifer tarandus,151.629,HR_151.629,Mountain caribou in British Columbia,NaN
2282777784,TRUE,1988-07-19 19:00:00.000,-120.7614846,53.37839297,,Hart Ranges,Summer,radio-transmitter,Rangifer tarandus,151.629,HR_151.629,Mountain caribou in British Columbia,NaN
2282777785,TRUE,1988-09-13 19:00:00.000,-120.7793566,53.32388281,,Hart Ranges,Summer,radio-transmitter,Rangifer tarandus,151.629,HR_151.629,Mountain caribou in British Columbia,NaN
2282777786,TRUE,1988-10-04 19:00:00.000,-120.7754994,53.25368173,,Hart Ranges,Summer,radio-transmitter,Rangifer tarandus,151.629,HR_151.629,Mountain caribou in British Columbia,NaN
2282777787,TRUE,1988-10-18 19:00:00.000,-120.9618868,53.3379304,,Hart Ranges,Summer,radio-transmitter,Rangifer tarandus,151.629,HR_151.629,Mountain caribou in British Columbia,NaN
2282777788,TRUE,1988-11-26 20:00:00.000,-121.3837343,53.46305747,,Hart Ranges,Winter,radio-transmitter,Rangifer tarandus,151.629,HR_151.629,Mountain caribou in British Columbia,NaN
2282777789,TRUE,1988-12-06 20:00:00.000,-121.3332938,53.67362203,,Hart Ranges,Winter,radio-transmitter,Rangifer tarandus,151.629,HR_151.629,Mountain caribou in British Columbia,NaN
2282777790,TRUE,1989-01-07 20:00:00.000,-121.2738201,53.57299379,,Hart Ranges,Winter,radio-transmitter,Rangifer tarandus,151.629,HR_151.629,Mountain caribou in British Columbia,NaN
2282777791,TRUE,1989-02-06 20:00:00.000,-121.3219307,53.54041652,,Hart Ranges,Winter,radio-transmitter,Rangifer tarandus,151.629,HR_151.629,Mountain caribou in British Columbia,NaN
2282777792,TRUE,1989-08-25 19:00:00.000,-120.8401805,53.2791468,,Hart Ranges,Summer,radio-transmitter,Rangifer tarandus,151.629,HR_151.629,Mountain caribou in British Columbia,NaN
2282777793,TRUE,1989-09-22 19:00:00.000,-120.939762,53.23595598,,Hart Ranges,Summer,radio-transmitter,Rangifer tarandus,151.629,HR_151.629,Mountain caribou in British Columbia,NaN
2282777794,TRUE,1990-04-12 19:00:00.000,-121.4301179,53.95988868,,Hart Ranges,Summer,radio-transmitter,Rangifer tarandus,151.635,HR_151.635,Mountain caribou in British Columbia,NaN
2282777795,TRUE,1990-05-15 19:00:00.000,-120.9872755,54.07104808,,Hart Ranges,Summer,radio-transmitter,Rangifer tarandus,151.635,HR_151.635,Mountain caribou in British Columbia,NaN
2282777796,TRUE,1990-11-01 20:00:00.000,-121.5661629,53.99305041,,Hart Ranges,Winter,radio-transmitter,Rangifer tarandus,151.635,HR_151.635,Mountain caribou in British Columbia,NaN
2282777797,TRUE,1990-12-12 20:00:00.000,-121.5661629,53.99305041,,Hart Ranges,Winter,radio-transmitter,Rangifer tarandus,151.635,HR_151.635,Mountain caribou in British Columbia,NaN
2282777798,TRUE,1991-01-29 20:00:00.000,-121.5047524,54.00398752,,Hart Ranges,Winter,radio-transmitter,Rangifer tarandus,151.635,HR_151.635,Mountain caribou in British Columbia,NaN
2282777799,TRUE,1991-02-21 20:00:00.000,-121.5512225,54.02792749,,Hart Ranges,Winter,radio-transmitter,Rangifer tarandus,151.635,HR_151.635,Mountain caribou in British Columbia,NaN
2282777800,TRUE,1991-03-27 20:00:00.000,-121.5111418,53.99597687,,Hart Ranges,Winter,radio-transmitter,Rangifer tarandus,151.635,HR_151.635,Mountain caribou in British Columbia,NaN
2282777801,TRUE,1991-04-22 19:00:00.000,-121.5018634,53.99945711,,Hart Ranges,Summer,radio-transmitter,Rangifer tarandus,151.635,HR_151.635,Mountain caribou in British Columbia,NaN
2282777802,TRUE,1988-03-05 20:00:00.000,-121.395949,53.45872723,,Hart Ranges,Winter,radio-transmitter,Rangifer tarandus,151.641,HR_151.641,Mountain caribou in British Columbia,NaN
2282777803,TRUE,1988-05-14 19:00:00.000,-121.2259642,53.52554622,,Hart Ranges,Summer,radio-transmitter,Rangifer tarandus,151.641,HR_151.641,Mountain caribou in British Columbia,NaN
2282777804,TRUE,1988-06-14 19:00:00.000,-121.189162,53.64545858,,Hart Ranges,Summer,radio-transmitter,Rangifer tarandus,151.641,HR_151.641,Mountain caribou in British Columbia,NaN
2282777805,TRUE,1988-07-07 19:00:00.000,-121.2645416,53.54139522,,Hart Ranges,Summer,radio-transmitter,Rangifer tarandus,151.641,HR_151.641,Mountain caribou in British Columbia,NaN
2282777806,TRUE,1988-07-19 19:00:00.000,-121.3060221,53.5608686,,Hart Ranges,Summer,radio-transmitter,Rangifer tarandus,151.641,HR_151.641,Mountain caribou in British Columbia,NaN
2282777807,TRUE,1988-08-22 19:00:00.000,-121.1940284,53.60238103,,Hart Ranges,Summer,radio-transmitter,Rangifer tarandus,151.641,HR_151.641,Mountain caribou in British Columbia,NaN
2282777808,TRUE,1988-09-13 19:00:00.000,-121.2653759,53.41015469,,Hart Ranges,Summer,radio-transmitter,Rangifer tarandus,151.641,HR_151.641,Mountain caribou in British Columbia,NaN
2282777809,TRUE,1988-10-04 19:00:00.000,-121.1278813,53.45752368,,Hart Ranges,Summer,radio-transmitter,Rangifer tarandus,151.641,HR_151.641,Mountain caribou in British Columbia,NaN
2282777810,TRUE,1988-10-18 19:00:00.000,-121.4203083,53.49231373,,Hart Ranges,Summer,radio-transmitter,Rangifer tarandus,151.641,HR_151.641,Mountain caribou in British Columbia,NaN
2282777811,TRUE,1988-11-26 20:00:00.000,-121.4410297,53.54382667,,Hart Ranges,Winter,radio-transmitter,Rangifer tarandus,151.641,HR_151.641,Mountain caribou in British Columbia,NaN
2282777812,TRUE,1988-12-06 20:00:00.000,-121.2539399,53.35874471,,Hart Ranges,Winter,radio-transmitter,Rangifer tarandus,151.641,HR_151.641,Mountain caribou in British Columbia,NaN
2282777813,TRUE,1989-01-07 20:00:00.000,-121.4304699,53.54368852,,Hart Ranges,Winter,radio-transmitter,Rangifer tarandus,151.641,HR_151.641,Mountain caribou in British Columbia,NaN
2282777814,TRUE,1989-02-06 20:00:00.000,-121.2517071,53.52322854,,Hart Ranges,Winter,radio-transmitter,Rangifer tarandus,151.641,HR_151.641,Mountain caribou in British Columbia,NaN
2282777815,TRUE,1989-03-02 20:00:00.000,-121.1971075,53.56556907,,Hart Ranges,Winter,radio-transmitter,Rangifer tarandus,151.641,HR_151.641,Mountain caribou in British Columbia,NaN
2282777816,TRUE,1989-04-10 19:00:00.000,-121.2177842,53.54070737,,Hart Ranges,Summer,radio-transmitter,Rangifer tarandus,151.641,HR_151.641,Mountain caribou in British Columbia,NaN
2282777817,TRUE,1989-05-04 19:00:00.000,-121.2579591,53.5179259,,Hart Ranges,Summer,radio-transmitter,Rangifer tarandus,151.641,HR_151.641,Mountain caribou in British Columbia,NaN
2282777818,TRUE,1989-07-30 19:00:00.000,-121.2984709,53.59851821,,Hart Ranges,Summer,radio-transmitter,Rangifer tarandus,151.641,HR_151.641,Mountain caribou in British Columbia,NaN
2282777819,TRUE,1989-09-22 19:00:00.000,-121.3883194,53.46132146,,Hart Ranges,Summer,radio-transmitter,Rangifer tarandus,151.641,HR_151.641,Mountain caribou in British Columbia,NaN
2282777820,TRUE,1989-10-27 19:00:00.000,-121.3111637,53.39373025,,Hart Ranges,Summer,radio-transmitter,Rangifer tarandus,151.641,HR_151.641,Mountain caribou in British Columbia,NaN
2282777821,TRUE,1989-11-22 20:00:00.000,-121.3274393,53.43890893,,Hart Ranges,Winter,radio-transmitter,Rangifer tarandus,151.641,HR_151.641,Mountain caribou in British Columbia,NaN
2282777822,TRUE,1989-12-28 20:00:00.000,-121.4033079,53.46332069,,Hart Ranges,Winter,radio-transmitter,Rangifer tarandus,151.641,HR_151.641,Mountain caribou in British Columbia,NaN
2282777823,TRUE,1990-02-13 20:00:00.000,-121.2825513,53.43197889,,Hart Ranges,Winter,radio-transmitter,Rangifer tarandus,151.641,HR_151.641,Mountain caribou in British Columbia,NaN
2282777824,TRUE,1990-03-05 20:00:00.000,-121.2875704,53.41946505,,Hart Ranges,Winter,radio-transmitter,Rangifer tarandus,151.641,HR_151.641,Mountain caribou in British Columbia,NaN
2282777825,TRUE,1990-04-12 19:00:00.000,-121.0472392,53.409483,,Hart Ranges,Summer,radio-transmitter,Rangifer tarandus,151.641,HR_151.641,Mountain caribou in British Columbia,NaN
2282777826,TRUE,1990-05-15 19:00:00.000,-121.2168423,53.52720848,,Hart Ranges,Summer,radio-transmitter,Rangifer tarandus,151.641,HR_151.641,Mountain caribou in British Columbia,NaN
2282777827,TRUE,1990-06-08 19:00:00.000,-121.3939363,53.59174725,,Hart Ranges,Summer,radio-transmitter,Rangifer tarandus,151.641,HR_151.641,Mountain caribou in British Columbia,NaN
2282777828,TRUE,1990-07-19 19:00:00.000,-121.3187841,53.58172501,,Hart Ranges,Summer,radio-transmitter,Rangifer tarandus,151.641,HR_151.641,Mountain caribou in British Columbia,NaN
2282777829,TRUE,1990-08-28 19:00:00.000,-121.2880435,53.59477357,,Hart Ranges,Summer,radio-transmitter,Rangifer tarandus,151.641,HR_151.641,Mountain caribou in British Columbia,NaN
2282777830,TRUE,1990-09-13 19:00:00.000,-121.2912453,53.59032449,,Hart Ranges,Summer,radio-transmitter,Rangifer tarandus,151.641,HR_151.641,Mountain caribou in British Columbia,NaN
2282777831,TRUE,1990-11-01 20:00:00.000,-121.5531032,53.57669832,,Hart Ranges,Winter,radio-transmitter,Rangifer tarandus,151.641,HR_151.641,Mountain caribou in British Columbia,NaN
2282777832,TRUE,1990-12-12 20:00:00.000,-121.305016,53.5482687,,Hart Ranges,Winter,radio-transmitter,Rangifer tarandus,151.641,HR_151.641,Mountain caribou in British Columbia,NaN
2282777833,TRUE,1991-02-21 20:00:00.000,-121.1904823,53.54389323,,Hart Ranges,Winter,radio-transmitter,Rangifer tarandus,151.641,HR_151.641,Mountain caribou in British Columbia,NaN
2282777834,TRUE,1991-03-27 20:00:00.000,-121.236578,53.48794567,,Hart Ranges,Winter,radio-transmitter,Rangifer tarandus,151.641,HR_151.641,Mountain caribou in British Columbia,NaN
2282777835,TRUE,1991-04-22 19:00:00.000,-121.1682945,53.42848296,,Hart Ranges,Summer,radio-transmitter,Rangifer tarandus,151.641,HR_151.641,Mountain caribou in British Columbia,NaN
2282777836,TRUE,1991-05-29 19:00:00.000,-121.4515562,53.58621428,,Hart Ranges,Summer,radio-transmitter,Rangifer tarandus,151.641,HR_151.641,Mountain caribou in British Columbia,NaN
2282777837,TRUE,1991-07-08 19:00:00.000,-121.3742691,53.59238056,,Hart Ranges,Summer,radio-transmitter,Rangifer tarandus,151.641,HR_151.641,Mountain caribou in British Columbia,NaN
2282777838,TRUE,1991-08-21 19:00:00.000,-121.3026778,53.60666869,,Hart Ranges,Summer,radio-transmitter,Rangifer tarandus,151.641,HR_151.641,Mountain caribou in British Columbia,NaN
2282777839,TRUE,1991-09-24 19:00:00.000,-121.1984057,53.53502297,,Hart Ranges,Summer,radio-transmitter,Rangifer tarandus,151.641,HR_151.641,Mountain caribou in British Columbia,NaN
2282777840,TRUE,1991-12-16 20:00:00.000,-121.3891429,53.6779822,,Hart Ranges,Winter,radio-transmitter,Rangifer tarandus,151.641,HR_151.641,Mountain caribou in British Columbia,NaN
2282777841,TRUE,1992-03-03 20:00:00.000,-121.2370932,53.54818552,,Hart Ranges,Winter,radio-transmitter,Rangifer tarandus,151.641,HR_151.641,Mountain caribou in British Columbia,NaN
2282777842,TRUE,1988-03-16 20:00:00.000,-121.365985,53.532936,,Hart Ranges,Winter,radio-transmitter,Rangifer tarandus,151.649,HR_151.649,Mountain caribou in British Columbia,NaN
2282777843,TRUE,1988-03-30 20:00:00.000,-121.3274682,53.55307973,,Hart Ranges,Winter,radio-transmitter,Rangifer tarandus,151.649,HR_151.649,Mountain caribou in British Columbia,NaN
2282777844,TRUE,1988-06-14 19:00:00.000,-121.1845875,53.64628826,,Hart Ranges,Summer,radio-transmitter,Rangifer tarandus,151.649,HR_151.649,Mountain caribou in British Columbia,NaN
2282777845,TRUE,1988-07-07 19:00:00.000,-121.160552,53.64232536,,Hart Ranges,Summer,radio-transmitter,Rangifer tarandus,151.649,HR_151.649,Mountain caribou in British Columbia,NaN
2282777846,TRUE,1988-07-19 19:00:00.000,-121.4389259,53.55998045,,Hart Ranges,Summer,radio-transmitter,Rangifer tarandus,151.649,HR_151.649,Mountain caribou in British Columbia,NaN
2282777847,TRUE,1988-08-22 19:00:00.000,-121.1762903,53.59312208,,Hart Ranges,Summer,radio-transmitter,Rangifer tarandus,151.649,HR_151.649,Mountain caribou in British Columbia,NaN
2282777848,TRUE,1988-09-13 19:00:00.000,-121.2649802,53.49375538,,Hart Ranges,Summer,radio-transmitter,Rangifer tarandus,151.649,HR_151.649,Mountain caribou in British Columbia,NaN
2282777849,TRUE,1988-10-04 19:00:00.000,-121.1539774,53.44624272,,Hart Ranges,Summer,radio-transmitter,Rangifer tarandus,151.649,HR_151.649,Mountain caribou in British Columbia,NaN
2282777850,TRUE,1988-10-18 19:00:00.000,-121.1485831,53.43177502,,Hart Ranges,Summer,radio-transmitter,Rangifer tarandus,151.649,HR_151.649,Mountain caribou in British Columbia,NaN
2282777851,TRUE,1988-11-26 20:00:00.000,-121.3306344,53.39580211,,Hart Ranges,Winter,radio-transmitter,Rangifer tarandus,151.649,HR_151.649,Mountain caribou in British Columbia,NaN
2282777852,TRUE,1989-01-07 20:00:00.000,-121.2112547,53.30147431,,Hart Ranges,Winter,radio-transmitter,Rangifer tarandus,151.649,HR_151.649,Mountain caribou in British Columbia,NaN
2282777853,TRUE,1989-03-02 20:00:00.000,-121.2022455,53.33729967,,Hart Ranges,Winter,radio-transmitter,Rangifer tarandus,151.649,HR_151.649,Mountain caribou in British Columbia,NaN
2282777854,TRUE,1989-04-10 19:00:00.000,-121.1734951,53.34225708,,Hart Ranges,Summer,radio-transmitter,Rangifer tarandus,151.649,HR_151.649,Mountain caribou in British Columbia,NaN
2282777855,TRUE,1989-05-04 19:00:00.000,-121.0654083,53.37381757,,Hart Ranges,Summer,radio-transmitter,Rangifer tarandus,151.649,HR_151.649,Mountain caribou in British Columbia,NaN
2282777856,TRUE,1989-06-24 19:00:00.000,-121.1472212,53.63582684,,Hart Ranges,Summer,radio-transmitter,Rangifer tarandus,151.649,HR_151.649,Mountain caribou in British Columbia,NaN
2282777857,TRUE,1989-11-22 20:00:00.000,-121.3274393,53.43890893,,Hart Ranges,Winter,radio-transmitter,Rangifer tarandus,151.649,HR_151.649,Mountain caribou in British Columbia,NaN
2282777858,TRUE,1989-12-28 20:00:00.000,-121.4033079,53.46332069,,Hart Ranges,Winter,radio-transmitter,Rangifer tarandus,151.649,HR_151.649,Mountain caribou in British Columbia,NaN
2282777859,TRUE,1990-02-13 20:00:00.000,-121.2825513,53.43197889,,Hart Ranges,Winter,radio-transmitter,Rangifer tarandus,151.649,HR_151.649,Mountain caribou in British Columbia,NaN
2282777860,TRUE,1990-03-05 20:00:00.000,-121.2875704,53.41946505,,Hart Ranges,Winter,radio-transmitter,Rangifer tarandus,151.649,HR_151.649,Mountain caribou in British Columbia,NaN
2282777861,TRUE,1990-04-12 19:00:00.000,-121.3137081,53.40545315,,Hart Ranges,Summer,radio-transmitter,Rangifer tarandus,151.649,HR_151.649,Mountain caribou in British Columbia,NaN
2282777862,TRUE,1990-05-15 19:00:00.000,-121.1817856,53.39452671,,Hart Ranges,Summer,radio-transmitter,Rangifer tarandus,151.649,HR_151.649,Mountain caribou in British Columbia,NaN
2282777863,TRUE,1990-09-13 19:00:00.000,-121.2297086,53.58043983,,Hart Ranges,Summer,radio-transmitter,Rangifer tarandus,151.649,HR_151.649,Mountain caribou in British Columbia,NaN
2282777864,TRUE,1990-12-12 20:00:00.000,-121.4464183,53.68503156,,Hart Ranges,Winter,radio-transmitter,Rangifer tarandus,151.649,HR_151.649,Mountain caribou in British Columbia,NaN
2282777865,TRUE,1991-09-24 19:00:00.000,-121.1984057,53.53502297,,Hart Ranges,Summer,radio-transmitter,Rangifer tarandus,151.649,HR_151.649,Mountain caribou in British Columbia,NaN
2282777866,TRUE,1991-12-16 20:00:00.000,-121.3891429,53.6779822,,Hart Ranges,Winter,radio-transmitter,Rangifer tarandus,151.649,HR_151.649,Mountain caribou in British Columbia,NaN
2282777867,TRUE,1992-03-03 20:00:00.000,-121.3598894,53.65151549,,Hart Ranges,Winter,radio-transmitter,Rangifer tarandus,151.649,HR_151.649,Mountain caribou in British Columbia,NaN
2282777868,TRUE,1988-03-23 20:00:00.000,-121.5740731,53.76122963,,Hart Ranges,Winter,radio-transmitter,Rangifer tarandus,151.66,HR_151.660,Mountain caribou in British Columbia,NaN
2282777869,TRUE,1988-03-30 20:00:00.000,-121.5778935,53.78284885,,Hart Ranges,Winter,radio-transmitter,Rangifer tarandus,151.66,HR_151.660,Mountain caribou in British Columbia,NaN
2282777870,TRUE,1988-09-13 19:00:00.000,-121.5417204,54.12489065,,Hart Ranges,Summer,radio-transmitter,Rangifer tarandus,151.66,HR_151.660,Mountain caribou in British Columbia,NaN
2282777871,TRUE,1988-10-04 19:00:00.000,-121.4984684,54.13604411,,Hart Ranges,Summer,radio-transmitter,Rangifer tarandus,151.66,HR_151.660,Mountain caribou in British Columbia,NaN
2282777872,TRUE,1988-10-18 19:00:00.000,-121.4979137,54.1090711,,Hart Ranges,Summer,radio-transmitter,Rangifer tarandus,151.66,HR_151.660,Mountain caribou in British Columbia,NaN
2282777873,TRUE,1988-12-06 20:00:00.000,-121.6079985,53.88208086,,Hart Ranges,Winter,radio-transmitter,Rangifer tarandus,151.66,HR_151.660,Mountain caribou in British Columbia,NaN
2282777874,TRUE,1989-01-07 20:00:00.000,-121.6545321,53.75946309,,Hart Ranges,Winter,radio-transmitter,Rangifer tarandus,151.66,HR_151.660,Mountain caribou in British Columbia,NaN
2282777875,TRUE,1989-02-06 20:00:00.000,-121.6514129,53.76212475,,Hart Ranges,Winter,radio-transmitter,Rangifer tarandus,151.66,HR_151.660,Mountain caribou in British Columbia,NaN
2282777876,TRUE,1989-03-02 20:00:00.000,-121.570674,53.77197608,,Hart Ranges,Winter,radio-transmitter,Rangifer tarandus,151.66,HR_151.660,Mountain caribou in British Columbia,NaN
2282777877,TRUE,1989-04-10 19:00:00.000,-121.5330541,53.71938434,,Hart Ranges,Summer,radio-transmitter,Rangifer tarandus,151.66,HR_151.660,Mountain caribou in British Columbia,NaN
2282777878,TRUE,1989-05-04 19:00:00.000,-121.6384706,53.83389033,,Hart Ranges,Summer,radio-transmitter,Rangifer tarandus,151.66,HR_151.660,Mountain caribou in British Columbia,NaN
2282777879,TRUE,1989-05-31 19:00:00.000,-121.5538311,53.73222181,,Hart Ranges,Summer,radio-transmitter,Rangifer tarandus,151.66,HR_151.660,Mountain caribou in British Columbia,NaN
2282777880,TRUE,1989-06-24 19:00:00.000,-121.6837026,53.89372154,,Hart Ranges,Summer,radio-transmitter,Rangifer tarandus,151.66,HR_151.660,Mountain caribou in British Columbia,NaN
2282777881,TRUE,1989-07-30 19:00:00.000,-121.6088933,53.85512448,,Hart Ranges,Summer,radio-transmitter,Rangifer tarandus,151.66,HR_151.660,Mountain caribou in British Columbia,NaN
2282777882,TRUE,1989-08-25 19:00:00.000,-121.5862717,53.80452166,,Hart Ranges,Summer,radio-transmitter,Rangifer tarandus,151.66,HR_151.660,Mountain caribou in British Columbia,NaN
2282777883,TRUE,1989-09-22 19:00:00.000,-121.4779521,54.15286495,,Hart Ranges,Summer,radio-transmitter,Rangifer tarandus,151.66,HR_151.660,Mountain caribou in British Columbia,NaN
2282777884,TRUE,1989-10-27 19:00:00.000,-121.4705958,53.97838875,,Hart Ranges,Summer,radio-transmitter,Rangifer tarandus,151.66,HR_151.660,Mountain caribou in British Columbia,NaN
2282777885,TRUE,1989-11-22 20:00:00.000,-121.4660561,53.97743198,,Hart Ranges,Winter,radio-transmitter,Rangifer tarandus,151.66,HR_151.660,Mountain caribou in British Columbia,NaN
2282777886,TRUE,1989-12-28 20:00:00.000,-121.4941724,53.95891092,,Hart Ranges,Winter,radio-transmitter,Rangifer tarandus,151.66,HR_151.660,Mountain caribou in British Columbia,NaN
2282777887,TRUE,1990-02-13 20:00:00.000,-121.301465,53.9374632,,Hart Ranges,Winter,radio-transmitter,Rangifer tarandus,151.66,HR_151.660,Mountain caribou in British Columbia,NaN
2282777888,TRUE,1990-03-05 20:00:00.000,-121.3608483,53.93828843,,Hart Ranges,Winter,radio-transmitter,Rangifer tarandus,151.66,HR_151.660,Mountain caribou in British Columbia,NaN
2282777889,TRUE,1990-05-15 19:00:00.000,-121.5350312,54.14098896,,Hart Ranges,Summer,radio-transmitter,Rangifer tarandus,151.66,HR_151.660,Mountain caribou in British Columbia,NaN
2282777890,TRUE,1990-06-08 19:00:00.000,-121.5642304,54.13774533,,Hart Ranges,Summer,radio-transmitter,Rangifer tarandus,151.66,HR_151.660,Mountain caribou in British Columbia,NaN
2282777891,TRUE,1990-08-28 19:00:00.000,-121.5198891,54.13630941,,Hart Ranges,Summer,radio-transmitter,Rangifer tarandus,151.66,HR_151.660,Mountain caribou in British Columbia,NaN
2282777892,TRUE,1990-09-13 19:00:00.000,-121.5016258,54.13338685,,Hart Ranges,Summer,radio-transmitter,Rangifer tarandus,151.66,HR_151.660,Mountain caribou in British Columbia,NaN
2282777893,TRUE,1990-11-01 20:00:00.000,-121.6639773,53.79642359,,Hart Ranges,Winter,radio-transmitter,Rangifer tarandus,151.66,HR_151.660,Mountain caribou in British Columbia,NaN
2282777894,TRUE,1990-12-12 20:00:00.000,-121.5366628,53.74639607,,Hart Ranges,Winter,radio-transmitter,Rangifer tarandus,151.66,HR_151.660,Mountain caribou in British Columbia,NaN
2282777895,TRUE,1991-01-29 20:00:00.000,-121.6206412,53.77525816,,Hart Ranges,Winter,radio-transmitter,Rangifer tarandus,151.66,HR_151.660,Mountain caribou in British Columbia,NaN
2282777896,TRUE,1991-02-21 20:00:00.000,-121.5680252,53.80520407,,Hart Ranges,Winter,radio-transmitter,Rangifer tarandus,151.66,HR_151.660,Mountain caribou in British Columbia,NaN
2282777897,TRUE,1991-03-27 20:00:00.000,-121.5363039,53.80032653,,Hart Ranges,Winter,radio-transmitter,Rangifer tarandus,151.66,HR_151.660,Mountain caribou in British Columbia,NaN
2282777898,TRUE,1991-04-22 19:00:00.000,-121.6044281,53.80653214,,Hart Ranges,Summer,radio-transmitter,Rangifer tarandus,151.66,HR_151.660,Mountain caribou in British Columbia,NaN
2282777899,TRUE,1991-07-08 19:00:00.000,-121.5266125,54.20560407,,Hart Ranges,Summer,radio-transmitter,Rangifer tarandus,151.66,HR_151.660,Mountain caribou in British Columbia,NaN
2282777900,TRUE,1991-08-21 19:00:00.000,-121.4972972,54.16838866,,Hart Ranges,Summer,radio-transmitter,Rangifer tarandus,151.66,HR_151.660,Mountain caribou in British Columbia,NaN
2282777901,TRUE,1991-09-24 19:00:00.000,-121.5461082,54.17438103,,Hart Ranges,Summer,radio-transmitter,Rangifer tarandus,151.66,HR_151.660,Mountain caribou in British Columbia,NaN
2282777902,TRUE,1991-10-25 19:00:00.000,-121.5979882,54.04466161,,Hart Ranges,Summer,radio-transmitter,Rangifer tarandus,151.66,HR_151.660,Mountain caribou in British Columbia,NaN
2282777903,TRUE,1991-11-01 20:00:00.000,-121.5920331,54.04009768,,Hart Ranges,Winter,radio-transmitter,Rangifer tarandus,151.66,HR_151.660,Mountain caribou in British Columbia,NaN
2282777904,TRUE,1991-12-16 20:00:00.000,-121.537929,53.75360286,,Hart Ranges,Winter,radio-transmitter,Rangifer tarandus,151.66,HR_151.660,Mountain caribou in British Columbia,NaN
2282777905,TRUE,1992-03-03 20:00:00.000,-121.578683,53.75948657,,Hart Ranges,Winter,radio-transmitter,Rangifer tarandus,151.66,HR_151.660,Mountain caribou in British Columbia,NaN
2282777906,TRUE,1988-03-22 20:00:00.000,-121.5263602,54.12650129,,Hart Ranges,Winter,radio-transmitter,Rangifer tarandus,151.67,HR_151.670,Mountain caribou in British Columbia,NaN
2282777907,TRUE,1988-03-31 20:00:00.000,-121.4324072,54.14239291,,Hart Ranges,Winter,radio-transmitter,Rangifer tarandus,151.67,HR_151.670,Mountain caribou in British Columbia,NaN
2282777908,TRUE,1988-06-14 19:00:00.000,-121.5155468,54.42838062,,Hart Ranges,Summer,radio-transmitter,Rangifer tarandus,151.67,HR_151.670,Mountain caribou in British Columbia,NaN
2282777909,TRUE,1988-07-19 19:00:00.000,-121.5182071,54.440098,,Hart Ranges,Summer,radio-transmitter,Rangifer tarandus,151.67,HR_151.670,Mountain caribou in British Columbia,NaN
2282777910,TRUE,1988-08-22 19:00:00.000,-121.6497311,54.42635991,,Hart Ranges,Summer,radio-transmitter,Rangifer tarandus,151.67,HR_151.670,Mountain caribou in British Columbia,NaN
2282777911,TRUE,1988-09-13 19:00:00.000,-121.6358031,54.42800102,,Hart Ranges,Summer,radio-transmitter,Rangifer tarandus,151.67,HR_151.670,Mountain caribou in British Columbia,NaN
2282777912,TRUE,1988-10-04 19:00:00.000,-121.6092415,54.43848387,,Hart Ranges,Summer,radio-transmitter,Rangifer tarandus,151.67,HR_151.670,Mountain caribou in British Columbia,NaN
2282777913,TRUE,1988-10-18 19:00:00.000,-121.7290865,54.35262016,,Hart Ranges,Summer,radio-transmitter,Rangifer tarandus,151.67,HR_151.670,Mountain caribou in British Columbia,NaN
2282777914,TRUE,1989-01-07 20:00:00.000,-121.692455,54.3432407,,Hart Ranges,Winter,radio-transmitter,Rangifer tarandus,151.67,HR_151.670,Mountain caribou in British Columbia,NaN
2282777915,TRUE,1989-02-06 20:00:00.000,-121.8490022,54.41134609,,Hart Ranges,Winter,radio-transmitter,Rangifer tarandus,151.67,HR_151.670,Mountain caribou in British Columbia,NaN
2282777916,TRUE,1989-03-02 20:00:00.000,-121.8954047,54.46211108,,Hart Ranges,Winter,radio-transmitter,Rangifer tarandus,151.67,HR_151.670,Mountain caribou in British Columbia,NaN
2282777917,TRUE,1989-04-10 19:00:00.000,-121.8617961,54.45011506,,Hart Ranges,Summer,radio-transmitter,Rangifer tarandus,151.67,HR_151.670,Mountain caribou in British Columbia,NaN
2282777918,TRUE,1989-05-04 19:00:00.000,-121.6419968,54.42717201,,Hart Ranges,Summer,radio-transmitter,Rangifer tarandus,151.67,HR_151.670,Mountain caribou in British Columbia,NaN
2282777919,TRUE,1989-05-31 19:00:00.000,-121.497775,54.45063154,,Hart Ranges,Summer,radio-transmitter,Rangifer tarandus,151.67,HR_151.670,Mountain caribou in British Columbia,NaN
2282777920,TRUE,1989-06-24 19:00:00.000,-121.5253974,54.45456711,,Hart Ranges,Summer,radio-transmitter,Rangifer tarandus,151.67,HR_151.670,Mountain caribou in British Columbia,NaN
2282777921,TRUE,1989-07-30 19:00:00.000,-121.5519906,54.44410293,,Hart Ranges,Summer,radio-transmitter,Rangifer tarandus,151.67,HR_151.670,Mountain caribou in British Columbia,NaN
2282777922,TRUE,1989-08-25 19:00:00.000,-121.5720619,54.44344301,,Hart Ranges,Summer,radio-transmitter,Rangifer tarandus,151.67,HR_151.670,Mountain caribou in British Columbia,NaN
2282777923,TRUE,1989-09-22 19:00:00.000,-121.553247,54.45220734,,Hart Ranges,Summer,radio-transmitter,Rangifer tarandus,151.67,HR_151.670,Mountain caribou in British Columbia,NaN
2282777924,TRUE,1989-10-27 19:00:00.000,-121.64659,54.42812237,,Hart Ranges,Summer,radio-transmitter,Rangifer tarandus,151.67,HR_151.670,Mountain caribou in British Columbia,NaN
2282777925,TRUE,1989-11-22 20:00:00.000,-121.6676205,54.25488427,,Hart Ranges,Winter,radio-transmitter,Rangifer tarandus,151.67,HR_151.670,Mountain caribou in British Columbia,NaN
2282777926,TRUE,1989-12-28 20:00:00.000,-121.6968696,54.34958015,,Hart Ranges,Winter,radio-transmitter,Rangifer tarandus,151.67,HR_151.670,Mountain caribou in British Columbia,NaN
2282777927,TRUE,1990-02-08 20:00:00.000,-121.7382332,54.35541256,,Hart Ranges,Winter,radio-transmitter,Rangifer tarandus,151.67,HR_151.670,Mountain caribou in British Columbia,NaN
2282777928,TRUE,1990-02-13 20:00:00.000,-121.7138166,54.34886315,,Hart Ranges,Winter,radio-transmitter,Rangifer tarandus,151.67,HR_151.670,Mountain caribou in British Columbia,NaN
2282777929,TRUE,1990-03-05 20:00:00.000,-121.6085638,54.36746956,,Hart Ranges,Winter,radio-transmitter,Rangifer tarandus,151.67,HR_151.670,Mountain caribou in British Columbia,NaN
2282777930,TRUE,1990-04-12 19:00:00.000,-121.6707229,54.39693208,,Hart Ranges,Summer,radio-transmitter,Rangifer tarandus,151.67,HR_151.670,Mountain caribou in British Columbia,NaN
2282777931,TRUE,1990-05-15 19:00:00.000,-121.5179476,54.44728539,,Hart Ranges,Summer,radio-transmitter,Rangifer tarandus,151.67,HR_151.670,Mountain caribou in British Columbia,NaN
2282777932,TRUE,1990-06-08 19:00:00.000,-121.4779992,54.44319342,,Hart Ranges,Summer,radio-transmitter,Rangifer tarandus,151.67,HR_151.670,Mountain caribou in British Columbia,NaN
2282777933,TRUE,1990-06-28 19:00:00.000,-121.4208081,54.40650583,,Hart Ranges,Summer,radio-transmitter,Rangifer tarandus,151.67,HR_151.670,Mountain caribou in British Columbia,NaN
2282777934,TRUE,1990-07-19 19:00:00.000,-121.5011539,54.44258409,,Hart Ranges,Summer,radio-transmitter,Rangifer tarandus,151.67,HR_151.670,Mountain caribou in British Columbia,NaN
2282777935,TRUE,1990-08-28 19:00:00.000,-121.5660528,54.43887776,,Hart Ranges,Summer,radio-transmitter,Rangifer tarandus,151.67,HR_151.670,Mountain caribou in British Columbia,NaN
2282777936,TRUE,1990-09-13 19:00:00.000,-121.5148643,54.44724753,,Hart Ranges,Summer,radio-transmitter,Rangifer tarandus,151.67,HR_151.670,Mountain caribou in British Columbia,NaN
2282777937,TRUE,1990-12-12 20:00:00.000,-121.6860639,54.39889761,,Hart Ranges,Winter,radio-transmitter,Rangifer tarandus,151.67,HR_151.670,Mountain caribou in British Columbia,NaN
2282777938,TRUE,1991-01-29 20:00:00.000,-121.7699014,54.42854224,,Hart Ranges,Winter,radio-transmitter,Rangifer tarandus,151.67,HR_151.670,Mountain caribou in British Columbia,NaN
2282777939,TRUE,1991-02-21 20:00:00.000,-121.628567,54.36769849,,Hart Ranges,Winter,radio-transmitter,Rangifer tarandus,151.67,HR_151.670,Mountain caribou in British Columbia,NaN
2282777940,TRUE,1991-03-27 20:00:00.000,-121.6569231,54.39498175,,Hart Ranges,Winter,radio-transmitter,Rangifer tarandus,151.67,HR_151.670,Mountain caribou in British Columbia,NaN
2282777941,TRUE,1991-04-22 19:00:00.000,-121.5785392,54.43453125,,Hart Ranges,Summer,radio-transmitter,Rangifer tarandus,151.67,HR_151.670,Mountain caribou in British Columbia,NaN
2282777942,TRUE,1991-05-29 19:00:00.000,-121.5002034,54.42639343,,Hart Ranges,Summer,radio-transmitter,Rangifer tarandus,151.67,HR_151.670,Mountain caribou in British Columbia,NaN
2282777943,TRUE,1991-07-08 19:00:00.000,-121.4958112,54.42004701,,Hart Ranges,Summer,radio-transmitter,Rangifer tarandus,151.67,HR_151.670,Mountain caribou in British Columbia,NaN
2282777944,TRUE,1991-08-21 19:00:00.000,-121.5116833,54.44990485,,Hart Ranges,Summer,radio-transmitter,Rangifer tarandus,151.67,HR_151.670,Mountain caribou in British Columbia,NaN
2282777945,TRUE,1991-09-24 19:00:00.000,-121.519554,54.44550744,,Hart Ranges,Summer,radio-transmitter,Rangifer tarandus,151.67,HR_151.670,Mountain caribou in British Columbia,NaN
2282777946,TRUE,1991-10-25 19:00:00.000,-121.8130264,54.42987248,,Hart Ranges,Summer,radio-transmitter,Rangifer tarandus,151.67,HR_151.670,Mountain caribou in British Columbia,NaN
2282777947,TRUE,1991-11-01 20:00:00.000,-121.6435081,54.4280878,,Hart Ranges,Winter,radio-transmitter,Rangifer tarandus,151.67,HR_151.670,Mountain caribou in British Columbia,NaN
2282777948,TRUE,1991-12-16 20:00:00.000,-121.3824092,54.32510089,,Hart Ranges,Winter,radio-transmitter,Rangifer tarandus,151.67,HR_151.670,Mountain caribou in British Columbia,NaN
2282777949,TRUE,1992-03-03 20:00:00.000,-121.2668149,54.2947314,,Hart Ranges,Winter,radio-transmitter,Rangifer tarandus,151.67,HR_151.670,Mountain caribou in British Columbia,NaN
2282777950,TRUE,1988-03-23 20:00:00.000,-121.8357629,53.62382969,,Hart Ranges,Winter,radio-transmitter,Rangifer tarandus,151.68,HR_151.680,Mountain caribou in British Columbia,NaN
2282777951,TRUE,1988-03-30 20:00:00.000,-121.8431491,53.63019363,,Hart Ranges,Winter,radio-transmitter,Rangifer tarandus,151.68,HR_151.680,Mountain caribou in British Columbia,NaN
2282777952,TRUE,1988-05-14 19:00:00.000,-121.7590192,53.50799691,,Hart Ranges,Summer,radio-transmitter,Rangifer tarandus,151.68,HR_151.680,Mountain caribou in British Columbia,NaN
2282777953,TRUE,1988-06-14 19:00:00.000,-121.742437,53.5078236,,Hart Ranges,Summer,radio-transmitter,Rangifer tarandus,151.68,HR_151.680,Mountain caribou in British Columbia,NaN
2282777954,TRUE,1988-06-28 19:00:00.000,-121.7428701,53.44220598,,Hart Ranges,Summer,radio-transmitter,Rangifer tarandus,151.68,HR_151.680,Mountain caribou in British Columbia,NaN
2282777955,TRUE,1988-07-19 19:00:00.000,-121.7493134,53.47912997,,Hart Ranges,Summer,radio-transmitter,Rangifer tarandus,151.68,HR_151.680,Mountain caribou in British Columbia,NaN
2282777956,TRUE,1988-08-22 19:00:00.000,-121.840316,53.45757463,,Hart Ranges,Summer,radio-transmitter,Rangifer tarandus,151.68,HR_151.680,Mountain caribou in British Columbia,NaN
2282777957,TRUE,1988-09-13 19:00:00.000,-121.7720921,53.47307369,,Hart Ranges,Summer,radio-transmitter,Rangifer tarandus,151.68,HR_151.680,Mountain caribou in British Columbia,NaN
2282777958,TRUE,1988-10-04 19:00:00.000,-121.836026,53.50427696,,Hart Ranges,Summer,radio-transmitter,Rangifer tarandus,151.68,HR_151.680,Mountain caribou in British Columbia,NaN
2282777959,TRUE,1988-10-18 19:00:00.000,-121.7853404,53.48399625,,Hart Ranges,Summer,radio-transmitter,Rangifer tarandus,151.68,HR_151.680,Mountain caribou in British Columbia,NaN
2282777960,TRUE,1988-11-26 20:00:00.000,-121.8358123,53.62203237,,Hart Ranges,Winter,radio-transmitter,Rangifer tarandus,151.68,HR_151.680,Mountain caribou in British Columbia,NaN
2282777961,TRUE,1988-12-06 20:00:00.000,-121.8758614,53.65117996,,Hart Ranges,Winter,radio-transmitter,Rangifer tarandus,151.68,HR_151.680,Mountain caribou in British Columbia,NaN
2282777962,TRUE,1989-01-07 20:00:00.000,-121.8194858,53.61108557,,Hart Ranges,Winter,radio-transmitter,Rangifer tarandus,151.68,HR_151.680,Mountain caribou in British Columbia,NaN
2282777963,TRUE,1989-02-06 20:00:00.000,-121.7749571,53.58277171,,Hart Ranges,Winter,radio-transmitter,Rangifer tarandus,151.68,HR_151.680,Mountain caribou in British Columbia,NaN
2282777964,TRUE,1989-03-02 20:00:00.000,-121.8166645,53.60386645,,Hart Ranges,Winter,radio-transmitter,Rangifer tarandus,151.68,HR_151.680,Mountain caribou in British Columbia,NaN
2282777965,TRUE,1989-04-10 19:00:00.000,-121.9062296,53.58853842,,Hart Ranges,Summer,radio-transmitter,Rangifer tarandus,151.68,HR_151.680,Mountain caribou in British Columbia,NaN
2282777966,TRUE,1989-05-04 19:00:00.000,-121.86409,53.52612094,,Hart Ranges,Summer,radio-transmitter,Rangifer tarandus,151.68,HR_151.680,Mountain caribou in British Columbia,NaN
2282777967,TRUE,1989-05-31 19:00:00.000,-121.7984177,53.50120805,,Hart Ranges,Summer,radio-transmitter,Rangifer tarandus,151.68,HR_151.680,Mountain caribou in British Columbia,NaN
2282777968,TRUE,1989-06-24 19:00:00.000,-121.7738574,53.4641025,,Hart Ranges,Summer,radio-transmitter,Rangifer tarandus,151.68,HR_151.680,Mountain caribou in British Columbia,NaN
2282777969,TRUE,1989-07-30 19:00:00.000,-121.7544907,53.4567107,,Hart Ranges,Summer,radio-transmitter,Rangifer tarandus,151.68,HR_151.680,Mountain caribou in British Columbia,NaN
2282777970,TRUE,1989-08-25 19:00:00.000,-121.767391,53.47931781,,Hart Ranges,Summer,radio-transmitter,Rangifer tarandus,151.68,HR_151.680,Mountain caribou in British Columbia,NaN
2282777971,TRUE,1989-09-22 19:00:00.000,-121.8235044,53.46639954,,Hart Ranges,Summer,radio-transmitter,Rangifer tarandus,151.68,HR_151.680,Mountain caribou in British Columbia,NaN
2282777972,TRUE,1989-10-27 19:00:00.000,-121.8870427,53.57128228,,Hart Ranges,Summer,radio-transmitter,Rangifer tarandus,151.68,HR_151.680,Mountain caribou in British Columbia,NaN
2282777973,TRUE,1989-11-22 20:00:00.000,-121.9076061,53.71080045,,Hart Ranges,Winter,radio-transmitter,Rangifer tarandus,151.68,HR_151.680,Mountain caribou in British Columbia,NaN
2282777974,TRUE,1989-12-28 20:00:00.000,-121.8418197,53.67872128,,Hart Ranges,Winter,radio-transmitter,Rangifer tarandus,151.68,HR_151.680,Mountain caribou in British Columbia,NaN
2282777975,TRUE,1990-02-13 20:00:00.000,-121.8256553,53.60665174,,Hart Ranges,Winter,radio-transmitter,Rangifer tarandus,151.68,HR_151.680,Mountain caribou in British Columbia,NaN
2282777976,TRUE,1990-03-05 20:00:00.000,-121.8257799,53.60215843,,Hart Ranges,Winter,radio-transmitter,Rangifer tarandus,151.68,HR_151.680,Mountain caribou in British Columbia,NaN
2282777977,TRUE,1990-04-12 19:00:00.000,-121.9201214,53.57697889,,Hart Ranges,Summer,radio-transmitter,Rangifer tarandus,151.68,HR_151.680,Mountain caribou in British Columbia,NaN
2282777978,TRUE,1990-05-15 19:00:00.000,-121.7463535,53.47730109,,Hart Ranges,Summer,radio-transmitter,Rangifer tarandus,151.68,HR_151.680,Mountain caribou in British Columbia,NaN
2282777979,TRUE,1990-06-08 19:00:00.000,-121.6953851,53.46866504,,Hart Ranges,Summer,radio-transmitter,Rangifer tarandus,151.68,HR_151.680,Mountain caribou in British Columbia,NaN
2282777980,TRUE,1990-07-19 19:00:00.000,-121.7644564,53.47659071,,Hart Ranges,Summer,radio-transmitter,Rangifer tarandus,151.68,HR_151.680,Mountain caribou in British Columbia,NaN
2282777981,TRUE,1990-08-28 19:00:00.000,-121.778272,53.46774345,,Hart Ranges,Summer,radio-transmitter,Rangifer tarandus,151.68,HR_151.680,Mountain caribou in British Columbia,NaN
2282777982,TRUE,1990-09-13 19:00:00.000,-121.7074609,53.46789734,,Hart Ranges,Summer,radio-transmitter,Rangifer tarandus,151.68,HR_151.680,Mountain caribou in British Columbia,NaN
2282777983,TRUE,1990-11-01 20:00:00.000,-121.9209661,53.66238165,,Hart Ranges,Winter,radio-transmitter,Rangifer tarandus,151.68,HR_151.680,Mountain caribou in British Columbia,NaN
2282777984,TRUE,1990-12-12 20:00:00.000,-121.9032087,53.58851077,,Hart Ranges,Winter,radio-transmitter,Rangifer tarandus,151.68,HR_151.680,Mountain caribou in British Columbia,NaN
2282777985,TRUE,1991-01-29 20:00:00.000,-121.8104693,53.60919847,,Hart Ranges,Winter,radio-transmitter,Rangifer tarandus,151.68,HR_151.680,Mountain caribou in British Columbia,NaN
2282777986,TRUE,1991-02-21 20:00:00.000,-121.8003499,53.59291707,,Hart Ranges,Winter,radio-transmitter,Rangifer tarandus,151.68,HR_151.680,Mountain caribou in British Columbia,NaN
2282777987,TRUE,1991-03-27 20:00:00.000,-121.834672,53.6085377,,Hart Ranges,Winter,radio-transmitter,Rangifer tarandus,151.68,HR_151.680,Mountain caribou in British Columbia,NaN
2282777988,TRUE,1991-04-22 19:00:00.000,-121.8879133,53.48050019,,Hart Ranges,Summer,radio-transmitter,Rangifer tarandus,151.68,HR_151.680,Mountain caribou in British Columbia,NaN
2282777989,TRUE,1991-05-29 19:00:00.000,-121.7499215,53.50969997,,Hart Ranges,Summer,radio-transmitter,Rangifer tarandus,151.68,HR_151.680,Mountain caribou in British Columbia,NaN
2282777990,TRUE,1988-03-23 20:00:00.000,-121.4817902,53.58570286,,Hart Ranges,Winter,radio-transmitter,Rangifer tarandus,151.69,HR_151.690,Mountain caribou in British Columbia,NaN
2282777991,TRUE,1988-03-30 20:00:00.000,-121.3602105,53.56521977,,Hart Ranges,Winter,radio-transmitter,Rangifer tarandus,151.69,HR_151.690,Mountain caribou in British Columbia,NaN
2282777992,TRUE,1988-05-14 19:00:00.000,-121.1615404,53.58480539,,Hart Ranges,Summer,radio-transmitter,Rangifer tarandus,151.69,HR_151.690,Mountain caribou in British Columbia,NaN
2282777993,TRUE,1988-06-14 19:00:00.000,-121.2460762,53.62293283,,Hart Ranges,Summer,radio-transmitter,Rangifer tarandus,151.69,HR_151.690,Mountain caribou in British Columbia,NaN
2282777994,TRUE,1988-07-07 19:00:00.000,-121.2650576,53.56567517,,Hart Ranges,Summer,radio-transmitter,Rangifer tarandus,151.69,HR_151.690,Mountain caribou in British Columbia,NaN
2282777995,TRUE,1988-07-19 19:00:00.000,-121.3383413,53.58379623,,Hart Ranges,Summer,radio-transmitter,Rangifer tarandus,151.69,HR_151.690,Mountain caribou in British Columbia,NaN
2282777996,TRUE,1988-08-22 19:00:00.000,-121.2511299,53.61042117,,Hart Ranges,Summer,radio-transmitter,Rangifer tarandus,151.69,HR_151.690,Mountain caribou in British Columbia,NaN
2282777997,TRUE,1988-09-13 19:00:00.000,-121.2496191,53.61039908,,Hart Ranges,Summer,radio-transmitter,Rangifer tarandus,151.69,HR_151.690,Mountain caribou in British Columbia,NaN
2282777998,TRUE,1988-10-04 19:00:00.000,-121.3648076,53.56348478,,Hart Ranges,Summer,radio-transmitter,Rangifer tarandus,151.69,HR_151.690,Mountain caribou in British Columbia,NaN
2282777999,TRUE,1988-10-18 19:00:00.000,-121.1593797,53.56499433,,Hart Ranges,Summer,radio-transmitter,Rangifer tarandus,151.69,HR_151.690,Mountain caribou in British Columbia,NaN
2282778000,TRUE,1988-11-26 20:00:00.000,-121.4409967,53.54472519,,Hart Ranges,Winter,radio-transmitter,Rangifer tarandus,151.69,HR_151.690,Mountain caribou in British Columbia,NaN
2282778001,TRUE,1988-12-06 20:00:00.000,-121.467827,53.55406154,,Hart Ranges,Winter,radio-transmitter,Rangifer tarandus,151.69,HR_151.690,Mountain caribou in British Columbia,NaN
2282778002,TRUE,1989-01-07 20:00:00.000,-121.4304699,53.54368852,,Hart Ranges,Winter,radio-transmitter,Rangifer tarandus,151.69,HR_151.690,Mountain caribou in British Columbia,NaN
2282778003,TRUE,1989-02-06 20:00:00.000,-121.2517071,53.52322854,,Hart Ranges,Winter,radio-transmitter,Rangifer tarandus,151.69,HR_151.690,Mountain caribou in British Columbia,NaN
2282778004,TRUE,1989-03-02 20:00:00.000,-121.1971075,53.56556907,,Hart Ranges,Winter,radio-transmitter,Rangifer tarandus,151.69,HR_151.690,Mountain caribou in British Columbia,NaN
2282778005,TRUE,1989-04-10 19:00:00.000,-121.1970122,53.53230499,,Hart Ranges,Summer,radio-transmitter,Rangifer tarandus,151.69,HR_151.690,Mountain caribou in British Columbia,NaN
2282778006,TRUE,1989-05-04 19:00:00.000,-121.1970122,53.53230499,,Hart Ranges,Summer,radio-transmitter,Rangifer tarandus,151.69,HR_151.690,Mountain caribou in British Columbia,NaN
2282778007,TRUE,1989-05-31 19:00:00.000,-121.2046397,53.60164176,,Hart Ranges,Summer,radio-transmitter,Rangifer tarandus,151.69,HR_151.690,Mountain caribou in British Columbia,NaN
2282778008,TRUE,1989-06-24 19:00:00.000,-121.2899388,53.62266872,,Hart Ranges,Summer,radio-transmitter,Rangifer tarandus,151.69,HR_151.690,Mountain caribou in British Columbia,NaN
2282778009,TRUE,1989-07-30 19:00:00.000,-121.2152968,53.5280844,,Hart Ranges,Summer,radio-transmitter,Rangifer tarandus,151.69,HR_151.690,Mountain caribou in British Columbia,NaN
2282778010,TRUE,1989-08-25 19:00:00.000,-121.2358694,53.50501606,,Hart Ranges,Summer,radio-transmitter,Rangifer tarandus,151.69,HR_151.690,Mountain caribou in British Columbia,NaN
2282778011,TRUE,1989-09-22 19:00:00.000,-121.3883194,53.46132146,,Hart Ranges,Summer,radio-transmitter,Rangifer tarandus,151.69,HR_151.690,Mountain caribou in British Columbia,NaN
2282778012,TRUE,1989-10-27 19:00:00.000,-121.2773138,53.56135747,,Hart Ranges,Summer,radio-transmitter,Rangifer tarandus,151.69,HR_151.690,Mountain caribou in British Columbia,NaN
2282778013,TRUE,1989-12-28 20:00:00.000,-121.2792376,53.58835442,,Hart Ranges,Winter,radio-transmitter,Rangifer tarandus,151.69,HR_151.690,Mountain caribou in British Columbia,NaN
2282778014,TRUE,1990-02-13 20:00:00.000,-121.225288,53.54171798,,Hart Ranges,Winter,radio-transmitter,Rangifer tarandus,151.69,HR_151.690,Mountain caribou in British Columbia,NaN
2282778015,TRUE,1990-03-05 20:00:00.000,-121.1926032,53.52954143,,Hart Ranges,Winter,radio-transmitter,Rangifer tarandus,151.69,HR_151.690,Mountain caribou in British Columbia,NaN
2282778016,TRUE,1990-04-12 19:00:00.000,-121.3185935,53.5484604,,Hart Ranges,Summer,radio-transmitter,Rangifer tarandus,151.69,HR_151.690,Mountain caribou in British Columbia,NaN
2282778017,TRUE,1990-05-15 19:00:00.000,-121.2129187,53.54872564,,Hart Ranges,Summer,radio-transmitter,Rangifer tarandus,151.69,HR_151.690,Mountain caribou in British Columbia,NaN
2282778018,TRUE,1990-06-08 19:00:00.000,-121.2529745,53.60235735,,Hart Ranges,Summer,radio-transmitter,Rangifer tarandus,151.69,HR_151.690,Mountain caribou in British Columbia,NaN
2282778019,TRUE,1990-07-19 19:00:00.000,-121.2424007,53.52938497,,Hart Ranges,Summer,radio-transmitter,Rangifer tarandus,151.69,HR_151.690,Mountain caribou in British Columbia,NaN
2282778020,TRUE,1990-08-28 19:00:00.000,-121.2436275,53.49973638,,Hart Ranges,Summer,radio-transmitter,Rangifer tarandus,151.69,HR_151.690,Mountain caribou in British Columbia,NaN
2282778021,TRUE,1990-09-13 19:00:00.000,-121.2236698,53.5803503,,Hart Ranges,Summer,radio-transmitter,Rangifer tarandus,151.69,HR_151.690,Mountain caribou in British Columbia,NaN
2282778022,TRUE,1990-11-01 20:00:00.000,-121.6313526,53.6791976,,Hart Ranges,Winter,radio-transmitter,Rangifer tarandus,151.69,HR_151.690,Mountain caribou in British Columbia,NaN
2282778023,TRUE,1990-12-12 20:00:00.000,-121.2142493,53.44536109,,Hart Ranges,Winter,radio-transmitter,Rangifer tarandus,151.69,HR_151.690,Mountain caribou in British Columbia,NaN
2282778024,TRUE,1991-02-21 20:00:00.000,-121.1271241,53.40626787,,Hart Ranges,Winter,radio-transmitter,Rangifer tarandus,151.69,HR_151.690,Mountain caribou in British Columbia,NaN
2282778025,TRUE,1991-03-27 20:00:00.000,-121.0156641,53.44132758,,Hart Ranges,Winter,radio-transmitter,Rangifer tarandus,151.69,HR_151.690,Mountain caribou in British Columbia,NaN
2282778026,TRUE,1991-05-29 19:00:00.000,-121.2427741,53.59321819,,Hart Ranges,Summer,radio-transmitter,Rangifer tarandus,151.69,HR_151.690,Mountain caribou in British Columbia,NaN
2282778027,TRUE,1991-07-08 19:00:00.000,-121.1549856,53.52716874,,Hart Ranges,Summer,radio-transmitter,Rangifer tarandus,151.69,HR_151.690,Mountain caribou in British Columbia,NaN
2282778028,TRUE,1991-08-21 19:00:00.000,-121.2453103,53.60494212,,Hart Ranges,Summer,radio-transmitter,Rangifer tarandus,151.69,HR_151.690,Mountain caribou in British Columbia,NaN
2282778029,TRUE,1991-09-24 19:00:00.000,-121.1791173,53.59766008,,Hart Ranges,Summer,radio-transmitter,Rangifer tarandus,151.69,HR_151.690,Mountain caribou in British Columbia,NaN
2282778030,TRUE,1991-11-01 20:00:00.000,-121.3341551,53.61340382,,Hart Ranges,Winter,radio-transmitter,Rangifer tarandus,151.69,HR_151.690,Mountain caribou in British Columbia,NaN
2282778031,TRUE,1991-12-16 20:00:00.000,-121.4717191,53.52983957,,Hart Ranges,Winter,radio-transmitter,Rangifer tarandus,151.69,HR_151.690,Mountain caribou in British Columbia,NaN
2282778032,TRUE,1990-09-13 19:00:00.000,-122.3434917,53.64387092,,Hart Ranges,Summer,radio-transmitter,Rangifer tarandus,151.7,HR_151.700,Mountain caribou in British Columbia,NaN
2282778033,TRUE,1990-11-01 20:00:00.000,-122.3313626,53.64560152,,Hart Ranges,Winter,radio-transmitter,Rangifer tarandus,151.7,HR_151.700,Mountain caribou in British Columbia,NaN
2282778034,TRUE,1990-12-12 20:00:00.000,-122.3101829,53.55289761,,Hart Ranges,Winter,radio-transmitter,Rangifer tarandus,151.7,HR_151.700,Mountain caribou in British Columbia,NaN
2282778035,TRUE,1991-01-29 20:00:00.000,-122.2833796,53.53116687,,Hart Ranges,Winter,radio-transmitter,Rangifer tarandus,151.7,HR_151.700,Mountain caribou in British Columbia,NaN
2282778036,TRUE,1991-02-21 20:00:00.000,-122.2819015,53.52936023,,Hart Ranges,Winter,radio-transmitter,Rangifer tarandus,151.7,HR_151.700,Mountain caribou in British Columbia,NaN
2282778037,TRUE,1991-03-27 20:00:00.000,-122.3589571,53.52170824,,Hart Ranges,Winter,radio-transmitter,Rangifer tarandus,151.7,HR_151.700,Mountain caribou in British Columbia,NaN
2282778038,TRUE,1991-04-22 19:00:00.000,-122.2993355,53.56991323,,Hart Ranges,Summer,radio-transmitter,Rangifer tarandus,151.7,HR_151.700,Mountain caribou in British Columbia,NaN
2282778039,TRUE,1991-05-29 19:00:00.000,-122.3431656,53.5674653,,Hart Ranges,Summer,radio-transmitter,Rangifer tarandus,151.7,HR_151.700,Mountain caribou in British Columbia,NaN
2282778040,TRUE,1991-07-08 19:00:00.000,-122.3462684,53.56208904,,Hart Ranges,Summer,radio-transmitter,Rangifer tarandus,151.7,HR_151.700,Mountain caribou in British Columbia,NaN
2282778041,TRUE,1991-08-21 19:00:00.000,-122.2529083,53.54805916,,Hart Ranges,Summer,radio-transmitter,Rangifer tarandus,151.7,HR_151.700,Mountain caribou in British Columbia,NaN
2282778042,TRUE,1991-09-24 19:00:00.000,-122.3087468,53.54839493,,Hart Ranges,Summer,radio-transmitter,Rangifer tarandus,151.7,HR_151.700,Mountain caribou in British Columbia,NaN
2282778043,TRUE,1991-11-01 20:00:00.000,-122.3127209,53.58257513,,Hart Ranges,Winter,radio-transmitter,Rangifer tarandus,151.7,HR_151.700,Mountain caribou in British Columbia,NaN
2282778044,TRUE,1991-12-16 20:00:00.000,-122.2951942,53.54651807,,Hart Ranges,Winter,radio-transmitter,Rangifer tarandus,151.7,HR_151.700,Mountain caribou in British Columbia,NaN
2282778045,TRUE,1992-03-03 20:00:00.000,-122.3067529,53.57804632,,Hart Ranges,Winter,radio-transmitter,Rangifer tarandus,151.7,HR_151.700,Mountain caribou in British Columbia,NaN
2282778046,TRUE,1988-03-21 20:00:00.000,-122.3237526,53.55387398,,Hart Ranges,Winter,radio-transmitter,Rangifer tarandus,151.701,HR_151.701,Mountain caribou in British Columbia,NaN
2282778047,TRUE,1988-03-30 20:00:00.000,-122.476191,53.55553758,,Hart Ranges,Winter,radio-transmitter,Rangifer tarandus,151.701,HR_151.701,Mountain caribou in British Columbia,NaN
2282778048,TRUE,1988-05-14 19:00:00.000,-122.3178597,53.54485173,,Hart Ranges,Summer,radio-transmitter,Rangifer tarandus,151.701,HR_151.701,Mountain caribou in British Columbia,NaN
2282778049,TRUE,1988-06-14 19:00:00.000,-122.3163651,53.54394432,,Hart Ranges,Summer,radio-transmitter,Rangifer tarandus,151.701,HR_151.701,Mountain caribou in British Columbia,NaN
2282778050,TRUE,1988-06-28 19:00:00.000,-122.3491912,53.5683971,,Hart Ranges,Summer,radio-transmitter,Rangifer tarandus,151.701,HR_151.701,Mountain caribou in British Columbia,NaN
2282778051,TRUE,1988-07-19 19:00:00.000,-122.351045,53.54593529,,Hart Ranges,Summer,radio-transmitter,Rangifer tarandus,151.701,HR_151.701,Mountain caribou in British Columbia,NaN
2282778052,TRUE,1988-08-22 19:00:00.000,-122.2669253,53.52297716,,Hart Ranges,Summer,radio-transmitter,Rangifer tarandus,151.701,HR_151.701,Mountain caribou in British Columbia,NaN
2282778053,TRUE,1988-09-13 19:00:00.000,-122.3146673,53.55562002,,Hart Ranges,Summer,radio-transmitter,Rangifer tarandus,151.701,HR_151.701,Mountain caribou in British Columbia,NaN
2282778054,TRUE,1988-10-04 19:00:00.000,-122.3449764,53.64567677,,Hart Ranges,Summer,radio-transmitter,Rangifer tarandus,151.701,HR_151.701,Mountain caribou in British Columbia,NaN
2282778055,TRUE,1988-10-18 19:00:00.000,-122.3449903,53.64477799,,Hart Ranges,Summer,radio-transmitter,Rangifer tarandus,151.701,HR_151.701,Mountain caribou in British Columbia,NaN
2282778056,TRUE,1988-11-26 20:00:00.000,-122.3681403,53.51276832,,Hart Ranges,Winter,radio-transmitter,Rangifer tarandus,151.701,HR_151.701,Mountain caribou in British Columbia,NaN
2282778057,TRUE,1988-12-06 20:00:00.000,-122.3282095,53.55839348,,Hart Ranges,Winter,radio-transmitter,Rangifer tarandus,151.701,HR_151.701,Mountain caribou in British Columbia,NaN
2282778058,TRUE,1989-01-07 20:00:00.000,-122.3067087,53.58074269,,Hart Ranges,Winter,radio-transmitter,Rangifer tarandus,151.701,HR_151.701,Mountain caribou in British Columbia,NaN
2282778059,TRUE,1989-02-06 20:00:00.000,-122.303629,53.5843203,,Hart Ranges,Winter,radio-transmitter,Rangifer tarandus,151.701,HR_151.701,Mountain caribou in British Columbia,NaN
2282778060,TRUE,1989-03-02 20:00:00.000,-122.2844183,53.55903839,,Hart Ranges,Winter,radio-transmitter,Rangifer tarandus,151.701,HR_151.701,Mountain caribou in British Columbia,NaN
2282778061,TRUE,1989-04-10 19:00:00.000,-122.3191956,53.55564588,,Hart Ranges,Summer,radio-transmitter,Rangifer tarandus,151.701,HR_151.701,Mountain caribou in British Columbia,NaN
2282778062,TRUE,1989-05-04 19:00:00.000,-122.3312711,53.55571401,,Hart Ranges,Summer,radio-transmitter,Rangifer tarandus,151.701,HR_151.701,Mountain caribou in British Columbia,NaN
2282778063,TRUE,1989-05-31 19:00:00.000,-122.3387762,53.55845236,,Hart Ranges,Summer,radio-transmitter,Rangifer tarandus,151.701,HR_151.701,Mountain caribou in British Columbia,NaN
2282778064,TRUE,1989-06-24 19:00:00.000,-122.3676853,53.54332779,,Hart Ranges,Summer,radio-transmitter,Rangifer tarandus,151.701,HR_151.701,Mountain caribou in British Columbia,NaN
2282778065,TRUE,1989-07-30 19:00:00.000,-122.3096269,53.58705168,,Hart Ranges,Summer,radio-transmitter,Rangifer tarandus,151.701,HR_151.701,Mountain caribou in British Columbia,NaN
2282778066,TRUE,1989-08-25 19:00:00.000,-122.3483857,53.52254997,,Hart Ranges,Summer,radio-transmitter,Rangifer tarandus,151.701,HR_151.701,Mountain caribou in British Columbia,NaN
2282778067,TRUE,1989-09-22 19:00:00.000,-122.3328936,53.54853205,,Hart Ranges,Summer,radio-transmitter,Rangifer tarandus,151.701,HR_151.701,Mountain caribou in British Columbia,NaN
2282778068,TRUE,1989-11-22 20:00:00.000,-122.3035995,53.58611788,,Hart Ranges,Winter,radio-transmitter,Rangifer tarandus,151.701,HR_151.701,Mountain caribou in British Columbia,NaN
2282778069,TRUE,1989-12-28 20:00:00.000,-122.4019237,53.5767622,,Hart Ranges,Winter,radio-transmitter,Rangifer tarandus,151.701,HR_151.701,Mountain caribou in British Columbia,NaN
2282778070,TRUE,1990-02-13 20:00:00.000,-122.3603706,53.52800797,,Hart Ranges,Winter,radio-transmitter,Rangifer tarandus,151.701,HR_151.701,Mountain caribou in British Columbia,NaN
2282778071,TRUE,1990-03-05 20:00:00.000,-122.3115609,53.56099545,,Hart Ranges,Winter,radio-transmitter,Rangifer tarandus,151.701,HR_151.701,Mountain caribou in British Columbia,NaN
2282778072,TRUE,1990-04-12 19:00:00.000,-122.2982558,54.08943515,,Hart Ranges,Summer,radio-transmitter,Rangifer tarandus,151.701,HR_151.701,Mountain caribou in British Columbia,NaN
2282778073,TRUE,1990-05-15 19:00:00.000,-122.2979447,53.56271406,,Hart Ranges,Summer,radio-transmitter,Rangifer tarandus,151.701,HR_151.701,Mountain caribou in British Columbia,NaN
2282778074,TRUE,1990-08-28 19:00:00.000,-122.3251046,53.56376926,,Hart Ranges,Summer,radio-transmitter,Rangifer tarandus,151.701,HR_151.701,Mountain caribou in British Columbia,NaN
2282778075,TRUE,1988-03-22 20:00:00.000,-121.4215932,54.14494823,,Hart Ranges,Winter,radio-transmitter,Rangifer tarandus,151.711,HR_151.711,Mountain caribou in British Columbia,NaN
2282778076,TRUE,1988-03-31 20:00:00.000,-121.4383591,54.14696465,,Hart Ranges,Winter,radio-transmitter,Rangifer tarandus,151.711,HR_151.711,Mountain caribou in British Columbia,NaN
2282778077,TRUE,1988-05-30 19:00:00.000,-121.4984379,54.17918924,,Hart Ranges,Summer,radio-transmitter,Rangifer tarandus,151.711,HR_151.711,Mountain caribou in British Columbia,NaN
2282778078,TRUE,1988-06-14 19:00:00.000,-121.5110279,54.2126033,,Hart Ranges,Summer,radio-transmitter,Rangifer tarandus,151.711,HR_151.711,Mountain caribou in British Columbia,NaN
2282778079,TRUE,1988-07-19 19:00:00.000,-121.5826535,54.13616595,,Hart Ranges,Summer,radio-transmitter,Rangifer tarandus,151.711,HR_151.711,Mountain caribou in British Columbia,NaN
2282778080,TRUE,1988-08-22 19:00:00.000,-121.5386611,54.12485355,,Hart Ranges,Summer,radio-transmitter,Rangifer tarandus,151.711,HR_151.711,Mountain caribou in British Columbia,NaN
2282778081,TRUE,1988-09-13 19:00:00.000,-121.5401907,54.12487211,,Hart Ranges,Summer,radio-transmitter,Rangifer tarandus,151.711,HR_151.711,Mountain caribou in British Columbia,NaN
2282778082,TRUE,1988-10-04 19:00:00.000,-121.4984684,54.13604411,,Hart Ranges,Summer,radio-transmitter,Rangifer tarandus,151.711,HR_151.711,Mountain caribou in British Columbia,NaN
2282778083,TRUE,1988-10-18 19:00:00.000,-121.5341039,54.12389926,,Hart Ranges,Summer,radio-transmitter,Rangifer tarandus,151.711,HR_151.711,Mountain caribou in British Columbia,NaN
2282778084,TRUE,1988-11-26 20:00:00.000,-121.5722211,54.12795292,,Hart Ranges,Winter,radio-transmitter,Rangifer tarandus,151.711,HR_151.711,Mountain caribou in British Columbia,NaN
2282778085,TRUE,1988-12-06 20:00:00.000,-121.5612012,54.1368103,,Hart Ranges,Winter,radio-transmitter,Rangifer tarandus,151.711,HR_151.711,Mountain caribou in British Columbia,NaN
2282778086,TRUE,1989-01-07 20:00:00.000,-121.532048,54.00881841,,Hart Ranges,Winter,radio-transmitter,Rangifer tarandus,151.711,HR_151.711,Mountain caribou in British Columbia,NaN
2282778087,TRUE,1989-02-06 20:00:00.000,-121.5140956,53.99871009,,Hart Ranges,Winter,radio-transmitter,Rangifer tarandus,151.711,HR_151.711,Mountain caribou in British Columbia,NaN
2282778088,TRUE,1989-03-02 20:00:00.000,-121.5097293,54.03551023,,Hart Ranges,Winter,radio-transmitter,Rangifer tarandus,151.711,HR_151.711,Mountain caribou in British Columbia,NaN
2282778089,TRUE,1989-04-10 19:00:00.000,-121.5110951,54.04002155,,Hart Ranges,Summer,radio-transmitter,Rangifer tarandus,151.711,HR_151.711,Mountain caribou in British Columbia,NaN
2282778090,TRUE,1989-05-04 19:00:00.000,-121.3080784,54.07509006,,Hart Ranges,Summer,radio-transmitter,Rangifer tarandus,151.711,HR_151.711,Mountain caribou in British Columbia,NaN
2282778091,TRUE,1989-05-31 19:00:00.000,-121.2775231,54.03780107,,Hart Ranges,Summer,radio-transmitter,Rangifer tarandus,151.711,HR_151.711,Mountain caribou in British Columbia,NaN
2282778092,TRUE,1989-06-24 19:00:00.000,-121.5266462,54.16156046,,Hart Ranges,Summer,radio-transmitter,Rangifer tarandus,151.711,HR_151.711,Mountain caribou in British Columbia,NaN
2282778093,TRUE,1989-07-30 19:00:00.000,-121.4767844,54.14296263,,Hart Ranges,Summer,radio-transmitter,Rangifer tarandus,151.711,HR_151.711,Mountain caribou in British Columbia,NaN
2282778094,TRUE,1989-08-25 19:00:00.000,-121.5579537,54.1421646,,Hart Ranges,Summer,radio-transmitter,Rangifer tarandus,151.711,HR_151.711,Mountain caribou in British Columbia,NaN
2282778095,TRUE,1989-09-22 19:00:00.000,-121.4984684,54.13604411,,Hart Ranges,Summer,radio-transmitter,Rangifer tarandus,151.711,HR_151.711,Mountain caribou in British Columbia,NaN
2282778096,TRUE,1989-10-27 19:00:00.000,-121.5203374,54.1237308,,Hart Ranges,Summer,radio-transmitter,Rangifer tarandus,151.711,HR_151.711,Mountain caribou in British Columbia,NaN
2282778097,TRUE,1989-11-22 20:00:00.000,-121.510483,54.14248545,,Hart Ranges,Winter,radio-transmitter,Rangifer tarandus,151.711,HR_151.711,Mountain caribou in British Columbia,NaN
2282778098,TRUE,1989-12-28 20:00:00.000,-121.5361177,54.15358624,,Hart Ranges,Winter,radio-transmitter,Rangifer tarandus,151.711,HR_151.711,Mountain caribou in British Columbia,NaN
2282778099,TRUE,1990-02-08 20:00:00.000,-121.5173639,54.1641431,,Hart Ranges,Winter,radio-transmitter,Rangifer tarandus,151.711,HR_151.711,Mountain caribou in British Columbia,NaN
2282778100,TRUE,1990-02-13 20:00:00.000,-121.4299591,54.16663061,,Hart Ranges,Winter,radio-transmitter,Rangifer tarandus,151.711,HR_151.711,Mountain caribou in British Columbia,NaN
2282778101,TRUE,1990-03-05 20:00:00.000,-121.4255363,54.1620785,,Hart Ranges,Winter,radio-transmitter,Rangifer tarandus,151.711,HR_151.711,Mountain caribou in British Columbia,NaN
2282778102,TRUE,1990-04-12 19:00:00.000,-121.3843417,54.15793724,,Hart Ranges,Summer,radio-transmitter,Rangifer tarandus,151.711,HR_151.711,Mountain caribou in British Columbia,NaN
2282778103,TRUE,1990-05-15 19:00:00.000,-121.4209093,54.16291678,,Hart Ranges,Summer,radio-transmitter,Rangifer tarandus,151.711,HR_151.711,Mountain caribou in British Columbia,NaN
2282778104,TRUE,1988-03-18 20:00:00.000,-121.7913633,54.38022393,,Hart Ranges,Winter,radio-transmitter,Rangifer tarandus,151.72,HR_151.720,Mountain caribou in British Columbia,NaN
2282778105,TRUE,1988-06-14 19:00:00.000,-121.8596859,54.41504258,,Hart Ranges,Summer,radio-transmitter,Rangifer tarandus,151.72,HR_151.720,Mountain caribou in British Columbia,NaN
2282778106,TRUE,1988-07-19 19:00:00.000,-121.635486,54.39114614,,Hart Ranges,Summer,radio-transmitter,Rangifer tarandus,151.72,HR_151.720,Mountain caribou in British Columbia,NaN
2282778107,TRUE,1988-08-22 19:00:00.000,-121.8061825,54.40014489,,Hart Ranges,Summer,radio-transmitter,Rangifer tarandus,151.72,HR_151.720,Mountain caribou in British Columbia,NaN
2282778108,TRUE,1988-09-13 19:00:00.000,-121.942118,54.44545233,,Hart Ranges,Summer,radio-transmitter,Rangifer tarandus,151.72,HR_151.720,Mountain caribou in British Columbia,NaN
2282778109,TRUE,1988-10-04 19:00:00.000,-121.8893467,54.40093841,,Hart Ranges,Summer,radio-transmitter,Rangifer tarandus,151.72,HR_151.720,Mountain caribou in British Columbia,NaN
2282778110,TRUE,1988-10-18 19:00:00.000,-121.8649794,54.44654988,,Hart Ranges,Summer,radio-transmitter,Rangifer tarandus,151.72,HR_151.720,Mountain caribou in British Columbia,NaN
2282778111,TRUE,1988-11-26 20:00:00.000,-121.8763133,54.42688261,,Hart Ranges,Winter,radio-transmitter,Rangifer tarandus,151.72,HR_151.720,Mountain caribou in British Columbia,NaN
2282778112,TRUE,1988-12-06 20:00:00.000,-121.924593,54.46686821,,Hart Ranges,Winter,radio-transmitter,Rangifer tarandus,151.72,HR_151.720,Mountain caribou in British Columbia,NaN
2282778113,TRUE,1989-02-06 20:00:00.000,-121.8327294,54.4417487,,Hart Ranges,Winter,radio-transmitter,Rangifer tarandus,151.72,HR_151.720,Mountain caribou in British Columbia,NaN
2282778114,TRUE,1989-03-02 20:00:00.000,-121.8954047,54.46211108,,Hart Ranges,Winter,radio-transmitter,Rangifer tarandus,151.72,HR_151.720,Mountain caribou in British Columbia,NaN
2282778115,TRUE,1989-04-10 19:00:00.000,-121.8096008,54.3884943,,Hart Ranges,Summer,radio-transmitter,Rangifer tarandus,151.72,HR_151.720,Mountain caribou in British Columbia,NaN
2282778116,TRUE,1989-05-04 19:00:00.000,-121.8080352,54.38937765,,Hart Ranges,Summer,radio-transmitter,Rangifer tarandus,151.72,HR_151.720,Mountain caribou in British Columbia,NaN
2282778117,TRUE,1989-06-24 19:00:00.000,-121.8477389,54.40144736,,Hart Ranges,Summer,radio-transmitter,Rangifer tarandus,151.72,HR_151.720,Mountain caribou in British Columbia,NaN
2282778118,TRUE,1989-07-30 19:00:00.000,-121.9079115,54.45593332,,Hart Ranges,Summer,radio-transmitter,Rangifer tarandus,151.72,HR_151.720,Mountain caribou in British Columbia,NaN
2282778119,TRUE,1989-08-25 19:00:00.000,-121.858137,54.47075249,,Hart Ranges,Summer,radio-transmitter,Rangifer tarandus,151.72,HR_151.720,Mountain caribou in British Columbia,NaN
2282778120,TRUE,1989-09-22 19:00:00.000,-121.9748706,54.49247058,,Hart Ranges,Summer,radio-transmitter,Rangifer tarandus,151.72,HR_151.720,Mountain caribou in British Columbia,NaN
2282778121,TRUE,1989-10-27 19:00:00.000,-121.9246637,54.46417252,,Hart Ranges,Summer,radio-transmitter,Rangifer tarandus,151.72,HR_151.720,Mountain caribou in British Columbia,NaN
2282778122,TRUE,1989-11-22 20:00:00.000,-122.0163971,54.49910689,,Hart Ranges,Winter,radio-transmitter,Rangifer tarandus,151.72,HR_151.720,Mountain caribou in British Columbia,NaN
2282778123,TRUE,1989-12-28 20:00:00.000,-121.9229088,54.47224584,,Hart Ranges,Winter,radio-transmitter,Rangifer tarandus,151.72,HR_151.720,Mountain caribou in British Columbia,NaN
2282778124,TRUE,1990-02-08 20:00:00.000,-121.975769,54.45652751,,Hart Ranges,Winter,radio-transmitter,Rangifer tarandus,151.72,HR_151.720,Mountain caribou in British Columbia,NaN
2282778125,TRUE,1990-02-13 20:00:00.000,-121.9887852,54.49168901,,Hart Ranges,Winter,radio-transmitter,Rangifer tarandus,151.72,HR_151.720,Mountain caribou in British Columbia,NaN
2282778126,TRUE,1990-04-12 19:00:00.000,-121.7429872,54.40130119,,Hart Ranges,Summer,radio-transmitter,Rangifer tarandus,151.72,HR_151.720,Mountain caribou in British Columbia,NaN
2282778127,TRUE,1990-06-28 19:00:00.000,-121.857479,54.3835641,,Hart Ranges,Summer,radio-transmitter,Rangifer tarandus,151.72,HR_151.720,Mountain caribou in British Columbia,NaN
2282778128,TRUE,1990-07-19 19:00:00.000,-121.7943629,54.38295032,,Hart Ranges,Summer,radio-transmitter,Rangifer tarandus,151.72,HR_151.720,Mountain caribou in British Columbia,NaN
2282778129,TRUE,1990-08-28 19:00:00.000,-121.7693492,54.34404938,,Hart Ranges,Summer,radio-transmitter,Rangifer tarandus,151.72,HR_151.720,Mountain caribou in British Columbia,NaN
2282778130,TRUE,1990-09-13 19:00:00.000,-121.7215349,54.34804635,,Hart Ranges,Summer,radio-transmitter,Rangifer tarandus,151.72,HR_151.720,Mountain caribou in British Columbia,NaN
2282778131,TRUE,1990-11-01 20:00:00.000,-121.9941438,54.46207446,,Hart Ranges,Winter,radio-transmitter,Rangifer tarandus,151.72,HR_151.720,Mountain caribou in British Columbia,NaN
2282778132,TRUE,1990-12-12 20:00:00.000,-121.8434195,54.44544664,,Hart Ranges,Winter,radio-transmitter,Rangifer tarandus,151.72,HR_151.720,Mountain caribou in British Columbia,NaN
2282778133,TRUE,1991-01-29 20:00:00.000,-121.9009708,54.42710947,,Hart Ranges,Winter,radio-transmitter,Rangifer tarandus,151.72,HR_151.720,Mountain caribou in British Columbia,NaN
2282778134,TRUE,1991-02-21 20:00:00.000,-121.628567,54.36769849,,Hart Ranges,Winter,radio-transmitter,Rangifer tarandus,151.72,HR_151.720,Mountain caribou in British Columbia,NaN
2282778135,TRUE,1991-03-27 20:00:00.000,-121.8450626,54.38704113,,Hart Ranges,Winter,radio-transmitter,Rangifer tarandus,151.72,HR_151.720,Mountain caribou in British Columbia,NaN
2282778136,TRUE,1991-07-08 19:00:00.000,-121.8142455,54.38764121,,Hart Ranges,Summer,radio-transmitter,Rangifer tarandus,151.72,HR_151.720,Mountain caribou in British Columbia,NaN
2282778137,TRUE,1991-08-21 19:00:00.000,-121.7652496,54.37816207,,Hart Ranges,Summer,radio-transmitter,Rangifer tarandus,151.72,HR_151.720,Mountain caribou in British Columbia,NaN
2282778138,TRUE,1991-09-24 19:00:00.000,-121.9457506,54.48413124,,Hart Ranges,Summer,radio-transmitter,Rangifer tarandus,151.72,HR_151.720,Mountain caribou in British Columbia,NaN
2282778139,TRUE,1991-10-25 19:00:00.000,-121.9656545,54.49059455,,Hart Ranges,Summer,radio-transmitter,Rangifer tarandus,151.72,HR_151.720,Mountain caribou in British Columbia,NaN
2282778140,TRUE,1991-11-01 20:00:00.000,-121.8144269,54.38135142,,Hart Ranges,Winter,radio-transmitter,Rangifer tarandus,151.72,HR_151.720,Mountain caribou in British Columbia,NaN
2282778141,TRUE,1991-12-16 20:00:00.000,-121.9718511,54.48974865,,Hart Ranges,Winter,radio-transmitter,Rangifer tarandus,151.72,HR_151.720,Mountain caribou in British Columbia,NaN
2282778142,TRUE,1992-03-03 20:00:00.000,-121.7794417,54.41875228,,Hart Ranges,Winter,radio-transmitter,Rangifer tarandus,151.72,HR_151.720,Mountain caribou in British Columbia,NaN
2282778143,TRUE,1988-03-18 20:00:00.000,-121.1966338,54.21280171,,Hart Ranges,Winter,radio-transmitter,Rangifer tarandus,151.73,HR_151.730,Mountain caribou in British Columbia,NaN
2282778144,TRUE,1988-03-31 20:00:00.000,-121.1950619,54.21367707,,Hart Ranges,Winter,radio-transmitter,Rangifer tarandus,151.73,HR_151.730,Mountain caribou in British Columbia,NaN
2282778145,TRUE,1988-05-30 19:00:00.000,-121.1131432,54.16028462,,Hart Ranges,Summer,radio-transmitter,Rangifer tarandus,151.73,HR_151.730,Mountain caribou in British Columbia,NaN
2282778146,TRUE,1988-06-14 19:00:00.000,-121.1241015,54.15506236,,Hart Ranges,Summer,radio-transmitter,Rangifer tarandus,151.73,HR_151.730,Mountain caribou in British Columbia,NaN
2282778147,TRUE,1988-07-07 19:00:00.000,-121.1892059,54.24235397,,Hart Ranges,Summer,radio-transmitter,Rangifer tarandus,151.73,HR_151.730,Mountain caribou in British Columbia,NaN
2282778148,TRUE,1988-08-22 19:00:00.000,-121.2577143,54.29190361,,Hart Ranges,Summer,radio-transmitter,Rangifer tarandus,151.73,HR_151.730,Mountain caribou in British Columbia,NaN
2282778149,TRUE,1988-10-04 19:00:00.000,-121.1727171,54.26817312,,Hart Ranges,Summer,radio-transmitter,Rangifer tarandus,151.73,HR_151.730,Mountain caribou in British Columbia,NaN
2282778150,TRUE,1988-10-18 19:00:00.000,-121.201593,54.23984278,,Hart Ranges,Summer,radio-transmitter,Rangifer tarandus,151.73,HR_151.730,Mountain caribou in British Columbia,NaN
2282778151,TRUE,1988-12-06 20:00:00.000,-121.2178436,54.25446648,,Hart Ranges,Winter,radio-transmitter,Rangifer tarandus,151.73,HR_151.730,Mountain caribou in British Columbia,NaN
2282778152,TRUE,1989-01-07 20:00:00.000,-121.1886548,54.25493024,,Hart Ranges,Winter,radio-transmitter,Rangifer tarandus,151.73,HR_151.730,Mountain caribou in British Columbia,NaN
2282778153,TRUE,1989-02-06 20:00:00.000,-121.2301557,54.25374901,,Hart Ranges,Winter,radio-transmitter,Rangifer tarandus,151.73,HR_151.730,Mountain caribou in British Columbia,NaN
2282778154,TRUE,1991-03-27 20:00:00.000,-121.5363039,53.80032653,,Hart Ranges,Winter,radio-transmitter,Rangifer tarandus,151.73,HR_151.730,Mountain caribou in British Columbia,NaN
2282778155,TRUE,1991-09-24 19:00:00.000,-121.6503464,53.79537205,,Hart Ranges,Summer,radio-transmitter,Rangifer tarandus,151.73,HR_151.730,Mountain caribou in British Columbia,NaN
2282778156,TRUE,1989-05-04 19:00:00.000,-121.6384706,53.83389033,,Hart Ranges,Summer,radio-transmitter,Rangifer tarandus,151.735,HR_151.735,Mountain caribou in British Columbia,NaN
2282778157,TRUE,1989-05-31 19:00:00.000,-121.6558619,53.84127759,,Hart Ranges,Summer,radio-transmitter,Rangifer tarandus,151.735,HR_151.735,Mountain caribou in British Columbia,NaN
2282778158,TRUE,1989-06-24 19:00:00.000,-121.5799871,53.81073974,,Hart Ranges,Summer,radio-transmitter,Rangifer tarandus,151.735,HR_151.735,Mountain caribou in British Columbia,NaN
2282778159,TRUE,1989-07-30 19:00:00.000,-121.5414082,53.82825487,,Hart Ranges,Summer,radio-transmitter,Rangifer tarandus,151.735,HR_151.735,Mountain caribou in British Columbia,NaN
2282778160,TRUE,1989-08-25 19:00:00.000,-121.5862717,53.80452166,,Hart Ranges,Summer,radio-transmitter,Rangifer tarandus,151.735,HR_151.735,Mountain caribou in British Columbia,NaN
2282778161,TRUE,1989-09-22 19:00:00.000,-121.6578489,53.79815295,,Hart Ranges,Summer,radio-transmitter,Rangifer tarandus,151.735,HR_151.735,Mountain caribou in British Columbia,NaN
2282778162,TRUE,1989-10-27 19:00:00.000,-121.6608845,53.79818689,,Hart Ranges,Summer,radio-transmitter,Rangifer tarandus,151.735,HR_151.735,Mountain caribou in British Columbia,NaN
2282778163,TRUE,1989-11-22 20:00:00.000,-121.6529294,53.7621418,,Hart Ranges,Winter,radio-transmitter,Rangifer tarandus,151.735,HR_151.735,Mountain caribou in British Columbia,NaN
2282778164,TRUE,1989-12-28 20:00:00.000,-121.6297374,53.82210525,,Hart Ranges,Winter,radio-transmitter,Rangifer tarandus,151.735,HR_151.735,Mountain caribou in British Columbia,NaN
2282778165,TRUE,1990-02-13 20:00:00.000,-121.651547,53.80527342,,Hart Ranges,Winter,radio-transmitter,Rangifer tarandus,151.735,HR_151.735,Mountain caribou in British Columbia,NaN
2282778166,TRUE,1990-03-05 20:00:00.000,-121.6017434,53.84155793,,Hart Ranges,Winter,radio-transmitter,Rangifer tarandus,151.735,HR_151.735,Mountain caribou in British Columbia,NaN
2282778167,TRUE,1990-05-15 19:00:00.000,-121.687279,53.82814215,,Hart Ranges,Summer,radio-transmitter,Rangifer tarandus,151.735,HR_151.735,Mountain caribou in British Columbia,NaN
2282778168,TRUE,1990-06-08 19:00:00.000,-121.6647422,53.72452002,,Hart Ranges,Summer,radio-transmitter,Rangifer tarandus,151.735,HR_151.735,Mountain caribou in British Columbia,NaN
2282778169,TRUE,1990-07-19 19:00:00.000,-121.6628908,53.83056945,,Hart Ranges,Summer,radio-transmitter,Rangifer tarandus,151.735,HR_151.735,Mountain caribou in British Columbia,NaN
2282778170,TRUE,1990-08-28 19:00:00.000,-121.5613888,53.77725847,,Hart Ranges,Summer,radio-transmitter,Rangifer tarandus,151.735,HR_151.735,Mountain caribou in British Columbia,NaN
2282778171,TRUE,1990-09-13 19:00:00.000,-121.5660929,53.77282028,,Hart Ranges,Summer,radio-transmitter,Rangifer tarandus,151.735,HR_151.735,Mountain caribou in British Columbia,NaN
2282778172,TRUE,1990-11-01 20:00:00.000,-121.6940629,53.8542839,,Hart Ranges,Winter,radio-transmitter,Rangifer tarandus,151.735,HR_151.735,Mountain caribou in British Columbia,NaN
2282778173,TRUE,1990-12-12 20:00:00.000,-121.5844463,53.76854387,,Hart Ranges,Winter,radio-transmitter,Rangifer tarandus,151.735,HR_151.735,Mountain caribou in British Columbia,NaN
2282778174,TRUE,1991-02-21 20:00:00.000,-121.542344,53.80129902,,Hart Ranges,Winter,radio-transmitter,Rangifer tarandus,151.735,HR_151.735,Mountain caribou in British Columbia,NaN
2282778175,TRUE,1991-04-22 19:00:00.000,-121.6044281,53.80653214,,Hart Ranges,Summer,radio-transmitter,Rangifer tarandus,151.735,HR_151.735,Mountain caribou in British Columbia,NaN
2282778176,TRUE,1991-05-29 19:00:00.000,-121.565112,53.71258124,,Hart Ranges,Summer,radio-transmitter,Rangifer tarandus,151.735,HR_151.735,Mountain caribou in British Columbia,NaN
2282778177,TRUE,1991-07-08 19:00:00.000,-121.6165518,53.85341524,,Hart Ranges,Summer,radio-transmitter,Rangifer tarandus,151.735,HR_151.735,Mountain caribou in British Columbia,NaN
2282778178,TRUE,1991-08-21 19:00:00.000,-121.569107,53.72880954,,Hart Ranges,Summer,radio-transmitter,Rangifer tarandus,151.735,HR_151.735,Mountain caribou in British Columbia,NaN
2282778179,TRUE,1991-11-01 20:00:00.000,-121.5493768,53.77351807,,Hart Ranges,Winter,radio-transmitter,Rangifer tarandus,151.735,HR_151.735,Mountain caribou in British Columbia,NaN
2282778180,TRUE,1991-12-16 20:00:00.000,-121.5630899,53.77188541,,Hart Ranges,Winter,radio-transmitter,Rangifer tarandus,151.735,HR_151.735,Mountain caribou in British Columbia,NaN
2282778181,TRUE,1992-03-03 20:00:00.000,-121.578683,53.75948657,,Hart Ranges,Winter,radio-transmitter,Rangifer tarandus,151.735,HR_151.735,Mountain caribou in British Columbia,NaN
2282778182,TRUE,1988-03-18 20:00:00.000,-121.8081654,54.38488496,,Hart Ranges,Winter,radio-transmitter,Rangifer tarandus,151.739,HR_151.739,Mountain caribou in British Columbia,NaN
2282778183,TRUE,1988-05-30 19:00:00.000,-121.7491358,54.50292866,,Hart Ranges,Summer,radio-transmitter,Rangifer tarandus,151.739,HR_151.739,Mountain caribou in British Columbia,NaN
2282778184,TRUE,1988-06-14 19:00:00.000,-121.687255,54.55440239,,Hart Ranges,Summer,radio-transmitter,Rangifer tarandus,151.739,HR_151.739,Mountain caribou in British Columbia,NaN
2282778185,TRUE,1988-07-07 19:00:00.000,-121.5176385,54.49851424,,Hart Ranges,Summer,radio-transmitter,Rangifer tarandus,151.739,HR_151.739,Mountain caribou in British Columbia,NaN
2282778186,TRUE,1988-07-19 19:00:00.000,-121.5021702,54.49922239,,Hart Ranges,Summer,radio-transmitter,Rangifer tarandus,151.739,HR_151.739,Mountain caribou in British Columbia,NaN
2282778187,TRUE,1988-08-22 19:00:00.000,-121.3956449,54.38010759,,Hart Ranges,Summer,radio-transmitter,Rangifer tarandus,151.739,HR_151.739,Mountain caribou in British Columbia,NaN
2282778188,TRUE,1988-09-13 19:00:00.000,-121.6505577,54.40120246,,Hart Ranges,Summer,radio-transmitter,Rangifer tarandus,151.739,HR_151.739,Mountain caribou in British Columbia,NaN
2282778189,TRUE,1988-10-18 19:00:00.000,-121.8527604,54.38711452,,Hart Ranges,Summer,radio-transmitter,Rangifer tarandus,151.739,HR_151.739,Mountain caribou in British Columbia,NaN
2282778190,TRUE,1988-11-26 20:00:00.000,-121.9212477,54.47672489,,Hart Ranges,Winter,radio-transmitter,Rangifer tarandus,151.739,HR_151.739,Mountain caribou in British Columbia,NaN
2282778191,TRUE,1988-12-06 20:00:00.000,-121.9702399,54.49243123,,Hart Ranges,Winter,radio-transmitter,Rangifer tarandus,151.739,HR_151.739,Mountain caribou in British Columbia,NaN
2282778192,TRUE,1989-01-07 20:00:00.000,-121.9748706,54.49247058,,Hart Ranges,Winter,radio-transmitter,Rangifer tarandus,151.739,HR_151.739,Mountain caribou in British Columbia,NaN
2282778193,TRUE,1989-02-06 20:00:00.000,-121.8327294,54.4417487,,Hart Ranges,Winter,radio-transmitter,Rangifer tarandus,151.739,HR_151.739,Mountain caribou in British Columbia,NaN
2282778194,TRUE,1989-03-02 20:00:00.000,-121.7366889,54.40572947,,Hart Ranges,Winter,radio-transmitter,Rangifer tarandus,151.739,HR_151.739,Mountain caribou in British Columbia,NaN
2282778195,TRUE,1989-04-10 19:00:00.000,-121.6978425,54.4161025,,Hart Ranges,Summer,radio-transmitter,Rangifer tarandus,151.739,HR_151.739,Mountain caribou in British Columbia,NaN
2282778196,TRUE,1989-05-04 19:00:00.000,-121.7032482,54.34245835,,Hart Ranges,Summer,radio-transmitter,Rangifer tarandus,151.739,HR_151.739,Mountain caribou in British Columbia,NaN
2282778197,TRUE,1989-05-31 19:00:00.000,-121.5294329,54.55708087,,Hart Ranges,Summer,radio-transmitter,Rangifer tarandus,151.739,HR_151.739,Mountain caribou in British Columbia,NaN
2282778198,TRUE,1989-06-24 19:00:00.000,-121.5356804,54.55535905,,Hart Ranges,Summer,radio-transmitter,Rangifer tarandus,151.739,HR_151.739,Mountain caribou in British Columbia,NaN
2282778199,TRUE,1989-07-30 19:00:00.000,-121.5526559,54.4252357,,Hart Ranges,Summer,radio-transmitter,Rangifer tarandus,151.739,HR_151.739,Mountain caribou in British Columbia,NaN
2282778200,TRUE,1989-08-25 19:00:00.000,-121.5720619,54.44344301,,Hart Ranges,Summer,radio-transmitter,Rangifer tarandus,151.739,HR_151.739,Mountain caribou in British Columbia,NaN
2282778201,TRUE,1989-09-22 19:00:00.000,-121.5047277,54.429146,,Hart Ranges,Summer,radio-transmitter,Rangifer tarandus,151.739,HR_151.739,Mountain caribou in British Columbia,NaN
2282778202,TRUE,1989-10-27 19:00:00.000,-120.1859159,54.3246927,,Hart Ranges,Summer,radio-transmitter,Rangifer tarandus,151.739,HR_151.739,Mountain caribou in British Columbia,NaN
2282778203,TRUE,1989-12-28 20:00:00.000,-121.9984352,54.41267773,,Hart Ranges,Winter,radio-transmitter,Rangifer tarandus,151.739,HR_151.739,Mountain caribou in British Columbia,NaN
2282778204,TRUE,1990-02-08 20:00:00.000,-121.9645874,54.41059475,,Hart Ranges,Winter,radio-transmitter,Rangifer tarandus,151.739,HR_151.739,Mountain caribou in British Columbia,NaN
2282778205,TRUE,1990-02-13 20:00:00.000,-121.9679844,54.39804093,,Hart Ranges,Winter,radio-transmitter,Rangifer tarandus,151.739,HR_151.739,Mountain caribou in British Columbia,NaN
2282778206,TRUE,1990-03-05 20:00:00.000,-121.8111144,54.38940801,,Hart Ranges,Winter,radio-transmitter,Rangifer tarandus,151.739,HR_151.739,Mountain caribou in British Columbia,NaN
2282778207,TRUE,1990-04-12 19:00:00.000,-121.8159014,54.437091,,Hart Ranges,Summer,radio-transmitter,Rangifer tarandus,151.739,HR_151.739,Mountain caribou in British Columbia,NaN
2282778208,TRUE,1990-05-15 19:00:00.000,-121.7145577,54.47290584,,Hart Ranges,Summer,radio-transmitter,Rangifer tarandus,151.739,HR_151.739,Mountain caribou in British Columbia,NaN
2282778209,TRUE,1990-06-08 19:00:00.000,-121.5451786,54.54918202,,Hart Ranges,Summer,radio-transmitter,Rangifer tarandus,151.739,HR_151.739,Mountain caribou in British Columbia,NaN
2282778210,TRUE,1990-06-28 19:00:00.000,-121.4699571,54.49342605,,Hart Ranges,Summer,radio-transmitter,Rangifer tarandus,151.739,HR_151.739,Mountain caribou in British Columbia,NaN
2282778211,TRUE,1990-07-19 19:00:00.000,-121.4915308,54.49459601,,Hart Ranges,Summer,radio-transmitter,Rangifer tarandus,151.739,HR_151.739,Mountain caribou in British Columbia,NaN
2282778212,TRUE,1990-08-28 19:00:00.000,-121.4590399,54.41419044,,Hart Ranges,Summer,radio-transmitter,Rangifer tarandus,151.739,HR_151.739,Mountain caribou in British Columbia,NaN
2282778213,TRUE,1990-09-13 19:00:00.000,-121.4697554,54.41612436,,Hart Ranges,Summer,radio-transmitter,Rangifer tarandus,151.739,HR_151.739,Mountain caribou in British Columbia,NaN
2282778214,TRUE,1990-11-01 20:00:00.000,-121.9873083,54.48898035,,Hart Ranges,Winter,radio-transmitter,Rangifer tarandus,151.739,HR_151.739,Mountain caribou in British Columbia,NaN
2282778215,TRUE,1990-12-12 20:00:00.000,-121.9391273,54.44183101,,Hart Ranges,Winter,radio-transmitter,Rangifer tarandus,151.739,HR_151.739,Mountain caribou in British Columbia,NaN
2282778216,TRUE,1991-01-29 20:00:00.000,-121.8535986,54.41228859,,Hart Ranges,Winter,radio-transmitter,Rangifer tarandus,151.739,HR_151.739,Mountain caribou in British Columbia,NaN
2282778217,TRUE,1991-02-21 20:00:00.000,-121.9945843,54.44410276,,Hart Ranges,Winter,radio-transmitter,Rangifer tarandus,151.739,HR_151.739,Mountain caribou in British Columbia,NaN
2282778218,TRUE,1991-03-27 20:00:00.000,-121.8450626,54.38704113,,Hart Ranges,Winter,radio-transmitter,Rangifer tarandus,151.739,HR_151.739,Mountain caribou in British Columbia,NaN
2282778219,TRUE,1991-04-22 19:00:00.000,-121.7245904,54.39841188,,Hart Ranges,Summer,radio-transmitter,Rangifer tarandus,151.739,HR_151.739,Mountain caribou in British Columbia,NaN
2282778220,TRUE,1991-05-29 19:00:00.000,-121.5359379,54.54817172,,Hart Ranges,Summer,radio-transmitter,Rangifer tarandus,151.739,HR_151.739,Mountain caribou in British Columbia,NaN
2282778221,TRUE,1991-07-08 19:00:00.000,-121.4868342,54.49633495,,Hart Ranges,Summer,radio-transmitter,Rangifer tarandus,151.739,HR_151.739,Mountain caribou in British Columbia,NaN
2282778222,TRUE,1991-08-21 19:00:00.000,-121.4211188,54.39842032,,Hart Ranges,Summer,radio-transmitter,Rangifer tarandus,151.739,HR_151.739,Mountain caribou in British Columbia,NaN
2282778223,TRUE,1991-09-24 19:00:00.000,-121.519554,54.44550744,,Hart Ranges,Summer,radio-transmitter,Rangifer tarandus,151.739,HR_151.739,Mountain caribou in British Columbia,NaN
2282778224,TRUE,1991-10-25 19:00:00.000,-121.6024701,54.36560151,,Hart Ranges,Summer,radio-transmitter,Rangifer tarandus,151.739,HR_151.739,Mountain caribou in British Columbia,NaN
2282778225,TRUE,1991-11-01 20:00:00.000,-121.6635494,54.38067428,,Hart Ranges,Winter,radio-transmitter,Rangifer tarandus,151.739,HR_151.739,Mountain caribou in British Columbia,NaN
2282778226,TRUE,1991-12-16 20:00:00.000,-121.6895559,54.2892801,,Hart Ranges,Winter,radio-transmitter,Rangifer tarandus,151.739,HR_151.739,Mountain caribou in British Columbia,NaN
2282778227,TRUE,1992-03-03 20:00:00.000,-121.7745783,54.42679219,,Hart Ranges,Winter,radio-transmitter,Rangifer tarandus,151.739,HR_151.739,Mountain caribou in British Columbia,NaN
2282778228,TRUE,1990-11-01 20:00:00.000,-121.3475032,54.27519016,,Hart Ranges,Winter,radio-transmitter,Rangifer tarandus,151.744,HR_151.744,Mountain caribou in British Columbia,NaN
2282778229,TRUE,1988-03-22 20:00:00.000,-121.1528297,54.19775546,,Hart Ranges,Winter,radio-transmitter,Rangifer tarandus,151.749,HR_151.749,Mountain caribou in British Columbia,NaN
2282778230,TRUE,1988-03-31 20:00:00.000,-121.1172461,54.23855443,,Hart Ranges,Winter,radio-transmitter,Rangifer tarandus,151.749,HR_151.749,Mountain caribou in British Columbia,NaN
2282778231,TRUE,1988-06-14 19:00:00.000,-120.9344794,54.33354388,,Hart Ranges,Summer,radio-transmitter,Rangifer tarandus,151.749,HR_151.749,Mountain caribou in British Columbia,NaN
2282778232,TRUE,1988-07-07 19:00:00.000,-121.0543212,54.33643529,,Hart Ranges,Summer,radio-transmitter,Rangifer tarandus,151.749,HR_151.749,Mountain caribou in British Columbia,NaN
2282778233,TRUE,1988-08-22 19:00:00.000,-121.0214114,54.31702281,,Hart Ranges,Summer,radio-transmitter,Rangifer tarandus,151.749,HR_151.749,Mountain caribou in British Columbia,NaN
2282778234,TRUE,1988-09-13 19:00:00.000,-121.0219285,54.30624431,,Hart Ranges,Summer,radio-transmitter,Rangifer tarandus,151.749,HR_151.749,Mountain caribou in British Columbia,NaN
2282778235,TRUE,1988-10-04 19:00:00.000,-121.1169568,54.31226009,,Hart Ranges,Summer,radio-transmitter,Rangifer tarandus,151.749,HR_151.749,Mountain caribou in British Columbia,NaN
2282778236,TRUE,1988-10-18 19:00:00.000,-121.0665563,54.30517026,,Hart Ranges,Summer,radio-transmitter,Rangifer tarandus,151.749,HR_151.749,Mountain caribou in British Columbia,NaN
2282778237,TRUE,1988-12-06 20:00:00.000,-121.3112499,54.26030579,,Hart Ranges,Winter,radio-transmitter,Rangifer tarandus,151.749,HR_151.749,Mountain caribou in British Columbia,NaN
2282778238,TRUE,1989-01-07 20:00:00.000,-121.1886548,54.25493024,,Hart Ranges,Winter,radio-transmitter,Rangifer tarandus,151.749,HR_151.749,Mountain caribou in British Columbia,NaN
2282778239,TRUE,1989-02-06 20:00:00.000,-121.1842102,54.25126777,,Hart Ranges,Winter,radio-transmitter,Rangifer tarandus,151.749,HR_151.749,Mountain caribou in British Columbia,NaN
2282778240,TRUE,1989-03-02 20:00:00.000,-121.1994334,54.25419285,,Hart Ranges,Winter,radio-transmitter,Rangifer tarandus,151.749,HR_151.749,Mountain caribou in British Columbia,NaN
2282778241,TRUE,1989-04-10 19:00:00.000,-121.1793706,54.25658814,,Hart Ranges,Summer,radio-transmitter,Rangifer tarandus,151.749,HR_151.749,Mountain caribou in British Columbia,NaN
2282778242,TRUE,1989-05-04 19:00:00.000,-121.2491369,54.24054293,,Hart Ranges,Summer,radio-transmitter,Rangifer tarandus,151.749,HR_151.749,Mountain caribou in British Columbia,NaN
2282778243,TRUE,1989-05-31 19:00:00.000,-120.9483562,54.33288177,,Hart Ranges,Summer,radio-transmitter,Rangifer tarandus,151.749,HR_151.749,Mountain caribou in British Columbia,NaN
2282778244,TRUE,1989-07-30 19:00:00.000,-120.978042,54.32349489,,Hart Ranges,Summer,radio-transmitter,Rangifer tarandus,151.749,HR_151.749,Mountain caribou in British Columbia,NaN
2282778245,TRUE,1989-08-25 19:00:00.000,-121.0338308,54.31452918,,Hart Ranges,Summer,radio-transmitter,Rangifer tarandus,151.749,HR_151.749,Mountain caribou in British Columbia,NaN
2282778246,TRUE,1989-09-22 19:00:00.000,-120.9666215,54.33678674,,Hart Ranges,Summer,radio-transmitter,Rangifer tarandus,151.749,HR_151.749,Mountain caribou in British Columbia,NaN
2282778247,TRUE,1989-10-27 19:00:00.000,-121.0302861,54.32435938,,Hart Ranges,Summer,radio-transmitter,Rangifer tarandus,151.749,HR_151.749,Mountain caribou in British Columbia,NaN
2282778248,TRUE,1989-11-22 20:00:00.000,-121.2004504,54.23083675,,Hart Ranges,Winter,radio-transmitter,Rangifer tarandus,151.749,HR_151.749,Mountain caribou in British Columbia,NaN
2282778249,TRUE,1989-12-28 20:00:00.000,-121.234797,54.21696254,,Hart Ranges,Winter,radio-transmitter,Rangifer tarandus,151.749,HR_151.749,Mountain caribou in British Columbia,NaN
2282778250,TRUE,1990-02-13 20:00:00.000,-121.2005676,54.22814181,,Hart Ranges,Winter,radio-transmitter,Rangifer tarandus,151.749,HR_151.749,Mountain caribou in British Columbia,NaN
2282778251,TRUE,1990-03-05 20:00:00.000,-121.1811421,54.25122151,,Hart Ranges,Winter,radio-transmitter,Rangifer tarandus,151.749,HR_151.749,Mountain caribou in British Columbia,NaN
2282778252,TRUE,1990-04-12 19:00:00.000,-121.179331,54.25748644,,Hart Ranges,Summer,radio-transmitter,Rangifer tarandus,151.749,HR_151.749,Mountain caribou in British Columbia,NaN
2282778253,TRUE,1990-05-15 19:00:00.000,-120.9620104,54.33670893,,Hart Ranges,Summer,radio-transmitter,Rangifer tarandus,151.749,HR_151.749,Mountain caribou in British Columbia,NaN
2282778254,TRUE,1990-06-08 19:00:00.000,-120.9440593,54.32651613,,Hart Ranges,Summer,radio-transmitter,Rangifer tarandus,151.749,HR_151.749,Mountain caribou in British Columbia,NaN
2282778255,TRUE,1990-06-28 19:00:00.000,-120.9775505,54.36483694,,Hart Ranges,Summer,radio-transmitter,Rangifer tarandus,151.749,HR_151.749,Mountain caribou in British Columbia,NaN
2282778256,TRUE,1990-07-19 19:00:00.000,-121.0573954,54.33648483,,Hart Ranges,Summer,radio-transmitter,Rangifer tarandus,151.749,HR_151.749,Mountain caribou in British Columbia,NaN
2282778257,TRUE,1990-09-13 19:00:00.000,-121.024255,54.35392483,,Hart Ranges,Summer,radio-transmitter,Rangifer tarandus,151.749,HR_151.749,Mountain caribou in British Columbia,NaN
2282778258,TRUE,1991-01-29 20:00:00.000,-121.1824786,54.25573615,,Hart Ranges,Winter,radio-transmitter,Rangifer tarandus,151.749,HR_151.749,Mountain caribou in British Columbia,NaN
2282778259,TRUE,1991-03-27 20:00:00.000,-121.1841312,54.25306437,,Hart Ranges,Winter,radio-transmitter,Rangifer tarandus,151.749,HR_151.749,Mountain caribou in British Columbia,NaN
2282778260,TRUE,1991-04-22 19:00:00.000,-121.2013488,54.2101755,,Hart Ranges,Summer,radio-transmitter,Rangifer tarandus,151.749,HR_151.749,Mountain caribou in British Columbia,NaN
2282778261,TRUE,1991-05-29 19:00:00.000,-120.9298687,54.33346484,,Hart Ranges,Summer,radio-transmitter,Rangifer tarandus,151.749,HR_151.749,Mountain caribou in British Columbia,NaN
2282778262,TRUE,1991-07-08 19:00:00.000,-121.0098685,54.39683605,,Hart Ranges,Summer,radio-transmitter,Rangifer tarandus,151.749,HR_151.749,Mountain caribou in British Columbia,NaN
2282778263,TRUE,1991-08-21 19:00:00.000,-120.9649069,54.34035352,,Hart Ranges,Summer,radio-transmitter,Rangifer tarandus,151.749,HR_151.749,Mountain caribou in British Columbia,NaN
2282778264,TRUE,1991-09-24 19:00:00.000,-120.9852857,54.33260531,,Hart Ranges,Summer,radio-transmitter,Rangifer tarandus,151.749,HR_151.749,Mountain caribou in British Columbia,NaN
2282778265,TRUE,1988-03-19 20:00:00.000,-122.2980637,53.55552374,,Hart Ranges,Winter,radio-transmitter,Rangifer tarandus,151.76,HR_151.760,Mountain caribou in British Columbia,NaN
2282778266,TRUE,1988-03-30 20:00:00.000,-122.476191,53.55553758,,Hart Ranges,Winter,radio-transmitter,Rangifer tarandus,151.76,HR_151.760,Mountain caribou in British Columbia,NaN
2282778267,TRUE,1988-05-14 19:00:00.000,-122.310256,53.54840364,,Hart Ranges,Summer,radio-transmitter,Rangifer tarandus,151.76,HR_151.760,Mountain caribou in British Columbia,NaN
2282778268,TRUE,1988-06-14 19:00:00.000,-122.3388322,53.55485717,,Hart Ranges,Summer,radio-transmitter,Rangifer tarandus,151.76,HR_151.760,Mountain caribou in British Columbia,NaN
2282778269,TRUE,1988-06-28 19:00:00.000,-122.326757,53.55478981,,Hart Ranges,Summer,radio-transmitter,Rangifer tarandus,151.76,HR_151.760,Mountain caribou in British Columbia,NaN
2282778270,TRUE,1988-07-19 19:00:00.000,-122.3448421,53.55668799,,Hart Ranges,Summer,radio-transmitter,Rangifer tarandus,151.76,HR_151.760,Mountain caribou in British Columbia,NaN
2282778271,TRUE,1988-08-22 19:00:00.000,-122.2654171,53.52296791,,Hart Ranges,Summer,radio-transmitter,Rangifer tarandus,151.76,HR_151.760,Mountain caribou in British Columbia,NaN
2282778272,TRUE,1988-09-13 19:00:00.000,-122.3146673,53.55562002,,Hart Ranges,Summer,radio-transmitter,Rangifer tarandus,151.76,HR_151.760,Mountain caribou in British Columbia,NaN
2282778273,TRUE,1988-10-04 19:00:00.000,-122.3449764,53.64567677,,Hart Ranges,Summer,radio-transmitter,Rangifer tarandus,151.76,HR_151.760,Mountain caribou in British Columbia,NaN
2282778274,TRUE,1988-10-18 19:00:00.000,-122.3678409,53.63411447,,Hart Ranges,Summer,radio-transmitter,Rangifer tarandus,151.76,HR_151.760,Mountain caribou in British Columbia,NaN
2282778275,TRUE,1988-11-26 20:00:00.000,-122.3681403,53.51276832,,Hart Ranges,Winter,radio-transmitter,Rangifer tarandus,151.76,HR_151.760,Mountain caribou in British Columbia,NaN
2282778276,TRUE,1988-12-06 20:00:00.000,-122.3282095,53.55839348,,Hart Ranges,Winter,radio-transmitter,Rangifer tarandus,151.76,HR_151.760,Mountain caribou in British Columbia,NaN
2282778277,TRUE,1989-01-07 20:00:00.000,-122.331526,53.53953563,,Hart Ranges,Winter,radio-transmitter,Rangifer tarandus,151.76,HR_151.760,Mountain caribou in British Columbia,NaN
2282778278,TRUE,1989-02-06 20:00:00.000,-122.3558452,53.52798367,,Hart Ranges,Winter,radio-transmitter,Rangifer tarandus,151.76,HR_151.760,Mountain caribou in British Columbia,NaN
2282778279,TRUE,1989-03-02 20:00:00.000,-122.2844183,53.55903839,,Hart Ranges,Winter,radio-transmitter,Rangifer tarandus,151.76,HR_151.760,Mountain caribou in British Columbia,NaN
2282778280,TRUE,1989-04-10 19:00:00.000,-122.3191956,53.55564588,,Hart Ranges,Summer,radio-transmitter,Rangifer tarandus,151.76,HR_151.760,Mountain caribou in British Columbia,NaN
2282778281,TRUE,1989-05-04 19:00:00.000,-122.3312711,53.55571401,,Hart Ranges,Summer,radio-transmitter,Rangifer tarandus,151.76,HR_151.760,Mountain caribou in British Columbia,NaN
2282778282,TRUE,1989-05-31 19:00:00.000,-122.3460058,53.48118832,,Hart Ranges,Summer,radio-transmitter,Rangifer tarandus,151.76,HR_151.760,Mountain caribou in British Columbia,NaN
2282778283,TRUE,1989-06-24 19:00:00.000,-122.410225,53.52287099,,Hart Ranges,Summer,radio-transmitter,Rangifer tarandus,151.76,HR_151.760,Mountain caribou in British Columbia,NaN
2282778284,TRUE,1989-07-30 19:00:00.000,-122.3296906,53.56019954,,Hart Ranges,Summer,radio-transmitter,Rangifer tarandus,151.76,HR_151.760,Mountain caribou in British Columbia,NaN
2282778285,TRUE,1989-08-25 19:00:00.000,-122.3483857,53.52254997,,Hart Ranges,Summer,radio-transmitter,Rangifer tarandus,151.76,HR_151.760,Mountain caribou in British Columbia,NaN
2282778286,TRUE,1989-09-22 19:00:00.000,-122.3328936,53.54853205,,Hart Ranges,Summer,radio-transmitter,Rangifer tarandus,151.76,HR_151.760,Mountain caribou in British Columbia,NaN
2282778287,TRUE,1989-11-22 20:00:00.000,-122.3035995,53.58611788,,Hart Ranges,Winter,radio-transmitter,Rangifer tarandus,151.76,HR_151.760,Mountain caribou in British Columbia,NaN
2282778288,TRUE,1989-12-28 20:00:00.000,-122.4019237,53.5767622,,Hart Ranges,Winter,radio-transmitter,Rangifer tarandus,151.76,HR_151.760,Mountain caribou in British Columbia,NaN
2282778289,TRUE,1990-02-13 20:00:00.000,-122.2990977,53.58429384,,Hart Ranges,Winter,radio-transmitter,Rangifer tarandus,151.76,HR_151.760,Mountain caribou in British Columbia,NaN
2282778290,TRUE,1990-03-05 20:00:00.000,-122.3130851,53.56010533,,Hart Ranges,Winter,radio-transmitter,Rangifer tarandus,151.76,HR_151.760,Mountain caribou in British Columbia,NaN
2282778291,TRUE,1990-04-12 19:00:00.000,-122.2982558,54.08943515,,Hart Ranges,Summer,radio-transmitter,Rangifer tarandus,151.76,HR_151.760,Mountain caribou in British Columbia,NaN
2282778292,TRUE,1990-05-15 19:00:00.000,-122.2979447,53.56271406,,Hart Ranges,Summer,radio-transmitter,Rangifer tarandus,151.76,HR_151.760,Mountain caribou in British Columbia,NaN
2282778293,TRUE,1990-06-08 19:00:00.000,-122.1823609,53.52782212,,Hart Ranges,Summer,radio-transmitter,Rangifer tarandus,151.76,HR_151.760,Mountain caribou in British Columbia,NaN
2282778294,TRUE,1990-08-28 19:00:00.000,-122.3652319,53.50556185,,Hart Ranges,Summer,radio-transmitter,Rangifer tarandus,151.76,HR_151.760,Mountain caribou in British Columbia,NaN
2282778295,TRUE,1990-09-13 19:00:00.000,-122.3593097,53.49833919,,Hart Ranges,Summer,radio-transmitter,Rangifer tarandus,151.76,HR_151.760,Mountain caribou in British Columbia,NaN
2282778296,TRUE,1988-03-22 20:00:00.000,-121.4644758,54.14460399,,Hart Ranges,Winter,radio-transmitter,Rangifer tarandus,151.77,HR_151.770,Mountain caribou in British Columbia,NaN
2282778297,TRUE,1988-03-31 20:00:00.000,-121.4797791,54.14479822,,Hart Ranges,Winter,radio-transmitter,Rangifer tarandus,151.77,HR_151.770,Mountain caribou in British Columbia,NaN
2282778298,TRUE,1988-06-14 19:00:00.000,-121.2807804,54.51245577,,Hart Ranges,Summer,radio-transmitter,Rangifer tarandus,151.77,HR_151.770,Mountain caribou in British Columbia,NaN
2282778299,TRUE,1988-07-07 19:00:00.000,-121.3286387,54.47537548,,Hart Ranges,Summer,radio-transmitter,Rangifer tarandus,151.77,HR_151.770,Mountain caribou in British Columbia,NaN
2282778300,TRUE,1988-07-19 19:00:00.000,-121.299107,54.48035653,,Hart Ranges,Summer,radio-transmitter,Rangifer tarandus,151.77,HR_151.770,Mountain caribou in British Columbia,NaN
2282778301,TRUE,1988-08-22 19:00:00.000,-121.4210152,54.40111549,,Hart Ranges,Summer,radio-transmitter,Rangifer tarandus,151.77,HR_151.770,Mountain caribou in British Columbia,NaN
2282778302,TRUE,1988-09-13 19:00:00.000,-121.5299909,54.4555219,,Hart Ranges,Summer,radio-transmitter,Rangifer tarandus,151.77,HR_151.770,Mountain caribou in British Columbia,NaN
2282778303,TRUE,1988-10-04 19:00:00.000,-121.5954309,54.43652646,,Hart Ranges,Summer,radio-transmitter,Rangifer tarandus,151.77,HR_151.770,Mountain caribou in British Columbia,NaN
2282778304,TRUE,1988-10-18 19:00:00.000,-121.7122224,54.35064377,,Hart Ranges,Summer,radio-transmitter,Rangifer tarandus,151.77,HR_151.770,Mountain caribou in British Columbia,NaN
2282778305,TRUE,1989-01-07 20:00:00.000,-121.5727314,54.15762128,,Hart Ranges,Winter,radio-transmitter,Rangifer tarandus,151.77,HR_151.770,Mountain caribou in British Columbia,NaN
2282778306,TRUE,1989-02-06 20:00:00.000,-121.5156587,54.21176159,,Hart Ranges,Winter,radio-transmitter,Rangifer tarandus,151.77,HR_151.770,Mountain caribou in British Columbia,NaN
2282778307,TRUE,1989-03-02 20:00:00.000,-121.5084154,54.19998699,,Hart Ranges,Winter,radio-transmitter,Rangifer tarandus,151.77,HR_151.770,Mountain caribou in British Columbia,NaN
2282778308,TRUE,1989-04-10 19:00:00.000,-121.5617072,54.21052242,,Hart Ranges,Summer,radio-transmitter,Rangifer tarandus,151.77,HR_151.770,Mountain caribou in British Columbia,NaN
2282778309,TRUE,1989-05-04 19:00:00.000,-121.7527164,54.28365818,,Hart Ranges,Summer,radio-transmitter,Rangifer tarandus,151.77,HR_151.770,Mountain caribou in British Columbia,NaN
2282778310,TRUE,1989-05-31 19:00:00.000,-121.6822351,54.42222486,,Hart Ranges,Summer,radio-transmitter,Rangifer tarandus,151.77,HR_151.770,Mountain caribou in British Columbia,NaN
2282778311,TRUE,1990-05-15 19:00:00.000,-121.2790906,54.07377989,,Hart Ranges,Summer,radio-transmitter,Rangifer tarandus,151.775,HR_151.775,Mountain caribou in British Columbia,NaN
2282778312,TRUE,1990-06-08 19:00:00.000,-121.3029511,53.93838313,,Hart Ranges,Summer,radio-transmitter,Rangifer tarandus,151.775,HR_151.775,Mountain caribou in British Columbia,NaN
2282778313,TRUE,1990-07-19 19:00:00.000,-121.6010115,54.04559569,,Hart Ranges,Summer,radio-transmitter,Rangifer tarandus,151.775,HR_151.775,Mountain caribou in British Columbia,NaN
2282778314,TRUE,1990-08-28 19:00:00.000,-121.5155886,53.99962742,,Hart Ranges,Summer,radio-transmitter,Rangifer tarandus,151.775,HR_151.775,Mountain caribou in British Columbia,NaN
2282778315,TRUE,1990-09-13 19:00:00.000,-121.5124424,54.00228518,,Hart Ranges,Summer,radio-transmitter,Rangifer tarandus,151.775,HR_151.775,Mountain caribou in British Columbia,NaN
2282778316,TRUE,1990-11-01 20:00:00.000,-121.4340405,53.93656841,,Hart Ranges,Winter,radio-transmitter,Rangifer tarandus,151.775,HR_151.775,Mountain caribou in British Columbia,NaN
2282778317,TRUE,1990-12-12 20:00:00.000,-121.5588841,54.0271207,,Hart Ranges,Winter,radio-transmitter,Rangifer tarandus,151.775,HR_151.775,Mountain caribou in British Columbia,NaN
2282778318,TRUE,1991-01-29 20:00:00.000,-121.5047524,54.00398752,,Hart Ranges,Winter,radio-transmitter,Rangifer tarandus,151.775,HR_151.775,Mountain caribou in British Columbia,NaN
2282778319,TRUE,1991-02-21 20:00:00.000,-121.5408859,54.01791482,,Hart Ranges,Winter,radio-transmitter,Rangifer tarandus,151.775,HR_151.775,Mountain caribou in British Columbia,NaN
2282778320,TRUE,1991-03-27 20:00:00.000,-121.5065993,53.99502162,,Hart Ranges,Winter,radio-transmitter,Rangifer tarandus,151.775,HR_151.775,Mountain caribou in British Columbia,NaN
2282778321,TRUE,1991-04-22 19:00:00.000,-121.5423955,54.01883201,,Hart Ranges,Summer,radio-transmitter,Rangifer tarandus,151.775,HR_151.775,Mountain caribou in British Columbia,NaN
2282778322,TRUE,1991-07-08 19:00:00.000,-121.504688,54.00578449,,Hart Ranges,Summer,radio-transmitter,Rangifer tarandus,151.775,HR_151.775,Mountain caribou in British Columbia,NaN
2282778323,TRUE,1991-08-21 19:00:00.000,-121.5245474,54.04827727,,Hart Ranges,Summer,radio-transmitter,Rangifer tarandus,151.775,HR_151.775,Mountain caribou in British Columbia,NaN
2282778324,TRUE,1991-09-24 19:00:00.000,-121.5994242,54.04737495,,Hart Ranges,Summer,radio-transmitter,Rangifer tarandus,151.775,HR_151.775,Mountain caribou in British Columbia,NaN
2282778325,TRUE,1991-10-25 19:00:00.000,-121.5979882,54.04466161,,Hart Ranges,Summer,radio-transmitter,Rangifer tarandus,151.775,HR_151.775,Mountain caribou in British Columbia,NaN
2282778326,TRUE,1991-11-01 20:00:00.000,-121.5505089,54.00454806,,Hart Ranges,Winter,radio-transmitter,Rangifer tarandus,151.775,HR_151.775,Mountain caribou in British Columbia,NaN
2282778327,TRUE,1991-12-16 20:00:00.000,-121.537929,53.75360286,,Hart Ranges,Winter,radio-transmitter,Rangifer tarandus,151.775,HR_151.775,Mountain caribou in British Columbia,NaN
2282778328,TRUE,1992-03-03 20:00:00.000,-121.584416,53.76944242,,Hart Ranges,Winter,radio-transmitter,Rangifer tarandus,151.775,HR_151.775,Mountain caribou in British Columbia,NaN
2282778329,TRUE,1988-03-22 20:00:00.000,-121.2663532,54.04932639,,Hart Ranges,Winter,radio-transmitter,Rangifer tarandus,151.78,HR_151.780,Mountain caribou in British Columbia,NaN
2282778330,TRUE,1988-03-31 20:00:00.000,-121.2306295,53.99127505,,Hart Ranges,Winter,radio-transmitter,Rangifer tarandus,151.78,HR_151.780,Mountain caribou in British Columbia,NaN
2282778331,TRUE,1988-08-22 19:00:00.000,-120.9161185,54.14894462,,Hart Ranges,Summer,radio-transmitter,Rangifer tarandus,151.78,HR_151.780,Mountain caribou in British Columbia,NaN
2282778332,TRUE,1988-09-13 19:00:00.000,-120.9312396,54.15280128,,Hart Ranges,Summer,radio-transmitter,Rangifer tarandus,151.78,HR_151.780,Mountain caribou in British Columbia,NaN
2282778333,TRUE,1988-10-04 19:00:00.000,-120.8752263,54.46825321,,Hart Ranges,Summer,radio-transmitter,Rangifer tarandus,151.78,HR_151.780,Mountain caribou in British Columbia,NaN
2282778334,TRUE,1988-10-18 19:00:00.000,-120.8597386,54.08412839,,Hart Ranges,Summer,radio-transmitter,Rangifer tarandus,151.78,HR_151.780,Mountain caribou in British Columbia,NaN
2282778335,TRUE,1989-02-06 20:00:00.000,-120.8609399,54.06077639,,Hart Ranges,Winter,radio-transmitter,Rangifer tarandus,151.78,HR_151.780,Mountain caribou in British Columbia,NaN
2282778336,TRUE,1989-04-10 19:00:00.000,-121.6505367,53.83672335,,Hart Ranges,Summer,radio-transmitter,Rangifer tarandus,151.785,HR_151.785,Mountain caribou in British Columbia,NaN
2282778337,TRUE,1989-05-04 19:00:00.000,-121.6384706,53.83389033,,Hart Ranges,Summer,radio-transmitter,Rangifer tarandus,151.785,HR_151.785,Mountain caribou in British Columbia,NaN
2282778338,TRUE,1989-05-31 19:00:00.000,-121.580351,53.75501178,,Hart Ranges,Summer,radio-transmitter,Rangifer tarandus,151.785,HR_151.785,Mountain caribou in British Columbia,NaN
2282778339,TRUE,1989-06-24 19:00:00.000,-121.6162973,53.76891576,,Hart Ranges,Summer,radio-transmitter,Rangifer tarandus,151.785,HR_151.785,Mountain caribou in British Columbia,NaN
2282778340,TRUE,1989-08-25 19:00:00.000,-121.5862717,53.80452166,,Hart Ranges,Summer,radio-transmitter,Rangifer tarandus,151.785,HR_151.785,Mountain caribou in British Columbia,NaN
2282778341,TRUE,1989-09-22 19:00:00.000,-121.5507073,53.82297415,,Hart Ranges,Summer,radio-transmitter,Rangifer tarandus,151.785,HR_151.785,Mountain caribou in British Columbia,NaN
2282778342,TRUE,1989-10-27 19:00:00.000,-121.67625,53.84060539,,Hart Ranges,Summer,radio-transmitter,Rangifer tarandus,151.785,HR_151.785,Mountain caribou in British Columbia,NaN
2282778343,TRUE,1989-11-22 20:00:00.000,-121.6529294,53.7621418,,Hart Ranges,Winter,radio-transmitter,Rangifer tarandus,151.785,HR_151.785,Mountain caribou in British Columbia,NaN
2282778344,TRUE,1989-12-28 20:00:00.000,-121.6297374,53.82210525,,Hart Ranges,Winter,radio-transmitter,Rangifer tarandus,151.785,HR_151.785,Mountain caribou in British Columbia,NaN
2282778345,TRUE,1990-03-05 20:00:00.000,-121.6017434,53.84155793,,Hart Ranges,Winter,radio-transmitter,Rangifer tarandus,151.785,HR_151.785,Mountain caribou in British Columbia,NaN
2282778346,TRUE,1990-04-12 19:00:00.000,-121.6496692,53.86368029,,Hart Ranges,Summer,radio-transmitter,Rangifer tarandus,151.785,HR_151.785,Mountain caribou in British Columbia,NaN
2282778347,TRUE,1990-05-15 19:00:00.000,-121.70744,53.81487777,,Hart Ranges,Summer,radio-transmitter,Rangifer tarandus,151.785,HR_151.785,Mountain caribou in British Columbia,NaN
2282778348,TRUE,1990-06-08 19:00:00.000,-121.6816902,53.71571865,,Hart Ranges,Summer,radio-transmitter,Rangifer tarandus,151.785,HR_151.785,Mountain caribou in British Columbia,NaN
2282778349,TRUE,1990-07-19 19:00:00.000,-121.6628908,53.83056945,,Hart Ranges,Summer,radio-transmitter,Rangifer tarandus,151.785,HR_151.785,Mountain caribou in British Columbia,NaN
2282778350,TRUE,1990-08-28 19:00:00.000,-121.5859995,53.81260858,,Hart Ranges,Summer,radio-transmitter,Rangifer tarandus,151.785,HR_151.785,Mountain caribou in British Columbia,NaN
2282778351,TRUE,1990-09-13 19:00:00.000,-121.5670444,53.83395728,,Hart Ranges,Summer,radio-transmitter,Rangifer tarandus,151.785,HR_151.785,Mountain caribou in British Columbia,NaN
2282778352,TRUE,1990-11-01 20:00:00.000,-121.6313526,53.6791976,,Hart Ranges,Winter,radio-transmitter,Rangifer tarandus,151.785,HR_151.785,Mountain caribou in British Columbia,NaN
2282778353,TRUE,1990-12-12 20:00:00.000,-121.6654665,53.79733907,,Hart Ranges,Winter,radio-transmitter,Rangifer tarandus,151.785,HR_151.785,Mountain caribou in British Columbia,NaN
2282778354,TRUE,1991-01-29 20:00:00.000,-121.5452923,53.75998487,,Hart Ranges,Winter,radio-transmitter,Rangifer tarandus,151.785,HR_151.785,Mountain caribou in British Columbia,NaN
2282778355,TRUE,1991-02-21 20:00:00.000,-121.5891169,53.7650033,,Hart Ranges,Winter,radio-transmitter,Rangifer tarandus,151.785,HR_151.785,Mountain caribou in British Columbia,NaN
2282778356,TRUE,1991-03-27 20:00:00.000,-121.5716501,53.74322253,,Hart Ranges,Winter,radio-transmitter,Rangifer tarandus,151.785,HR_151.785,Mountain caribou in British Columbia,NaN
2282778357,TRUE,1991-04-22 19:00:00.000,-121.624403,53.89215776,,Hart Ranges,Summer,radio-transmitter,Rangifer tarandus,151.785,HR_151.785,Mountain caribou in British Columbia,NaN
2282778358,TRUE,1991-05-29 19:00:00.000,-121.5969694,53.75700529,,Hart Ranges,Summer,radio-transmitter,Rangifer tarandus,151.785,HR_151.785,Mountain caribou in British Columbia,NaN
2282778359,TRUE,1991-08-21 19:00:00.000,-121.6705426,53.82885671,,Hart Ranges,Summer,radio-transmitter,Rangifer tarandus,151.785,HR_151.785,Mountain caribou in British Columbia,NaN
2282778360,TRUE,1991-09-24 19:00:00.000,-121.534974,53.79491683,,Hart Ranges,Summer,radio-transmitter,Rangifer tarandus,151.785,HR_151.785,Mountain caribou in British Columbia,NaN
2282778361,TRUE,1991-10-25 19:00:00.000,-121.6384959,53.78624908,,Hart Ranges,Summer,radio-transmitter,Rangifer tarandus,151.785,HR_151.785,Mountain caribou in British Columbia,NaN
2282778362,TRUE,1992-03-03 20:00:00.000,-121.584416,53.76944242,,Hart Ranges,Winter,radio-transmitter,Rangifer tarandus,151.785,HR_151.785,Mountain caribou in British Columbia,NaN
2282778363,TRUE,1988-03-19 20:00:00.000,-121.8357629,53.62382969,,Hart Ranges,Winter,radio-transmitter,Rangifer tarandus,151.79,HR_151.790,Mountain caribou in British Columbia,NaN
2282778364,TRUE,1988-03-30 20:00:00.000,-121.8431491,53.63019363,,Hart Ranges,Winter,radio-transmitter,Rangifer tarandus,151.79,HR_151.790,Mountain caribou in British Columbia,NaN
2282778365,TRUE,1988-05-14 19:00:00.000,-121.822073,53.46368865,,Hart Ranges,Summer,radio-transmitter,Rangifer tarandus,151.79,HR_151.790,Mountain caribou in British Columbia,NaN
2282778366,TRUE,1988-06-14 19:00:00.000,-121.8321706,53.47996844,,Hart Ranges,Summer,radio-transmitter,Rangifer tarandus,151.79,HR_151.790,Mountain caribou in British Columbia,NaN
2282778367,TRUE,1988-06-28 19:00:00.000,-121.8175052,53.46544139,,Hart Ranges,Summer,radio-transmitter,Rangifer tarandus,151.79,HR_151.790,Mountain caribou in British Columbia,NaN
2282778368,TRUE,1988-07-19 19:00:00.000,-121.7619145,53.4603836,,Hart Ranges,Summer,radio-transmitter,Rangifer tarandus,151.79,HR_151.790,Mountain caribou in British Columbia,NaN
2282778369,TRUE,1988-08-22 19:00:00.000,-121.840316,53.45757463,,Hart Ranges,Summer,radio-transmitter,Rangifer tarandus,151.79,HR_151.790,Mountain caribou in British Columbia,NaN
2282778370,TRUE,1988-09-13 19:00:00.000,-121.8338251,53.47459105,,Hart Ranges,Summer,radio-transmitter,Rangifer tarandus,151.79,HR_151.790,Mountain caribou in British Columbia,NaN
2282778371,TRUE,1988-10-04 19:00:00.000,-121.7733391,53.4820758,,Hart Ranges,Summer,radio-transmitter,Rangifer tarandus,151.79,HR_151.790,Mountain caribou in British Columbia,NaN
2282778372,TRUE,1988-10-18 19:00:00.000,-121.864114,53.52522225,,Hart Ranges,Summer,radio-transmitter,Rangifer tarandus,151.79,HR_151.790,Mountain caribou in British Columbia,NaN
2282778373,TRUE,1988-11-26 20:00:00.000,-121.9206446,53.6749632,,Hart Ranges,Winter,radio-transmitter,Rangifer tarandus,151.79,HR_151.790,Mountain caribou in British Columbia,NaN
2282778374,TRUE,1988-12-06 20:00:00.000,-121.9323892,53.68945066,,Hart Ranges,Winter,radio-transmitter,Rangifer tarandus,151.79,HR_151.790,Mountain caribou in British Columbia,NaN
2282778375,TRUE,1989-01-07 20:00:00.000,-121.9100267,53.67576592,,Hart Ranges,Winter,radio-transmitter,Rangifer tarandus,151.79,HR_151.790,Mountain caribou in British Columbia,NaN
2282778376,TRUE,1989-02-06 20:00:00.000,-121.7749571,53.58277171,,Hart Ranges,Winter,radio-transmitter,Rangifer tarandus,151.79,HR_151.790,Mountain caribou in British Columbia,NaN
2282778377,TRUE,1989-03-02 20:00:00.000,-121.863166,53.61690191,,Hart Ranges,Winter,radio-transmitter,Rangifer tarandus,151.79,HR_151.790,Mountain caribou in British Columbia,NaN
2282778378,TRUE,1989-04-10 19:00:00.000,-121.9062296,53.58853842,,Hart Ranges,Summer,radio-transmitter,Rangifer tarandus,151.79,HR_151.790,Mountain caribou in British Columbia,NaN
2282778379,TRUE,1989-05-04 19:00:00.000,-121.86409,53.52612094,,Hart Ranges,Summer,radio-transmitter,Rangifer tarandus,151.79,HR_151.790,Mountain caribou in British Columbia,NaN
2282778380,TRUE,1989-05-31 19:00:00.000,-121.8233445,53.5266258,,Hart Ranges,Summer,radio-transmitter,Rangifer tarandus,151.79,HR_151.790,Mountain caribou in British Columbia,NaN
2282778381,TRUE,1989-06-24 19:00:00.000,-121.7746385,53.48928057,,Hart Ranges,Summer,radio-transmitter,Rangifer tarandus,151.79,HR_151.790,Mountain caribou in British Columbia,NaN
2282778382,TRUE,1989-07-30 19:00:00.000,-121.804927,53.48419373,,Hart Ranges,Summer,radio-transmitter,Rangifer tarandus,151.79,HR_151.790,Mountain caribou in British Columbia,NaN
2282778383,TRUE,1989-08-25 19:00:00.000,-121.7673128,53.48201379,,Hart Ranges,Summer,radio-transmitter,Rangifer tarandus,151.79,HR_151.790,Mountain caribou in British Columbia,NaN
2282778384,TRUE,1989-09-22 19:00:00.000,-121.8249112,53.47000909,,Hart Ranges,Summer,radio-transmitter,Rangifer tarandus,151.79,HR_151.790,Mountain caribou in British Columbia,NaN
2282778385,TRUE,1989-10-27 19:00:00.000,-121.862365,53.53419477,,Hart Ranges,Summer,radio-transmitter,Rangifer tarandus,151.79,HR_151.790,Mountain caribou in British Columbia,NaN
2282778386,TRUE,1989-11-22 20:00:00.000,-121.9076061,53.71080045,,Hart Ranges,Winter,radio-transmitter,Rangifer tarandus,151.79,HR_151.790,Mountain caribou in British Columbia,NaN
2282778387,TRUE,1989-12-28 20:00:00.000,-121.933358,53.71103249,,Hart Ranges,Winter,radio-transmitter,Rangifer tarandus,151.79,HR_151.790,Mountain caribou in British Columbia,NaN
2282778388,TRUE,1990-02-13 20:00:00.000,-121.8256553,53.60665174,,Hart Ranges,Winter,radio-transmitter,Rangifer tarandus,151.79,HR_151.790,Mountain caribou in British Columbia,NaN
2282778389,TRUE,1990-03-05 20:00:00.000,-121.8257799,53.60215843,,Hart Ranges,Winter,radio-transmitter,Rangifer tarandus,151.79,HR_151.790,Mountain caribou in British Columbia,NaN
2282778390,TRUE,1990-04-12 19:00:00.000,-121.9201214,53.57697889,,Hart Ranges,Summer,radio-transmitter,Rangifer tarandus,151.79,HR_151.790,Mountain caribou in British Columbia,NaN
2282778391,TRUE,1990-05-15 19:00:00.000,-121.8458758,53.47470805,,Hart Ranges,Summer,radio-transmitter,Rangifer tarandus,151.79,HR_151.790,Mountain caribou in British Columbia,NaN
2282778392,TRUE,1990-06-08 19:00:00.000,-121.7911121,53.44000715,,Hart Ranges,Summer,radio-transmitter,Rangifer tarandus,151.79,HR_151.790,Mountain caribou in British Columbia,NaN
2282778393,TRUE,1990-08-28 19:00:00.000,-121.8170804,53.48071894,,Hart Ranges,Summer,radio-transmitter,Rangifer tarandus,151.79,HR_151.790,Mountain caribou in British Columbia,NaN
2282778394,TRUE,1990-09-13 19:00:00.000,-121.6847872,53.47034673,,Hart Ranges,Summer,radio-transmitter,Rangifer tarandus,151.79,HR_151.790,Mountain caribou in British Columbia,NaN
2282778395,TRUE,1990-11-01 20:00:00.000,-121.9355574,53.62385992,,Hart Ranges,Winter,radio-transmitter,Rangifer tarandus,151.79,HR_151.790,Mountain caribou in British Columbia,NaN
2282778396,TRUE,1990-12-12 20:00:00.000,-121.7899303,53.58741867,,Hart Ranges,Winter,radio-transmitter,Rangifer tarandus,151.79,HR_151.790,Mountain caribou in British Columbia,NaN
2282778397,TRUE,1991-01-29 20:00:00.000,-121.90451,53.5966128,,Hart Ranges,Winter,radio-transmitter,Rangifer tarandus,151.79,HR_151.790,Mountain caribou in British Columbia,NaN
2282778398,TRUE,1991-02-21 20:00:00.000,-121.8003499,53.59291707,,Hart Ranges,Winter,radio-transmitter,Rangifer tarandus,151.79,HR_151.790,Mountain caribou in British Columbia,NaN
2282778399,TRUE,1991-03-27 20:00:00.000,-121.8504433,53.52868726,,Hart Ranges,Winter,radio-transmitter,Rangifer tarandus,151.79,HR_151.790,Mountain caribou in British Columbia,NaN
2282778400,TRUE,1991-04-22 19:00:00.000,-121.8879133,53.48050019,,Hart Ranges,Summer,radio-transmitter,Rangifer tarandus,151.79,HR_151.790,Mountain caribou in British Columbia,NaN
2282778401,TRUE,1991-05-29 19:00:00.000,-121.8879133,53.48050019,,Hart Ranges,Summer,radio-transmitter,Rangifer tarandus,151.79,HR_151.790,Mountain caribou in British Columbia,NaN
2282778402,TRUE,1991-07-08 19:00:00.000,-121.812737,53.52831878,,Hart Ranges,Summer,radio-transmitter,Rangifer tarandus,151.79,HR_151.790,Mountain caribou in British Columbia,NaN
2282778403,TRUE,1991-08-21 19:00:00.000,-121.762008,53.50892683,,Hart Ranges,Summer,radio-transmitter,Rangifer tarandus,151.79,HR_151.790,Mountain caribou in British Columbia,NaN
2282778404,TRUE,1991-09-24 19:00:00.000,-121.8271056,53.49969515,,Hart Ranges,Summer,radio-transmitter,Rangifer tarandus,151.79,HR_151.790,Mountain caribou in British Columbia,NaN
2282778405,TRUE,1991-11-01 20:00:00.000,-121.9065776,53.57505806,,Hart Ranges,Winter,radio-transmitter,Rangifer tarandus,151.79,HR_151.790,Mountain caribou in British Columbia,NaN
2282778406,TRUE,1991-12-16 20:00:00.000,-121.8787209,53.54333838,,Hart Ranges,Winter,radio-transmitter,Rangifer tarandus,151.79,HR_151.790,Mountain caribou in British Columbia,NaN
2282778407,TRUE,1992-03-03 20:00:00.000,-121.7944102,53.58926172,,Hart Ranges,Winter,radio-transmitter,Rangifer tarandus,151.79,HR_151.790,Mountain caribou in British Columbia,NaN
2282778408,TRUE,1988-03-23 20:00:00.000,-121.5468665,53.80225282,,Hart Ranges,Winter,radio-transmitter,Rangifer tarandus,151.801,HR_151.801,Mountain caribou in British Columbia,NaN
2282778409,TRUE,1988-03-30 20:00:00.000,-121.6357245,53.82487019,,Hart Ranges,Winter,radio-transmitter,Rangifer tarandus,151.801,HR_151.801,Mountain caribou in British Columbia,NaN
2282778410,TRUE,1988-06-14 19:00:00.000,-121.625505,53.81216895,,Hart Ranges,Summer,radio-transmitter,Rangifer tarandus,151.801,HR_151.801,Mountain caribou in British Columbia,NaN
2282778411,TRUE,1989-04-10 19:00:00.000,-121.587548,53.81172793,,Hart Ranges,Summer,radio-transmitter,Rangifer tarandus,151.805,HR_151.805,Mountain caribou in British Columbia,NaN
2282778412,TRUE,1989-05-04 19:00:00.000,-122.1379145,53.78458782,,Hart Ranges,Summer,radio-transmitter,Rangifer tarandus,151.805,HR_151.805,Mountain caribou in British Columbia,NaN
2282778413,TRUE,1989-05-31 19:00:00.000,-121.6544172,53.76305741,,Hart Ranges,Summer,radio-transmitter,Rangifer tarandus,151.805,HR_151.805,Mountain caribou in British Columbia,NaN
2282778414,TRUE,1989-06-24 19:00:00.000,-121.6384377,53.78804622,,Hart Ranges,Summer,radio-transmitter,Rangifer tarandus,151.805,HR_151.805,Mountain caribou in British Columbia,NaN
2282778415,TRUE,1989-07-30 19:00:00.000,-121.5326093,53.81915847,,Hart Ranges,Summer,radio-transmitter,Rangifer tarandus,151.805,HR_151.805,Mountain caribou in British Columbia,NaN
2282778416,TRUE,1989-08-25 19:00:00.000,-121.5623334,53.83839542,,Hart Ranges,Summer,radio-transmitter,Rangifer tarandus,151.805,HR_151.805,Mountain caribou in British Columbia,NaN
2282778417,TRUE,1989-09-22 19:00:00.000,-121.6487998,53.79625353,,Hart Ranges,Summer,radio-transmitter,Rangifer tarandus,151.805,HR_151.805,Mountain caribou in British Columbia,NaN
2282778418,TRUE,1989-10-27 19:00:00.000,-121.6800165,53.86581571,,Hart Ranges,Summer,radio-transmitter,Rangifer tarandus,151.805,HR_151.805,Mountain caribou in British Columbia,NaN
2282778419,TRUE,1989-11-22 20:00:00.000,-121.6668484,53.84949017,,Hart Ranges,Winter,radio-transmitter,Rangifer tarandus,151.805,HR_151.805,Mountain caribou in British Columbia,NaN
2282778420,TRUE,1989-12-28 20:00:00.000,-121.6297374,53.82210525,,Hart Ranges,Winter,radio-transmitter,Rangifer tarandus,151.805,HR_151.805,Mountain caribou in British Columbia,NaN
2282778421,TRUE,1990-02-13 20:00:00.000,-121.5759758,53.83945704,,Hart Ranges,Winter,radio-transmitter,Rangifer tarandus,151.805,HR_151.805,Mountain caribou in British Columbia,NaN
2282778422,TRUE,1990-03-05 20:00:00.000,-121.5781366,53.77566046,,Hart Ranges,Winter,radio-transmitter,Rangifer tarandus,151.805,HR_151.805,Mountain caribou in British Columbia,NaN
2282778423,TRUE,1990-04-12 19:00:00.000,-121.6496692,53.86368029,,Hart Ranges,Summer,radio-transmitter,Rangifer tarandus,151.805,HR_151.805,Mountain caribou in British Columbia,NaN
2282778424,TRUE,1990-05-15 19:00:00.000,-121.6564747,53.79364307,,Hart Ranges,Summer,radio-transmitter,Rangifer tarandus,151.805,HR_151.805,Mountain caribou in British Columbia,NaN
2282778425,TRUE,1990-06-08 19:00:00.000,-121.6115692,53.77425452,,Hart Ranges,Summer,radio-transmitter,Rangifer tarandus,151.805,HR_151.805,Mountain caribou in British Columbia,NaN
2282778426,TRUE,1990-07-19 19:00:00.000,-121.6489442,53.79176066,,Hart Ranges,Summer,radio-transmitter,Rangifer tarandus,151.805,HR_151.805,Mountain caribou in British Columbia,NaN
2282778427,TRUE,1990-08-28 19:00:00.000,-121.5859995,53.81260858,,Hart Ranges,Summer,radio-transmitter,Rangifer tarandus,151.805,HR_151.805,Mountain caribou in British Columbia,NaN
2282778428,TRUE,1990-09-13 19:00:00.000,-121.5670444,53.83395728,,Hart Ranges,Summer,radio-transmitter,Rangifer tarandus,151.805,HR_151.805,Mountain caribou in British Columbia,NaN
2282778429,TRUE,1990-11-01 20:00:00.000,-121.643403,53.68113255,,Hart Ranges,Winter,radio-transmitter,Rangifer tarandus,151.805,HR_151.805,Mountain caribou in British Columbia,NaN
2282778430,TRUE,1990-12-12 20:00:00.000,-121.5844463,53.76854387,,Hart Ranges,Winter,radio-transmitter,Rangifer tarandus,151.805,HR_151.805,Mountain caribou in British Columbia,NaN
2282778431,TRUE,1991-01-29 20:00:00.000,-121.6189768,53.77973351,,Hart Ranges,Winter,radio-transmitter,Rangifer tarandus,151.805,HR_151.805,Mountain caribou in British Columbia,NaN
2282778432,TRUE,1991-02-21 20:00:00.000,-121.542344,53.80129902,,Hart Ranges,Winter,radio-transmitter,Rangifer tarandus,151.805,HR_151.805,Mountain caribou in British Columbia,NaN
2282778433,TRUE,1991-03-27 20:00:00.000,-121.5462447,53.82022343,,Hart Ranges,Winter,radio-transmitter,Rangifer tarandus,151.805,HR_151.805,Mountain caribou in British Columbia,NaN
2282778434,TRUE,1991-04-22 19:00:00.000,-121.6782787,53.82444775,,Hart Ranges,Summer,radio-transmitter,Rangifer tarandus,151.805,HR_151.805,Mountain caribou in British Columbia,NaN
2282778435,TRUE,1991-05-29 19:00:00.000,-121.5969574,53.75736471,,Hart Ranges,Summer,radio-transmitter,Rangifer tarandus,151.805,HR_151.805,Mountain caribou in British Columbia,NaN
2282778436,TRUE,1991-07-08 19:00:00.000,-121.5379637,53.8398987,,Hart Ranges,Summer,radio-transmitter,Rangifer tarandus,151.805,HR_151.805,Mountain caribou in British Columbia,NaN
2282778437,TRUE,1991-08-21 19:00:00.000,-121.657935,53.79545722,,Hart Ranges,Summer,radio-transmitter,Rangifer tarandus,151.805,HR_151.805,Mountain caribou in British Columbia,NaN
2282778438,TRUE,1991-09-24 19:00:00.000,-121.6503464,53.79537205,,Hart Ranges,Summer,radio-transmitter,Rangifer tarandus,151.805,HR_151.805,Mountain caribou in British Columbia,NaN
2282778439,TRUE,1991-11-01 20:00:00.000,-121.5653727,53.74943994,,Hart Ranges,Winter,radio-transmitter,Rangifer tarandus,151.805,HR_151.805,Mountain caribou in British Columbia,NaN
2282778440,TRUE,1991-12-16 20:00:00.000,-121.537929,53.75360286,,Hart Ranges,Winter,radio-transmitter,Rangifer tarandus,151.805,HR_151.805,Mountain caribou in British Columbia,NaN
2282778441,TRUE,1992-03-03 20:00:00.000,-121.584416,53.76944242,,Hart Ranges,Winter,radio-transmitter,Rangifer tarandus,151.805,HR_151.805,Mountain caribou in British Columbia,NaN
2282778442,TRUE,1989-04-10 19:00:00.000,-121.587548,53.81172793,,Hart Ranges,Summer,radio-transmitter,Rangifer tarandus,151.96,HR_151.960,Mountain caribou in British Columbia,NaN
2282778443,TRUE,1989-05-04 19:00:00.000,-121.1937226,53.96285899,,Hart Ranges,Summer,radio-transmitter,Rangifer tarandus,151.96,HR_151.960,Mountain caribou in British Columbia,NaN
2282778444,TRUE,1989-07-30 19:00:00.000,-121.1945081,53.97995054,,Hart Ranges,Summer,radio-transmitter,Rangifer tarandus,151.96,HR_151.960,Mountain caribou in British Columbia,NaN
2282778445,TRUE,1989-08-25 19:00:00.000,-121.1403288,54.03216138,,Hart Ranges,Summer,radio-transmitter,Rangifer tarandus,151.96,HR_151.960,Mountain caribou in British Columbia,NaN
2282778446,TRUE,1989-09-22 19:00:00.000,-121.1573526,54.02702995,,Hart Ranges,Summer,radio-transmitter,Rangifer tarandus,151.96,HR_151.960,Mountain caribou in British Columbia,NaN
2282778447,TRUE,1989-10-27 19:00:00.000,-121.4670194,53.99272546,,Hart Ranges,Summer,radio-transmitter,Rangifer tarandus,151.96,HR_151.960,Mountain caribou in British Columbia,NaN
2282778448,TRUE,1989-11-22 20:00:00.000,-121.617478,54.05567366,,Hart Ranges,Winter,radio-transmitter,Rangifer tarandus,151.96,HR_151.960,Mountain caribou in British Columbia,NaN
2282778449,TRUE,1989-12-28 20:00:00.000,-121.6115492,54.05021216,,Hart Ranges,Winter,radio-transmitter,Rangifer tarandus,151.96,HR_151.960,Mountain caribou in British Columbia,NaN
2282778450,TRUE,1990-02-13 20:00:00.000,-121.301465,53.9374632,,Hart Ranges,Winter,radio-transmitter,Rangifer tarandus,151.96,HR_151.960,Mountain caribou in British Columbia,NaN
2282778451,TRUE,1990-03-05 20:00:00.000,-121.3608483,53.93828843,,Hart Ranges,Winter,radio-transmitter,Rangifer tarandus,151.96,HR_151.960,Mountain caribou in British Columbia,NaN
2282778452,TRUE,1990-05-15 19:00:00.000,-121.3376067,54.06291721,,Hart Ranges,Summer,radio-transmitter,Rangifer tarandus,151.96,HR_151.960,Mountain caribou in British Columbia,NaN
2282778453,TRUE,1990-06-08 19:00:00.000,-121.0258217,53.93504573,,Hart Ranges,Summer,radio-transmitter,Rangifer tarandus,151.96,HR_151.960,Mountain caribou in British Columbia,NaN
2282778454,TRUE,1990-08-28 19:00:00.000,-121.5888886,54.04275743,,Hart Ranges,Summer,radio-transmitter,Rangifer tarandus,151.96,HR_151.960,Mountain caribou in British Columbia,NaN
2282778455,TRUE,1990-09-13 19:00:00.000,-121.5875752,54.03644992,,Hart Ranges,Summer,radio-transmitter,Rangifer tarandus,151.96,HR_151.960,Mountain caribou in British Columbia,NaN
2282778456,TRUE,1990-11-01 20:00:00.000,-121.6940629,53.8542839,,Hart Ranges,Winter,radio-transmitter,Rangifer tarandus,151.96,HR_151.960,Mountain caribou in British Columbia,NaN
2282778457,TRUE,1990-12-12 20:00:00.000,-121.6654665,53.79733907,,Hart Ranges,Winter,radio-transmitter,Rangifer tarandus,151.96,HR_151.960,Mountain caribou in British Columbia,NaN
2282778458,TRUE,1991-01-29 20:00:00.000,-121.5745786,53.83584484,,Hart Ranges,Winter,radio-transmitter,Rangifer tarandus,151.96,HR_151.960,Mountain caribou in British Columbia,NaN
2282778459,TRUE,1991-02-21 20:00:00.000,-121.5830236,53.81077565,,Hart Ranges,Winter,radio-transmitter,Rangifer tarandus,151.96,HR_151.960,Mountain caribou in British Columbia,NaN
2282778460,TRUE,1991-03-27 20:00:00.000,-121.5462447,53.82022343,,Hart Ranges,Winter,radio-transmitter,Rangifer tarandus,151.96,HR_151.960,Mountain caribou in British Columbia,NaN
2282778461,TRUE,1991-04-22 19:00:00.000,-121.5079635,53.999533,,Hart Ranges,Summer,radio-transmitter,Rangifer tarandus,151.96,HR_151.960,Mountain caribou in British Columbia,NaN
2282778462,TRUE,1991-05-29 19:00:00.000,-121.2138695,54.06204199,,Hart Ranges,Summer,radio-transmitter,Rangifer tarandus,151.96,HR_151.960,Mountain caribou in British Columbia,NaN
2282778463,TRUE,1991-07-08 19:00:00.000,-121.2641148,54.0663734,,Hart Ranges,Summer,radio-transmitter,Rangifer tarandus,151.96,HR_151.960,Mountain caribou in British Columbia,NaN
2282778464,TRUE,1991-08-21 19:00:00.000,-121.5305859,54.00700278,,Hart Ranges,Summer,radio-transmitter,Rangifer tarandus,151.96,HR_151.960,Mountain caribou in British Columbia,NaN
2282778465,TRUE,1991-09-24 19:00:00.000,-121.6309968,53.78346698,,Hart Ranges,Summer,radio-transmitter,Rangifer tarandus,151.96,HR_151.960,Mountain caribou in British Columbia,NaN
2282778466,TRUE,1991-10-26 19:00:00.000,-121.5569671,53.8176562,,Hart Ranges,Summer,radio-transmitter,Rangifer tarandus,151.96,HR_151.960,Mountain caribou in British Columbia,NaN
2282778467,TRUE,1991-11-01 20:00:00.000,-121.5494698,53.77082246,,Hart Ranges,Winter,radio-transmitter,Rangifer tarandus,151.96,HR_151.960,Mountain caribou in British Columbia,NaN
2282778468,TRUE,1992-03-03 20:00:00.000,-121.584416,53.76944242,,Hart Ranges,Winter,radio-transmitter,Rangifer tarandus,151.96,HR_151.960,Mountain caribou in British Columbia,NaN
2282778469,TRUE,1991-04-22 19:00:00.000,-121.0361896,53.45335424,,Hart Ranges,Summer,radio-transmitter,Rangifer tarandus,152.641,HR_152.641,Mountain caribou in British Columbia,NaN
2282778470,TRUE,2002-05-02 19:00:00.000,-121.9550193,54.76968071,,Hart Ranges,Summer,radio-transmitter,Rangifer tarandus,car001,HR_car001,Mountain caribou in British Columbia,-0.018099936
2282778471,TRUE,2002-05-15 19:00:00.000,-122.0177634,54.88100723,,Hart Ranges,Summer,radio-transmitter,Rangifer tarandus,car001,HR_car001,Mountain caribou in British Columbia,-0.054133586
2282778472,TRUE,2002-05-27 19:00:00.000,-122.0680932,54.82500108,,Hart Ranges,Summer,radio-transmitter,Rangifer tarandus,car001,HR_car001,Mountain caribou in British Columbia,0.079463618
2282778473,TRUE,2002-06-10 19:00:00.000,-122.0635505,54.82489423,,Hart Ranges,Summer,radio-transmitter,Rangifer tarandus,car001,HR_car001,Mountain caribou in British Columbia,0.118870894
2282778474,TRUE,2002-06-24 19:00:00.000,-122.0607871,54.84402433,,Hart Ranges,Summer,radio-transmitter,Rangifer tarandus,car001,HR_car001,Mountain caribou in British Columbia,0.307974572
2282778475,TRUE,2002-07-02 19:00:00.000,-122.0434439,54.84446412,,Hart Ranges,Summer,radio-transmitter,Rangifer tarandus,car001,HR_car001,Mountain caribou in British Columbia,0.426328352
2282778476,TRUE,2002-07-08 19:00:00.000,-122.0500961,54.84966593,,Hart Ranges,Summer,radio-transmitter,Rangifer tarandus,car001,HR_car001,Mountain caribou in British Columbia,0.700604664
2282778477,TRUE,2002-07-22 19:00:00.000,-122.0539479,54.84680216,,Hart Ranges,Summer,radio-transmitter,Rangifer tarandus,car001,HR_car001,Mountain caribou in British Columbia,0.634714779
2282778478,TRUE,2002-08-11 19:00:00.000,-122.0589976,54.84530461,,Hart Ranges,Summer,radio-transmitter,Rangifer tarandus,car001,HR_car001,Mountain caribou in British Columbia,0.609303366
2282778479,TRUE,2002-08-23 19:00:00.000,-122.0731216,54.82904781,,Hart Ranges,Summer,radio-transmitter,Rangifer tarandus,car001,HR_car001,Mountain caribou in British Columbia,0.791411569
2282778480,TRUE,2002-09-14 19:00:00.000,-122.0531219,54.83285678,,Hart Ranges,Summer,radio-transmitter,Rangifer tarandus,car001,HR_car001,Mountain caribou in British Columbia,0.652050218
2282778481,TRUE,2002-09-30 19:00:00.000,-122.1084375,54.84415888,,Hart Ranges,Summer,radio-transmitter,Rangifer tarandus,car001,HR_car001,Mountain caribou in British Columbia,0.359176379
2282778482,TRUE,2002-10-21 19:00:00.000,-122.2139614,54.82003889,,Hart Ranges,Summer,radio-transmitter,Rangifer tarandus,car001,HR_car001,Mountain caribou in British Columbia,0.639737132
2282778483,TRUE,2002-11-05 20:00:00.000,-122.0746481,54.79360537,,Hart Ranges,Winter,radio-transmitter,Rangifer tarandus,car001,HR_car001,Mountain caribou in British Columbia,0.407548306
2282778484,TRUE,2002-11-21 20:00:00.000,-122.2805087,54.76149704,,Hart Ranges,Winter,radio-transmitter,Rangifer tarandus,car001,HR_car001,Mountain caribou in British Columbia,0.322262555
2282778485,TRUE,2002-12-09 20:00:00.000,-122.3189809,54.77767101,,Hart Ranges,Winter,radio-transmitter,Rangifer tarandus,car001,HR_car001,Mountain caribou in British Columbia,0.470560831
2282778486,TRUE,2003-01-08 20:00:00.000,-122.1509586,54.78595809,,Hart Ranges,Winter,radio-transmitter,Rangifer tarandus,car001,HR_car001,Mountain caribou in British Columbia,0.352330531
2282778487,TRUE,2003-01-21 20:00:00.000,-122.2483256,54.8016086,,Hart Ranges,Winter,radio-transmitter,Rangifer tarandus,car001,HR_car001,Mountain caribou in British Columbia,0.176010273
2282778488,TRUE,2003-01-27 20:00:00.000,-122.226749,54.79670994,,Hart Ranges,Winter,radio-transmitter,Rangifer tarandus,car001,HR_car001,Mountain caribou in British Columbia,0.006915935
2282778489,TRUE,2003-02-03 20:00:00.000,-122.2671666,54.79633165,,Hart Ranges,Winter,radio-transmitter,Rangifer tarandus,car001,HR_car001,Mountain caribou in British Columbia,0.093739605
2282778490,TRUE,2003-03-02 20:00:00.000,-122.2604385,54.77294263,,Hart Ranges,Winter,radio-transmitter,Rangifer tarandus,car001,HR_car001,Mountain caribou in British Columbia,0.144935896
2282778491,TRUE,2003-03-21 20:00:00.000,-122.203568,54.81513615,,Hart Ranges,Winter,radio-transmitter,Rangifer tarandus,car001,HR_car001,Mountain caribou in British Columbia,0.083124869
2282778492,TRUE,2003-03-27 20:00:00.000,-122.2218451,54.84306932,,Hart Ranges,Winter,radio-transmitter,Rangifer tarandus,car001,HR_car001,Mountain caribou in British Columbia,0.045596577
2282778493,TRUE,2003-04-17 19:00:00.000,-122.0924869,54.80754427,,Hart Ranges,Summer,radio-transmitter,Rangifer tarandus,car001,HR_car001,Mountain caribou in British Columbia,-0.005814352
2282778494,TRUE,2003-05-08 19:00:00.000,-122.1181645,54.8237305,,Hart Ranges,Summer,radio-transmitter,Rangifer tarandus,car001,HR_car001,Mountain caribou in British Columbia,0.029677218
2282778495,TRUE,2003-05-15 19:00:00.000,-122.0504811,54.81535625,,Hart Ranges,Summer,radio-transmitter,Rangifer tarandus,car001,HR_car001,Mountain caribou in British Columbia,0.136602839
2282778496,TRUE,2003-05-21 19:00:00.000,-122.0697244,54.81904617,,Hart Ranges,Summer,radio-transmitter,Rangifer tarandus,car001,HR_car001,Mountain caribou in British Columbia,0.266462575
2282778497,TRUE,2003-06-04 19:00:00.000,-122.1587239,54.85008961,,Hart Ranges,Summer,radio-transmitter,Rangifer tarandus,car001,HR_car001,Mountain caribou in British Columbia,0.270553992
2282778498,TRUE,2003-06-19 17:00:00.000,-122.0803819,54.86097107,,Hart Ranges,Summer,radio-transmitter,Rangifer tarandus,car001,HR_car001,Mountain caribou in British Columbia,0.317387266
2282778499,TRUE,2003-07-06 16:56:00.000,-122.0517171,54.82969134,,Hart Ranges,Summer,radio-transmitter,Rangifer tarandus,car001,HR_car001,Mountain caribou in British Columbia,0.685360695
2282778500,TRUE,2003-07-16 19:08:00.000,-122.0762704,54.83295422,,Hart Ranges,Summer,radio-transmitter,Rangifer tarandus,car001,HR_car001,Mountain caribou in British Columbia,0.757648246
2282778501,TRUE,2003-07-31 18:22:00.000,-122.0693989,54.82169486,,Hart Ranges,Summer,radio-transmitter,Rangifer tarandus,car001,HR_car001,Mountain caribou in British Columbia,0.776119573
2282778502,TRUE,2003-08-22 17:25:00.000,-122.07285,54.82459714,,Hart Ranges,Summer,radio-transmitter,Rangifer tarandus,car001,HR_car001,Mountain caribou in British Columbia,0.78575927
2282778503,TRUE,2003-09-14 15:40:00.000,-122.0594109,54.81547969,,Hart Ranges,Summer,radio-transmitter,Rangifer tarandus,car001,HR_car001,Mountain caribou in British Columbia,0.758705915
2282778504,TRUE,2003-09-27 16:52:00.000,-122.0643059,54.81309101,,Hart Ranges,Summer,radio-transmitter,Rangifer tarandus,car001,HR_car001,Mountain caribou in British Columbia,0.748289143
2282778505,TRUE,2003-10-11 16:39:00.000,-122.0878489,54.84558768,,Hart Ranges,Summer,radio-transmitter,Rangifer tarandus,car001,HR_car001,Mountain caribou in British Columbia,0.577127971
2282778506,TRUE,2003-11-01 18:03:00.000,-122.2867106,54.8117978,,Hart Ranges,Winter,radio-transmitter,Rangifer tarandus,car001,HR_car001,Mountain caribou in British Columbia,0.470793304
2282778507,TRUE,2003-11-02 17:57:00.000,-122.2468569,54.78103726,,Hart Ranges,Winter,radio-transmitter,Rangifer tarandus,car001,HR_car001,Mountain caribou in British Columbia,0.360884608
2282778508,TRUE,2003-11-08 18:36:00.000,-122.1214611,54.84251931,,Hart Ranges,Winter,radio-transmitter,Rangifer tarandus,car001,HR_car001,Mountain caribou in British Columbia,0.083681618
2282778509,TRUE,2003-11-29 23:27:00.000,-122.2855759,54.88400972,,Hart Ranges,Winter,radio-transmitter,Rangifer tarandus,car001,HR_car001,Mountain caribou in British Columbia,0.045610258
2282778510,TRUE,2003-12-02 17:15:00.000,-122.3352238,54.84709506,,Hart Ranges,Winter,radio-transmitter,Rangifer tarandus,car001,HR_car001,Mountain caribou in British Columbia,-0.040218186
2282778511,TRUE,2003-12-05 19:27:00.000,-122.3333899,54.8308008,,Hart Ranges,Winter,radio-transmitter,Rangifer tarandus,car001,HR_car001,Mountain caribou in British Columbia,0.056381651
2282778512,TRUE,2003-12-10 17:42:00.000,-122.3025959,54.83719724,,Hart Ranges,Winter,radio-transmitter,Rangifer tarandus,car001,HR_car001,Mountain caribou in British Columbia,0.022088605
2282778513,TRUE,2003-12-20 16:46:00.000,-122.2154294,54.80532771,,Hart Ranges,Winter,radio-transmitter,Rangifer tarandus,car001,HR_car001,Mountain caribou in British Columbia,-0.006666055
2282778514,TRUE,2003-12-27 23:18:00.000,-122.2280645,54.79542418,,Hart Ranges,Winter,radio-transmitter,Rangifer tarandus,car001,HR_car001,Mountain caribou in British Columbia,0.006947212
2282778515,TRUE,2004-01-02 22:24:00.000,-122.0925485,54.79715565,,Hart Ranges,Winter,radio-transmitter,Rangifer tarandus,car001,HR_car001,Mountain caribou in British Columbia,0.079519187
2282778516,TRUE,2004-01-10 19:12:00.000,-122.103397,54.80247576,,Hart Ranges,Winter,radio-transmitter,Rangifer tarandus,car001,HR_car001,Mountain caribou in British Columbia,0.181503395
2282778517,TRUE,2004-01-16 18:08:00.000,-122.0363444,54.81693441,,Hart Ranges,Winter,radio-transmitter,Rangifer tarandus,car001,HR_car001,Mountain caribou in British Columbia,0.087928736
2282778518,TRUE,2004-01-26 17:55:00.000,-122.0518322,54.86263882,,Hart Ranges,Winter,radio-transmitter,Rangifer tarandus,car001,HR_car001,Mountain caribou in British Columbia,0.025999041
2282778519,TRUE,2004-02-01 23:52:00.000,-122.1386914,54.87361187,,Hart Ranges,Winter,radio-transmitter,Rangifer tarandus,car001,HR_car001,Mountain caribou in British Columbia,-0.022472755
2282778520,TRUE,2004-02-12 18:35:00.000,-122.15878,54.8077073,,Hart Ranges,Winter,radio-transmitter,Rangifer tarandus,car001,HR_car001,Mountain caribou in British Columbia,-0.026294417
2282778521,TRUE,2004-02-21 18:52:00.000,-122.1355728,54.81176815,,Hart Ranges,Winter,radio-transmitter,Rangifer tarandus,car001,HR_car001,Mountain caribou in British Columbia,0.054910935
2282778522,TRUE,2004-02-26 18:37:00.000,-122.1303437,54.81904625,,Hart Ranges,Winter,radio-transmitter,Rangifer tarandus,car001,HR_car001,Mountain caribou in British Columbia,0.080694075
2282778523,TRUE,2004-03-06 18:03:00.000,-122.0475368,54.83863672,,Hart Ranges,Winter,radio-transmitter,Rangifer tarandus,car001,HR_car001,Mountain caribou in British Columbia,0.125618858
2282778524,TRUE,2004-03-13 23:28:00.000,-122.0641336,54.84544316,,Hart Ranges,Winter,radio-transmitter,Rangifer tarandus,car001,HR_car001,Mountain caribou in British Columbia,0.097592538
2282778525,TRUE,2004-03-22 20:15:00.000,-122.0718531,54.84159305,,Hart Ranges,Winter,radio-transmitter,Rangifer tarandus,car001,HR_car001,Mountain caribou in British Columbia,0.166916613
2282778526,TRUE,2004-03-26 20:28:00.000,-122.0916159,54.85052284,,Hart Ranges,Winter,radio-transmitter,Rangifer tarandus,car001,HR_car001,Mountain caribou in British Columbia,0.034272191
2282778527,TRUE,2004-03-29 18:59:00.000,-122.1151842,54.84898033,,Hart Ranges,Winter,radio-transmitter,Rangifer tarandus,car001,HR_car001,Mountain caribou in British Columbia,0.073296002
2282778528,TRUE,2004-04-01 00:57:00.000,-122.1278667,54.8343244,,Hart Ranges,Winter,radio-transmitter,Rangifer tarandus,car001,HR_car001,Mountain caribou in British Columbia,0.084706345
2282778529,TRUE,2004-04-16 00:20:00.000,-122.0648987,54.8345837,,Hart Ranges,Summer,radio-transmitter,Rangifer tarandus,car001,HR_car001,Mountain caribou in British Columbia,0.090990837
2282778530,TRUE,2004-04-28 22:50:00.000,-122.1321226,54.79704969,,Hart Ranges,Summer,radio-transmitter,Rangifer tarandus,car001,HR_car001,Mountain caribou in British Columbia,-0.029261053
2282778531,TRUE,2004-05-11 22:35:00.000,-122.0314433,54.81168287,,Hart Ranges,Summer,radio-transmitter,Rangifer tarandus,car001,HR_car001,Mountain caribou in British Columbia,0.243801739
2282778532,TRUE,2004-06-03 18:56:00.000,-122.0672243,54.82960478,,Hart Ranges,Summer,radio-transmitter,Rangifer tarandus,car001,HR_car001,Mountain caribou in British Columbia,0.251932689
2282778533,TRUE,2004-06-17 23:39:00.000,-122.0672117,54.83015289,,Hart Ranges,Summer,radio-transmitter,Rangifer tarandus,car001,HR_car001,Mountain caribou in British Columbia,0.510384798
2282778534,TRUE,2004-06-30 15:57:00.000,-122.0755247,54.81721218,,Hart Ranges,Summer,radio-transmitter,Rangifer tarandus,car001,HR_car001,Mountain caribou in British Columbia,0.759660977
2282778535,TRUE,2004-07-14 17:03:00.000,-122.0662521,54.81911837,,Hart Ranges,Summer,radio-transmitter,Rangifer tarandus,car001,HR_car001,Mountain caribou in British Columbia,0.735180252
2282778536,TRUE,2004-07-28 16:49:00.000,-122.0727123,54.82177414,,Hart Ranges,Summer,radio-transmitter,Rangifer tarandus,car001,HR_car001,Mountain caribou in British Columbia,0.772371336
2282778537,TRUE,2004-08-11 18:46:00.000,-122.0705492,54.82514573,,Hart Ranges,Summer,radio-transmitter,Rangifer tarandus,car001,HR_car001,Mountain caribou in British Columbia,0.763104823
2282778538,TRUE,2004-08-25 16:39:00.000,-122.0620535,54.82232135,,Hart Ranges,Summer,radio-transmitter,Rangifer tarandus,car001,HR_car001,Mountain caribou in British Columbia,0.540165883
2282778539,TRUE,2004-09-12 23:58:00.000,-122.0702744,54.82423593,,Hart Ranges,Summer,radio-transmitter,Rangifer tarandus,car001,HR_car001,Mountain caribou in British Columbia,0.406278776
2282778540,TRUE,2004-09-27 21:46:00.000,-122.053303,54.82578535,,Hart Ranges,Summer,radio-transmitter,Rangifer tarandus,car001,HR_car001,Mountain caribou in British Columbia,0.694209787
2282778541,TRUE,2004-10-14 23:58:00.000,-122.0404206,54.81895286,,Hart Ranges,Summer,radio-transmitter,Rangifer tarandus,car001,HR_car001,Mountain caribou in British Columbia,0.661397582
2282778542,TRUE,2004-11-06 22:55:00.000,-122.2875176,54.7632729,,Hart Ranges,Winter,radio-transmitter,Rangifer tarandus,car001,HR_car001,Mountain caribou in British Columbia,0.231309571
2282778543,TRUE,2004-12-06 20:33:00.000,-122.2113924,54.80251558,,Hart Ranges,Winter,radio-transmitter,Rangifer tarandus,car001,HR_car001,Mountain caribou in British Columbia,-0.052697966
2282778544,TRUE,2004-12-12 18:54:00.000,-122.1984041,54.86057617,,Hart Ranges,Winter,radio-transmitter,Rangifer tarandus,car001,HR_car001,Mountain caribou in British Columbia,0.053407102
2282778545,TRUE,2004-12-21 22:25:00.000,-122.2169812,54.83208296,,Hart Ranges,Winter,radio-transmitter,Rangifer tarandus,car001,HR_car001,Mountain caribou in British Columbia,0.061159194
2282778546,TRUE,2005-01-05 20:00:00.000,-122.163478,54.8928104,,Hart Ranges,Winter,radio-transmitter,Rangifer tarandus,car001,HR_car001,Mountain caribou in British Columbia,0.114932723
2282778547,TRUE,2005-01-25 18:03:00.000,-122.0658036,54.86213597,,Hart Ranges,Winter,radio-transmitter,Rangifer tarandus,car001,HR_car001,Mountain caribou in British Columbia,0.024634323
2282778548,TRUE,2005-02-07 18:14:00.000,-122.0953631,54.95237292,,Hart Ranges,Winter,radio-transmitter,Rangifer tarandus,car001,HR_car001,Mountain caribou in British Columbia,0.171718977
2282778549,TRUE,2005-02-14 20:25:00.000,-122.0730084,54.95212366,,Hart Ranges,Winter,radio-transmitter,Rangifer tarandus,car001,HR_car001,Mountain caribou in British Columbia,0.639862205
2282778550,TRUE,2005-02-21 18:38:00.000,-122.0747223,54.95092348,,Hart Ranges,Winter,radio-transmitter,Rangifer tarandus,car001,HR_car001,Mountain caribou in British Columbia,0.581932565
2282778551,TRUE,2005-02-28 19:45:00.000,-122.085883,54.95589677,,Hart Ranges,Winter,radio-transmitter,Rangifer tarandus,car001,HR_car001,Mountain caribou in British Columbia,0.202825306
2282778552,TRUE,2005-03-12 18:25:00.000,-122.120389,54.94258112,,Hart Ranges,Winter,radio-transmitter,Rangifer tarandus,car001,HR_car001,Mountain caribou in British Columbia,-0.031576846
2282778553,TRUE,2005-03-14 17:36:00.000,-122.0686356,54.93053963,,Hart Ranges,Winter,radio-transmitter,Rangifer tarandus,car001,HR_car001,Mountain caribou in British Columbia,-5.85E-05
2282778554,TRUE,2005-03-23 17:20:00.000,-122.0781147,54.94801953,,Hart Ranges,Winter,radio-transmitter,Rangifer tarandus,car001,HR_car001,Mountain caribou in British Columbia,0.324369904
2282778555,TRUE,2005-04-14 22:13:00.000,-122.1808639,54.89813226,,Hart Ranges,Summer,radio-transmitter,Rangifer tarandus,car001,HR_car001,Mountain caribou in British Columbia,0.326177472
2282778556,TRUE,2005-05-03 00:44:00.000,-122.0415505,54.81790131,,Hart Ranges,Summer,radio-transmitter,Rangifer tarandus,car001,HR_car001,Mountain caribou in British Columbia,0.164764257
2282778557,TRUE,2005-05-18 18:39:00.000,-122.0708715,54.8172126,,Hart Ranges,Summer,radio-transmitter,Rangifer tarandus,car001,HR_car001,Mountain caribou in British Columbia,0.263648992
2282778558,TRUE,2005-06-08 19:18:00.000,-122.1061571,54.83037398,,Hart Ranges,Summer,radio-transmitter,Rangifer tarandus,car001,HR_car001,Mountain caribou in British Columbia,0.260484076
2282778559,TRUE,2005-06-28 19:00:00.000,-122.0762256,54.81582452,,Hart Ranges,Summer,radio-transmitter,Rangifer tarandus,car001,HR_car001,Mountain caribou in British Columbia,0.728643871
2282778560,TRUE,2005-07-21 19:00:00.000,-122.0720313,54.82839241,,Hart Ranges,Summer,radio-transmitter,Rangifer tarandus,car001,HR_car001,Mountain caribou in British Columbia,0.514979728
2282778561,TRUE,2005-08-10 18:42:00.000,-122.0513463,54.82957161,,Hart Ranges,Summer,radio-transmitter,Rangifer tarandus,car001,HR_car001,Mountain caribou in British Columbia,0.714434714
2282778562,TRUE,2005-08-24 20:10:00.000,-122.0639366,54.83511551,,Hart Ranges,Summer,radio-transmitter,Rangifer tarandus,car001,HR_car001,Mountain caribou in British Columbia,0.724464815
2282778563,TRUE,2005-09-06 20:50:00.000,-122.0642526,54.81943549,,Hart Ranges,Summer,radio-transmitter,Rangifer tarandus,car001,HR_car001,Mountain caribou in British Columbia,0.696251217
2282778564,TRUE,2002-05-02 19:00:00.000,-122.1215104,54.85243233,,Hart Ranges,Summer,radio-transmitter,Rangifer tarandus,car002,HR_car002,Mountain caribou in British Columbia,0.014437382
2282778565,TRUE,2002-05-15 19:00:00.000,-122.1330483,54.87803824,,Hart Ranges,Summer,radio-transmitter,Rangifer tarandus,car002,HR_car002,Mountain caribou in British Columbia,0.222227352
2282778566,TRUE,2002-05-27 19:00:00.000,-122.2239506,54.86562198,,Hart Ranges,Summer,radio-transmitter,Rangifer tarandus,car002,HR_car002,Mountain caribou in British Columbia,0.175207011
2282778567,TRUE,2002-06-10 19:00:00.000,-122.0748025,54.8215744,,Hart Ranges,Summer,radio-transmitter,Rangifer tarandus,car002,HR_car002,Mountain caribou in British Columbia,0.203050865
2282778568,TRUE,2002-06-24 19:00:00.000,-122.1317513,54.80420972,,Hart Ranges,Summer,radio-transmitter,Rangifer tarandus,car002,HR_car002,Mountain caribou in British Columbia,0.328887317
2282778569,TRUE,2002-07-02 19:00:00.000,-122.0632226,54.83905533,,Hart Ranges,Summer,radio-transmitter,Rangifer tarandus,car002,HR_car002,Mountain caribou in British Columbia,0.292338004
2282778570,TRUE,2002-07-08 19:00:00.000,-122.1166034,54.85744743,,Hart Ranges,Summer,radio-transmitter,Rangifer tarandus,car002,HR_car002,Mountain caribou in British Columbia,0.299954304
2282778571,TRUE,2002-07-22 19:00:00.000,-122.1726794,54.89650411,,Hart Ranges,Summer,radio-transmitter,Rangifer tarandus,car002,HR_car002,Mountain caribou in British Columbia,0.732347332
2282778572,TRUE,2002-08-11 19:00:00.000,-122.0632453,54.84547226,,Hart Ranges,Summer,radio-transmitter,Rangifer tarandus,car002,HR_car002,Mountain caribou in British Columbia,0.617781849
2282778573,TRUE,2002-08-23 19:00:00.000,-122.1598841,54.88044657,,Hart Ranges,Summer,radio-transmitter,Rangifer tarandus,car002,HR_car002,Mountain caribou in British Columbia,0.778839507
2282778574,TRUE,2002-09-14 19:00:00.000,-122.11178,54.85788856,,Hart Ranges,Summer,radio-transmitter,Rangifer tarandus,car002,HR_car002,Mountain caribou in British Columbia,0.563436886
2282778575,TRUE,2002-09-30 19:00:00.000,-122.1567557,54.84289537,,Hart Ranges,Summer,radio-transmitter,Rangifer tarandus,car002,HR_car002,Mountain caribou in British Columbia,0.564326283
2282778576,TRUE,2002-10-21 19:00:00.000,-122.1501691,54.84361334,,Hart Ranges,Summer,radio-transmitter,Rangifer tarandus,car002,HR_car002,Mountain caribou in British Columbia,0.676620885
2282778577,TRUE,2002-11-21 20:00:00.000,-122.4192368,54.90508611,,Hart Ranges,Winter,radio-transmitter,Rangifer tarandus,car002,HR_car002,Mountain caribou in British Columbia,0.307133296
2282778578,TRUE,2002-12-09 20:00:00.000,-122.3898314,54.89726735,,Hart Ranges,Winter,radio-transmitter,Rangifer tarandus,car002,HR_car002,Mountain caribou in British Columbia,0.406979896
2282778579,TRUE,2003-01-08 20:00:00.000,-122.2955172,54.94318281,,Hart Ranges,Winter,radio-transmitter,Rangifer tarandus,car002,HR_car002,Mountain caribou in British Columbia,0.255240005
2282778580,TRUE,2003-01-21 20:00:00.000,-122.2940671,54.94843164,,Hart Ranges,Winter,radio-transmitter,Rangifer tarandus,car002,HR_car002,Mountain caribou in British Columbia,0.154042931
2282778581,TRUE,2003-01-27 20:00:00.000,-122.3351639,54.93688171,,Hart Ranges,Winter,radio-transmitter,Rangifer tarandus,car002,HR_car002,Mountain caribou in British Columbia,0.109094538
2282778582,TRUE,2003-02-03 20:00:00.000,-122.3306877,54.93103375,,Hart Ranges,Winter,radio-transmitter,Rangifer tarandus,car002,HR_car002,Mountain caribou in British Columbia,0.115293624
2282778583,TRUE,2003-03-02 20:00:00.000,-122.3130695,54.94102758,,Hart Ranges,Winter,radio-transmitter,Rangifer tarandus,car002,HR_car002,Mountain caribou in British Columbia,-0.003897963
2282778584,TRUE,2003-03-27 20:00:00.000,-122.3318949,54.96176595,,Hart Ranges,Winter,radio-transmitter,Rangifer tarandus,car002,HR_car002,Mountain caribou in British Columbia,0.070921345
2282778585,TRUE,2003-04-17 19:00:00.000,-122.2912838,54.9823852,,Hart Ranges,Summer,radio-transmitter,Rangifer tarandus,car002,HR_car002,Mountain caribou in British Columbia,0.057764005
2282778586,TRUE,2003-05-08 19:00:00.000,-122.3210806,54.92416853,,Hart Ranges,Summer,radio-transmitter,Rangifer tarandus,car002,HR_car002,Mountain caribou in British Columbia,0.228849102
2282778587,TRUE,2003-05-15 19:00:00.000,-122.362725,54.91637783,,Hart Ranges,Summer,radio-transmitter,Rangifer tarandus,car002,HR_car002,Mountain caribou in British Columbia,0.19538994
2282778588,TRUE,2003-06-04 19:33:00.000,-122.3922334,54.97485248,,Hart Ranges,Summer,radio-transmitter,Rangifer tarandus,car002,HR_car002,Mountain caribou in British Columbia,0.317850404
2282778589,TRUE,2003-06-19 17:14:00.000,-122.3966769,54.97754363,,Hart Ranges,Summer,radio-transmitter,Rangifer tarandus,car002,HR_car002,Mountain caribou in British Columbia,0.226015216
2282778590,TRUE,2003-07-06 17:13:00.000,-122.330672,55.00713284,,Hart Ranges,Summer,radio-transmitter,Rangifer tarandus,car002,HR_car002,Mountain caribou in British Columbia,0.732574178
2282778591,TRUE,2003-07-16 20:11:00.000,-122.3347724,54.94168746,,Hart Ranges,Summer,radio-transmitter,Rangifer tarandus,car002,HR_car002,Mountain caribou in British Columbia,0.773647243
2282778592,TRUE,2003-07-31 16:58:00.000,-122.1255377,54.87291576,,Hart Ranges,Summer,radio-transmitter,Rangifer tarandus,car002,HR_car002,Mountain caribou in British Columbia,0.760027173
2282778593,TRUE,2003-08-22 17:42:00.000,-122.0413722,54.84513978,,Hart Ranges,Summer,radio-transmitter,Rangifer tarandus,car002,HR_car002,Mountain caribou in British Columbia,0.790477271
2282778594,TRUE,2003-09-14 22:23:00.000,-122.0479024,54.84030219,,Hart Ranges,Summer,radio-transmitter,Rangifer tarandus,car002,HR_car002,Mountain caribou in British Columbia,0.723007964
2282778595,TRUE,2003-09-27 17:00:00.000,-122.0499857,54.83646306,,Hart Ranges,Summer,radio-transmitter,Rangifer tarandus,car002,HR_car002,Mountain caribou in British Columbia,0.698745132
2282778596,TRUE,2003-10-11 16:54:00.000,-122.3057696,54.82282741,,Hart Ranges,Summer,radio-transmitter,Rangifer tarandus,car002,HR_car002,Mountain caribou in British Columbia,0.609075823
2282778597,TRUE,2003-11-01 17:52:00.000,-122.2279861,54.7979041,,Hart Ranges,Winter,radio-transmitter,Rangifer tarandus,car002,HR_car002,Mountain caribou in British Columbia,0.275864807
2282778598,TRUE,2003-11-02 18:03:00.000,-122.2279378,54.79635803,,Hart Ranges,Winter,radio-transmitter,Rangifer tarandus,car002,HR_car002,Mountain caribou in British Columbia,0.371544389
2282778599,TRUE,2003-11-08 19:15:00.000,-122.3146927,54.77750308,,Hart Ranges,Winter,radio-transmitter,Rangifer tarandus,car002,HR_car002,Mountain caribou in British Columbia,0.253623067
2282778600,TRUE,2003-11-29 23:30:00.000,-122.4533255,54.91001618,,Hart Ranges,Winter,radio-transmitter,Rangifer tarandus,car002,HR_car002,Mountain caribou in British Columbia,0.139111542
2282778601,TRUE,2003-12-05 19:40:00.000,-122.391533,54.94884161,,Hart Ranges,Winter,radio-transmitter,Rangifer tarandus,car002,HR_car002,Mountain caribou in British Columbia,0.079690504
2282778602,TRUE,2003-12-10 17:26:00.000,-122.3949248,54.96210487,,Hart Ranges,Winter,radio-transmitter,Rangifer tarandus,car002,HR_car002,Mountain caribou in British Columbia,0.072949339
2282778603,TRUE,2003-12-19 18:06:00.000,-122.3823441,54.98705144,,Hart Ranges,Winter,radio-transmitter,Rangifer tarandus,car002,HR_car002,Mountain caribou in British Columbia,0.03377878
2282778604,TRUE,2003-12-28 00:14:00.000,-122.4328044,54.95174612,,Hart Ranges,Winter,radio-transmitter,Rangifer tarandus,car002,HR_car002,Mountain caribou in British Columbia,0.061665163
2282778605,TRUE,2004-01-03 00:17:00.000,-122.4516628,54.95659553,,Hart Ranges,Winter,radio-transmitter,Rangifer tarandus,car002,HR_car002,Mountain caribou in British Columbia,0.059568419
2282778606,TRUE,2004-01-10 18:45:00.000,-122.3988969,54.89582972,,Hart Ranges,Winter,radio-transmitter,Rangifer tarandus,car002,HR_car002,Mountain caribou in British Columbia,0.103708528
2282778607,TRUE,2004-01-16 18:34:00.000,-122.4572401,54.96684732,,Hart Ranges,Winter,radio-transmitter,Rangifer tarandus,car002,HR_car002,Mountain caribou in British Columbia,0.012543171
2282778608,TRUE,2004-01-26 18:28:00.000,-122.4615158,54.98234125,,Hart Ranges,Winter,radio-transmitter,Rangifer tarandus,car002,HR_car002,Mountain caribou in British Columbia,0.033375522
2282778609,TRUE,2004-02-02 00:30:00.000,-122.4629848,54.98701177,,Hart Ranges,Winter,radio-transmitter,Rangifer tarandus,car002,HR_car002,Mountain caribou in British Columbia,0.036876429
2282778610,TRUE,2004-02-12 18:57:00.000,-122.5083036,54.98461526,,Hart Ranges,Winter,radio-transmitter,Rangifer tarandus,car002,HR_car002,Mountain caribou in British Columbia,0.08627152
2282778611,TRUE,2004-02-21 19:48:00.000,-122.4758823,54.99265767,,Hart Ranges,Winter,radio-transmitter,Rangifer tarandus,car002,HR_car002,Mountain caribou in British Columbia,0.075321616
2282778612,TRUE,2004-02-26 19:25:00.000,-122.4831281,54.99438713,,Hart Ranges,Winter,radio-transmitter,Rangifer tarandus,car002,HR_car002,Mountain caribou in British Columbia,0.14046464
2282778613,TRUE,2004-03-06 18:44:00.000,-122.478032,55.02572837,,Hart Ranges,Winter,radio-transmitter,Rangifer tarandus,car002,HR_car002,Mountain caribou in British Columbia,0.155159682
2282778614,TRUE,2004-03-13 19:16:00.000,-122.4142926,55.01568793,,Hart Ranges,Winter,radio-transmitter,Rangifer tarandus,car002,HR_car002,Mountain caribou in British Columbia,0.190602576
2282778615,TRUE,2004-03-22 20:44:00.000,-122.4214272,55.01654882,,Hart Ranges,Winter,radio-transmitter,Rangifer tarandus,car002,HR_car002,Mountain caribou in British Columbia,0.158402092
2282778616,TRUE,2004-03-26 21:10:00.000,-122.4805619,55.02363635,,Hart Ranges,Winter,radio-transmitter,Rangifer tarandus,car002,HR_car002,Mountain caribou in British Columbia,0.242493004
2282778617,TRUE,2004-03-29 19:30:00.000,-122.495102,55.02669004,,Hart Ranges,Winter,radio-transmitter,Rangifer tarandus,car002,HR_car002,Mountain caribou in British Columbia,0.166493994
2282778618,TRUE,2004-04-15 23:54:00.000,-122.4077061,54.90118414,,Hart Ranges,Summer,radio-transmitter,Rangifer tarandus,car002,HR_car002,Mountain caribou in British Columbia,0.122389596
2282778619,TRUE,2004-04-28 21:55:00.000,-122.3892818,54.8872174,,Hart Ranges,Summer,radio-transmitter,Rangifer tarandus,car002,HR_car002,Mountain caribou in British Columbia,0.441482308
2282778620,TRUE,2004-05-11 22:12:00.000,-122.3879041,54.88246545,,Hart Ranges,Summer,radio-transmitter,Rangifer tarandus,car002,HR_car002,Mountain caribou in British Columbia,0.582716587
2282778621,TRUE,2004-06-04 01:08:00.000,-122.40918,55.0262314,,Hart Ranges,Summer,radio-transmitter,Rangifer tarandus,car002,HR_car002,Mountain caribou in British Columbia,0.505553268
2282778622,TRUE,2004-06-17 18:26:00.000,-122.4061871,55.02445547,,Hart Ranges,Summer,radio-transmitter,Rangifer tarandus,car002,HR_car002,Mountain caribou in British Columbia,0.655959826
2282778623,TRUE,2004-07-14 17:10:00.000,-122.0476849,54.84623196,,Hart Ranges,Summer,radio-transmitter,Rangifer tarandus,car002,HR_car002,Mountain caribou in British Columbia,0.751814434
2282778624,TRUE,2004-07-28 16:56:00.000,-122.0471319,54.84326188,,Hart Ranges,Summer,radio-transmitter,Rangifer tarandus,car002,HR_car002,Mountain caribou in British Columbia,0.757065784
2282778625,TRUE,2004-08-11 18:53:00.000,-122.0513388,54.84648523,,Hart Ranges,Summer,radio-transmitter,Rangifer tarandus,car002,HR_car002,Mountain caribou in British Columbia,0.769534509
2282778626,TRUE,2004-08-25 16:44:00.000,-122.0460173,54.84298352,,Hart Ranges,Summer,radio-transmitter,Rangifer tarandus,car002,HR_car002,Mountain caribou in British Columbia,0.60874899
2282778627,TRUE,2004-09-12 23:31:00.000,-122.0657945,54.84298451,,Hart Ranges,Summer,radio-transmitter,Rangifer tarandus,car002,HR_car002,Mountain caribou in British Columbia,0.501407209
2282778628,TRUE,2004-09-27 21:55:00.000,-122.1096987,54.89154751,,Hart Ranges,Summer,radio-transmitter,Rangifer tarandus,car002,HR_car002,Mountain caribou in British Columbia,0.761289347
2282778629,TRUE,2004-10-15 00:25:00.000,-122.2032849,54.86192936,,Hart Ranges,Summer,radio-transmitter,Rangifer tarandus,car002,HR_car002,Mountain caribou in British Columbia,0.717123657
2282778630,TRUE,2004-11-06 22:17:00.000,-122.3471314,54.83784029,,Hart Ranges,Winter,radio-transmitter,Rangifer tarandus,car002,HR_car002,Mountain caribou in British Columbia,0.300457713
2282778631,TRUE,2004-12-06 20:07:00.000,-122.4567186,55.01473444,,Hart Ranges,Winter,radio-transmitter,Rangifer tarandus,car002,HR_car002,Mountain caribou in British Columbia,-0.001235827
2282778632,TRUE,2004-12-09 17:01:00.000,-122.4812428,55.02420541,,Hart Ranges,Winter,radio-transmitter,Rangifer tarandus,car002,HR_car002,Mountain caribou in British Columbia,0.013167681
2282778633,TRUE,2004-12-12 18:30:00.000,-122.4802311,55.01414517,,Hart Ranges,Winter,radio-transmitter,Rangifer tarandus,car002,HR_car002,Mountain caribou in British Columbia,0.022199274
2282778634,TRUE,2005-01-03 00:15:00.000,-122.4754225,55.01712604,,Hart Ranges,Winter,radio-transmitter,Rangifer tarandus,car002,HR_car002,Mountain caribou in British Columbia,0.150762841
2282778635,TRUE,2005-01-05 19:25:00.000,-122.5162393,55.00693369,,Hart Ranges,Winter,radio-transmitter,Rangifer tarandus,car002,HR_car002,Mountain caribou in British Columbia,0.185038147
2282778636,TRUE,2005-01-26 22:15:00.000,-122.5205716,55.00944908,,Hart Ranges,Winter,radio-transmitter,Rangifer tarandus,car002,HR_car002,Mountain caribou in British Columbia,0.316211708
2282778637,TRUE,2005-02-06 18:30:00.000,-122.5200527,55.0110017,,Hart Ranges,Winter,radio-transmitter,Rangifer tarandus,car002,HR_car002,Mountain caribou in British Columbia,0.357557887
2282778638,TRUE,2005-02-07 18:40:00.000,-122.5135343,55.00952001,,Hart Ranges,Winter,radio-transmitter,Rangifer tarandus,car002,HR_car002,Mountain caribou in British Columbia,0.316753803
2282778639,TRUE,2005-02-14 20:42:00.000,-122.5179878,55.00585326,,Hart Ranges,Winter,radio-transmitter,Rangifer tarandus,car002,HR_car002,Mountain caribou in British Columbia,0.26736065
2282778640,TRUE,2005-02-15 17:20:00.000,-122.5179882,55.00581731,,Hart Ranges,Winter,radio-transmitter,Rangifer tarandus,car002,HR_car002,Mountain caribou in British Columbia,0.269733259
2282778641,TRUE,2005-02-21 20:15:00.000,-122.4836717,54.98856614,,Hart Ranges,Winter,radio-transmitter,Rangifer tarandus,car002,HR_car002,Mountain caribou in British Columbia,0.331011887
2282778642,TRUE,2005-02-28 19:57:00.000,-122.3636688,54.98407946,,Hart Ranges,Winter,radio-transmitter,Rangifer tarandus,car002,HR_car002,Mountain caribou in British Columbia,0.144200371
2282778643,TRUE,2005-03-12 18:50:00.000,-122.4568119,54.96501214,,Hart Ranges,Winter,radio-transmitter,Rangifer tarandus,car002,HR_car002,Mountain caribou in British Columbia,0.213148711
2282778644,TRUE,2005-03-14 17:23:00.000,-122.487821,54.98182579,,Hart Ranges,Winter,radio-transmitter,Rangifer tarandus,car002,HR_car002,Mountain caribou in British Columbia,0.24220451
2282778645,TRUE,2005-03-23 17:01:00.000,-122.522896,55.00464145,,Hart Ranges,Winter,radio-transmitter,Rangifer tarandus,car002,HR_car002,Mountain caribou in British Columbia,0.204313958
2282778646,TRUE,2005-04-14 21:49:00.000,-122.5427453,54.98873962,,Hart Ranges,Summer,radio-transmitter,Rangifer tarandus,car002,HR_car002,Mountain caribou in British Columbia,0.116974325
2282778647,TRUE,2005-05-03 00:25:00.000,-122.5321967,54.98733356,,Hart Ranges,Summer,radio-transmitter,Rangifer tarandus,car002,HR_car002,Mountain caribou in British Columbia,0.322165011
2282778648,TRUE,2005-05-19 00:02:00.000,-122.4336898,55.08744704,,Hart Ranges,Summer,radio-transmitter,Rangifer tarandus,car002,HR_car002,Mountain caribou in British Columbia,0.241179689
2282778649,TRUE,2005-06-08 20:31:00.000,-122.3641423,55.08555817,,Hart Ranges,Summer,radio-transmitter,Rangifer tarandus,car002,HR_car002,Mountain caribou in British Columbia,0.461916295
2282778650,TRUE,2005-06-28 19:00:00.000,-122.0591903,54.84973673,,Hart Ranges,Summer,radio-transmitter,Rangifer tarandus,car002,HR_car002,Mountain caribou in British Columbia,0.59135667
2282778651,TRUE,2005-08-10 23:35:00.000,-122.3130374,55.00789728,,Hart Ranges,Summer,radio-transmitter,Rangifer tarandus,car002,HR_car002,Mountain caribou in British Columbia,0.792765832
2282778652,TRUE,2005-08-24 20:40:00.000,-121.9934684,54.82447717,,Hart Ranges,Summer,radio-transmitter,Rangifer tarandus,car002,HR_car002,Mountain caribou in British Columbia,0.756870685
2282778653,TRUE,2005-09-06 20:55:00.000,-122.0337062,54.82705091,,Hart Ranges,Summer,radio-transmitter,Rangifer tarandus,car002,HR_car002,Mountain caribou in British Columbia,0.69727382
2282778654,TRUE,2005-10-18 19:50:00.000,-122.3164767,54.77220184,,Hart Ranges,Summer,radio-transmitter,Rangifer tarandus,car002,HR_car002,Mountain caribou in British Columbia,0.26492888
2282778655,TRUE,2005-11-23 18:22:00.000,-122.3188403,54.77586384,,Hart Ranges,Winter,radio-transmitter,Rangifer tarandus,car002,HR_car002,Mountain caribou in British Columbia,0.401539155
2282778656,TRUE,2005-12-03 20:04:00.000,-122.2421341,54.76918093,,Hart Ranges,Winter,radio-transmitter,Rangifer tarandus,car002,HR_car002,Mountain caribou in British Columbia,0.174865508
2282778657,TRUE,2006-01-03 19:34:00.000,-122.340852,54.83334888,,Hart Ranges,Winter,radio-transmitter,Rangifer tarandus,car002,HR_car002,Mountain caribou in British Columbia,0.26794212
2282778658,TRUE,2006-01-29 23:30:00.000,-122.3009319,54.78660925,,Hart Ranges,Winter,radio-transmitter,Rangifer tarandus,car002,HR_car002,Mountain caribou in British Columbia,0.148201127
2282778659,TRUE,2006-02-16 20:00:00.000,-122.2629503,54.78698662,,Hart Ranges,Winter,radio-transmitter,Rangifer tarandus,car002,HR_car002,Mountain caribou in British Columbia,0.266817158
2282778660,TRUE,2006-03-19 20:00:00.000,-122.2048266,54.85721234,,Hart Ranges,Winter,radio-transmitter,Rangifer tarandus,car002,HR_car002,Mountain caribou in British Columbia,0.138673687
2282778661,TRUE,2006-04-04 19:00:00.000,-122.0763904,54.85020129,,Hart Ranges,Summer,radio-transmitter,Rangifer tarandus,car002,HR_car002,Mountain caribou in British Columbia,0.045910452
2282778662,TRUE,2006-04-24 19:00:00.000,-122.047178,54.82279865,,Hart Ranges,Summer,radio-transmitter,Rangifer tarandus,car002,HR_car002,Mountain caribou in British Columbia,0.032778221
2282778663,TRUE,2006-05-13 19:00:00.000,-122.1474867,54.87112162,,Hart Ranges,Summer,radio-transmitter,Rangifer tarandus,car002,HR_car002,Mountain caribou in British Columbia,0.295732039
2282778664,TRUE,2006-05-30 19:00:00.000,-122.108972,54.8644285,,Hart Ranges,Summer,radio-transmitter,Rangifer tarandus,car002,HR_car002,Mountain caribou in British Columbia,0.175485961
2282778665,TRUE,2006-07-16 19:00:00.000,-122.3182559,55.00536544,,Hart Ranges,Summer,radio-transmitter,Rangifer tarandus,car002,HR_car002,Mountain caribou in British Columbia,0.790765117
2282778666,TRUE,2006-08-16 19:00:00.000,-122.0335546,54.86271943,,Hart Ranges,Summer,radio-transmitter,Rangifer tarandus,car002,HR_car002,Mountain caribou in British Columbia,0.700013344
2282778667,TRUE,2006-09-03 00:49:00.000,-122.0595184,54.84567712,,Hart Ranges,Summer,radio-transmitter,Rangifer tarandus,car002,HR_car002,Mountain caribou in British Columbia,0.722555847
2282778668,TRUE,2006-10-04 23:44:00.000,-122.187689,54.88365527,,Hart Ranges,Summer,radio-transmitter,Rangifer tarandus,car002,HR_car002,Mountain caribou in British Columbia,0.701929086
2282778669,TRUE,2006-12-16 19:22:00.000,-122.3125942,54.78023223,,Hart Ranges,Winter,radio-transmitter,Rangifer tarandus,car002,HR_car002,Mountain caribou in British Columbia,0.045883106
2282778670,TRUE,2007-01-12 18:30:00.000,-122.2683476,54.77228061,,Hart Ranges,Winter,radio-transmitter,Rangifer tarandus,car002,HR_car002,Mountain caribou in British Columbia,0.106355266
2282778671,TRUE,2007-01-28 00:55:00.000,-122.2127199,54.8062538,,Hart Ranges,Winter,radio-transmitter,Rangifer tarandus,car002,HR_car002,Mountain caribou in British Columbia,0.153255775
2282778672,TRUE,2007-02-12 21:03:00.000,-122.1545268,54.84671731,,Hart Ranges,Winter,radio-transmitter,Rangifer tarandus,car002,HR_car002,Mountain caribou in British Columbia,0.031267933
2282778673,TRUE,2003-03-16 20:00:00.000,-122.1598189,54.68780836,,Hart Ranges,Winter,radio-transmitter,Rangifer tarandus,car016,HR_car016,Mountain caribou in British Columbia,0.035706293
2282778674,TRUE,2003-03-21 17:09:00.000,-122.290661,54.84387725,,Hart Ranges,Winter,radio-transmitter,Rangifer tarandus,car016,HR_car016,Mountain caribou in British Columbia,0.096561151
2282778675,TRUE,2003-03-27 20:00:00.000,-122.2218451,54.84306932,,Hart Ranges,Winter,radio-transmitter,Rangifer tarandus,car016,HR_car016,Mountain caribou in British Columbia,0.045596577
2282778676,TRUE,2003-04-17 19:00:00.000,-122.0924869,54.80754427,,Hart Ranges,Summer,radio-transmitter,Rangifer tarandus,car016,HR_car016,Mountain caribou in British Columbia,-0.005814352
2282778677,TRUE,2003-05-08 19:00:00.000,-122.0958385,54.78913675,,Hart Ranges,Summer,radio-transmitter,Rangifer tarandus,car016,HR_car016,Mountain caribou in British Columbia,0.373199523
2282778678,TRUE,2003-05-15 19:00:00.000,-122.076905,54.8105992,,Hart Ranges,Summer,radio-transmitter,Rangifer tarandus,car016,HR_car016,Mountain caribou in British Columbia,0.097253173
2282778679,TRUE,2003-06-04 23:57:00.000,-122.1351205,54.83730606,,Hart Ranges,Summer,radio-transmitter,Rangifer tarandus,car016,HR_car016,Mountain caribou in British Columbia,0.29037933
2282778680,TRUE,2003-12-20 17:14:00.000,-122.2567391,54.80175029,,Hart Ranges,Winter,radio-transmitter,Rangifer tarandus,car016,HR_car016,Mountain caribou in British Columbia,0.025544961
2282778681,TRUE,2003-12-27 23:29:00.000,-122.2355145,54.80121403,,Hart Ranges,Winter,radio-transmitter,Rangifer tarandus,car016,HR_car016,Mountain caribou in British Columbia,0.017578871
2282778682,TRUE,2004-01-02 22:32:00.000,-122.2350043,54.78869193,,Hart Ranges,Winter,radio-transmitter,Rangifer tarandus,car016,HR_car016,Mountain caribou in British Columbia,0.012032311
2282778683,TRUE,2004-01-10 18:57:00.000,-122.2409956,54.85073055,,Hart Ranges,Winter,radio-transmitter,Rangifer tarandus,car016,HR_car016,Mountain caribou in British Columbia,0.011838241
2282778684,TRUE,2004-01-16 18:18:00.000,-122.2697168,54.82053091,,Hart Ranges,Winter,radio-transmitter,Rangifer tarandus,car016,HR_car016,Mountain caribou in British Columbia,0.026846082
2282778685,TRUE,2004-01-19 20:42:00.000,-122.2697854,54.82708279,,Hart Ranges,Winter,radio-transmitter,Rangifer tarandus,car016,HR_car016,Mountain caribou in British Columbia,-0.024615189
2282778686,TRUE,2004-01-26 18:08:00.000,-122.2223905,54.80822139,,Hart Ranges,Winter,radio-transmitter,Rangifer tarandus,car016,HR_car016,Mountain caribou in British Columbia,-0.004198777
2282778687,TRUE,2004-02-02 00:12:00.000,-122.2499217,54.80446734,,Hart Ranges,Winter,radio-transmitter,Rangifer tarandus,car016,HR_car016,Mountain caribou in British Columbia,0.034682331
2282778688,TRUE,2004-02-12 18:13:00.000,-122.2446327,54.80443454,,Hart Ranges,Winter,radio-transmitter,Rangifer tarandus,car016,HR_car016,Mountain caribou in British Columbia,0.035643515
2282778689,TRUE,2004-02-21 19:50:00.000,-122.2255595,54.80523101,,Hart Ranges,Winter,radio-transmitter,Rangifer tarandus,car016,HR_car016,Mountain caribou in British Columbia,0.084929587
2282778690,TRUE,2004-02-26 18:37:00.000,-122.1303437,54.81904625,,Hart Ranges,Winter,radio-transmitter,Rangifer tarandus,car016,HR_car016,Mountain caribou in British Columbia,0.080694075
2282778691,TRUE,2004-03-06 18:01:00.000,-122.0475368,54.83863672,,Hart Ranges,Winter,radio-transmitter,Rangifer tarandus,car016,HR_car016,Mountain caribou in British Columbia,0.125619688
2282778692,TRUE,2004-03-13 23:28:00.000,-122.0641336,54.84544316,,Hart Ranges,Winter,radio-transmitter,Rangifer tarandus,car016,HR_car016,Mountain caribou in British Columbia,0.097592538
2282778693,TRUE,2004-03-22 20:15:00.000,-122.0718531,54.84159305,,Hart Ranges,Winter,radio-transmitter,Rangifer tarandus,car016,HR_car016,Mountain caribou in British Columbia,0.166916613
2282778694,TRUE,2004-03-26 20:32:00.000,-122.0916159,54.85052284,,Hart Ranges,Winter,radio-transmitter,Rangifer tarandus,car016,HR_car016,Mountain caribou in British Columbia,0.034265441
2282778695,TRUE,2004-03-29 19:01:00.000,-122.1151842,54.84898033,,Hart Ranges,Winter,radio-transmitter,Rangifer tarandus,car016,HR_car016,Mountain caribou in British Columbia,0.073295458
2282778696,TRUE,2004-04-01 00:57:00.000,-122.1278667,54.8343244,,Hart Ranges,Winter,radio-transmitter,Rangifer tarandus,car016,HR_car016,Mountain caribou in British Columbia,0.084706345
2282778697,TRUE,2004-04-16 00:07:00.000,-122.0903478,54.79887368,,Hart Ranges,Summer,radio-transmitter,Rangifer tarandus,car016,HR_car016,Mountain caribou in British Columbia,0.159089997
2282778698,TRUE,2004-04-28 22:57:00.000,-122.1000613,54.79926964,,Hart Ranges,Summer,radio-transmitter,Rangifer tarandus,car016,HR_car016,Mountain caribou in British Columbia,0.237324799
2282778699,TRUE,2004-05-11 22:42:00.000,-122.1934585,54.76406799,,Hart Ranges,Summer,radio-transmitter,Rangifer tarandus,car016,HR_car016,Mountain caribou in British Columbia,0.28253861
2282778700,TRUE,2004-06-04 02:12:00.000,-122.2521867,54.79470349,,Hart Ranges,Summer,radio-transmitter,Rangifer tarandus,car016,HR_car016,Mountain caribou in British Columbia,0.491956953
2282778701,TRUE,2004-06-17 23:51:00.000,-122.183752,54.83935025,,Hart Ranges,Summer,radio-transmitter,Rangifer tarandus,car016,HR_car016,Mountain caribou in British Columbia,0.338891835
2282778702,TRUE,2004-06-30 16:30:00.000,-122.1868514,54.86332126,,Hart Ranges,Summer,radio-transmitter,Rangifer tarandus,car016,HR_car016,Mountain caribou in British Columbia,0.750863298
2282778703,TRUE,2004-07-14 17:33:00.000,-122.1770899,54.84077016,,Hart Ranges,Summer,radio-transmitter,Rangifer tarandus,car016,HR_car016,Mountain caribou in British Columbia,0.731443138
2282778704,TRUE,2004-07-28 17:25:00.000,-122.2420732,54.84725036,,Hart Ranges,Summer,radio-transmitter,Rangifer tarandus,car016,HR_car016,Mountain caribou in British Columbia,0.787722013
2282778705,TRUE,2004-08-11 19:17:00.000,-122.2290953,54.83687863,,Hart Ranges,Summer,radio-transmitter,Rangifer tarandus,car016,HR_car016,Mountain caribou in British Columbia,0.758920938
2282778706,TRUE,2004-08-25 16:56:00.000,-122.0967432,54.85178332,,Hart Ranges,Summer,radio-transmitter,Rangifer tarandus,car016,HR_car016,Mountain caribou in British Columbia,0.507657595
2282778707,TRUE,2004-09-12 23:44:00.000,-122.2077526,54.85575761,,Hart Ranges,Summer,radio-transmitter,Rangifer tarandus,car016,HR_car016,Mountain caribou in British Columbia,0.468433824
2282778708,TRUE,2004-09-27 21:33:00.000,-122.2287978,54.84186449,,Hart Ranges,Summer,radio-transmitter,Rangifer tarandus,car016,HR_car016,Mountain caribou in British Columbia,0.628373628
2282778709,TRUE,2004-10-15 00:35:00.000,-122.2871314,54.77109831,,Hart Ranges,Summer,radio-transmitter,Rangifer tarandus,car016,HR_car016,Mountain caribou in British Columbia,0.670531116
2282778710,TRUE,2004-11-06 22:27:00.000,-122.3546379,54.8387162,,Hart Ranges,Winter,radio-transmitter,Rangifer tarandus,car016,HR_car016,Mountain caribou in British Columbia,0.257829814
2282778711,TRUE,2004-12-06 20:25:00.000,-122.3445909,54.84184373,,Hart Ranges,Winter,radio-transmitter,Rangifer tarandus,car016,HR_car016,Mountain caribou in British Columbia,-0.04426887
2282778712,TRUE,2004-12-09 18:22:00.000,-122.3306869,54.84174093,,Hart Ranges,Winter,radio-transmitter,Rangifer tarandus,car016,HR_car016,Mountain caribou in British Columbia,-2.77E-04
2282778713,TRUE,2004-12-12 18:40:00.000,-122.3544316,54.83603702,,Hart Ranges,Winter,radio-transmitter,Rangifer tarandus,car016,HR_car016,Mountain caribou in British Columbia,0.132234737
2282778714,TRUE,2005-01-05 20:40:00.000,-122.1858071,54.82544323,,Hart Ranges,Winter,radio-transmitter,Rangifer tarandus,car016,HR_car016,Mountain caribou in British Columbia,0.002559831
2282778715,TRUE,2003-03-16 20:53:00.000,-122.0253253,54.74001498,,Hart Ranges,Winter,radio-transmitter,Rangifer tarandus,car017,HR_car017,Mountain caribou in British Columbia,0.079392062
2282778716,TRUE,2003-03-27 20:00:00.000,-122.0100669,54.72747098,,Hart Ranges,Winter,radio-transmitter,Rangifer tarandus,car017,HR_car017,Mountain caribou in British Columbia,0.038972747
2282778717,TRUE,2003-04-22 19:00:00.000,-121.9797713,54.7113842,,Hart Ranges,Summer,radio-transmitter,Rangifer tarandus,car017,HR_car017,Mountain caribou in British Columbia,0.050095666
2282778718,TRUE,2003-05-08 19:00:00.000,-122.1356866,54.65612936,,Hart Ranges,Summer,radio-transmitter,Rangifer tarandus,car017,HR_car017,Mountain caribou in British Columbia,0.573686253
2282778719,TRUE,2003-05-15 19:00:00.000,-122.1888106,54.67313208,,Hart Ranges,Summer,radio-transmitter,Rangifer tarandus,car017,HR_car017,Mountain caribou in British Columbia,0.506996581
2282778720,TRUE,2003-05-21 19:00:00.000,-122.1650979,54.65810612,,Hart Ranges,Summer,radio-transmitter,Rangifer tarandus,car017,HR_car017,Mountain caribou in British Columbia,0.574992018
2282778721,TRUE,2003-06-05 00:15:00.000,-121.911083,54.72767392,,Hart Ranges,Summer,radio-transmitter,Rangifer tarandus,car017,HR_car017,Mountain caribou in British Columbia,0.266027443
2282778722,TRUE,2004-02-21 18:39:00.000,-122.0409766,54.74618817,,Hart Ranges,Winter,radio-transmitter,Rangifer tarandus,car017,HR_car017,Mountain caribou in British Columbia,0.183897494
2282778723,TRUE,2004-02-26 18:27:00.000,-122.038315,54.74705683,,Hart Ranges,Winter,radio-transmitter,Rangifer tarandus,car017,HR_car017,Mountain caribou in British Columbia,0.176565355
2282778724,TRUE,2004-03-06 17:44:00.000,-121.9748143,54.70975162,,Hart Ranges,Winter,radio-transmitter,Rangifer tarandus,car017,HR_car017,Mountain caribou in British Columbia,0.081364789
2282778725,TRUE,2004-03-13 23:12:00.000,-122.0398067,54.72406133,,Hart Ranges,Winter,radio-transmitter,Rangifer tarandus,car017,HR_car017,Mountain caribou in British Columbia,0.044717237
2282778726,TRUE,2004-03-22 19:56:00.000,-122.0823713,54.69289967,,Hart Ranges,Winter,radio-transmitter,Rangifer tarandus,car017,HR_car017,Mountain caribou in British Columbia,0.128279806
2282778727,TRUE,2004-03-26 19:25:00.000,-122.0237476,54.72035615,,Hart Ranges,Winter,radio-transmitter,Rangifer tarandus,car017,HR_car017,Mountain caribou in British Columbia,0.068519254
2282778728,TRUE,2004-03-29 18:47:00.000,-122.0376487,54.72994884,,Hart Ranges,Winter,radio-transmitter,Rangifer tarandus,car017,HR_car017,Mountain caribou in British Columbia,0.110386229
2282778729,TRUE,2004-04-16 00:40:00.000,-122.1713821,54.66771168,,Hart Ranges,Summer,radio-transmitter,Rangifer tarandus,car017,HR_car017,Mountain caribou in British Columbia,0.518540276
2282778730,TRUE,2004-04-28 23:12:00.000,-122.1185569,54.64758484,,Hart Ranges,Summer,radio-transmitter,Rangifer tarandus,car017,HR_car017,Mountain caribou in British Columbia,0.588346354
2282778731,TRUE,2004-05-11 15:58:00.000,-122.0095551,54.63952571,,Hart Ranges,Summer,radio-transmitter,Rangifer tarandus,car017,HR_car017,Mountain caribou in British Columbia,0.199175217
2282778732,TRUE,2004-06-03 16:07:00.000,-121.9598417,54.73135543,,Hart Ranges,Summer,radio-transmitter,Rangifer tarandus,car017,HR_car017,Mountain caribou in British Columbia,0.440869932
2282778733,TRUE,2004-06-18 00:13:00.000,-121.8895555,54.71876089,,Hart Ranges,Summer,radio-transmitter,Rangifer tarandus,car017,HR_car017,Mountain caribou in British Columbia,0.542271177
2282778734,TRUE,2004-06-30 14:53:00.000,-121.879614,54.63672167,,Hart Ranges,Summer,radio-transmitter,Rangifer tarandus,car017,HR_car017,Mountain caribou in British Columbia,0.773485449
2282778735,TRUE,2004-07-14 16:41:00.000,-121.8713514,54.75370652,,Hart Ranges,Summer,radio-transmitter,Rangifer tarandus,car017,HR_car017,Mountain caribou in British Columbia,0.724605111
2282778736,TRUE,2004-07-28 16:30:00.000,-121.883045,54.77653478,,Hart Ranges,Summer,radio-transmitter,Rangifer tarandus,car017,HR_car017,Mountain caribou in British Columbia,0.771918743
2282778737,TRUE,2004-08-11 18:39:00.000,-121.9842869,54.72634105,,Hart Ranges,Summer,radio-transmitter,Rangifer tarandus,car017,HR_car017,Mountain caribou in British Columbia,0.795688597
2282778738,TRUE,2003-03-27 20:00:00.000,-122.211359,55.01487452,,Hart Ranges,Winter,radio-transmitter,Rangifer tarandus,car019,HR_car019,Mountain caribou in British Columbia,0.002131312
2282778739,TRUE,2003-04-22 19:00:00.000,-122.0845025,54.93212503,,Hart Ranges,Summer,radio-transmitter,Rangifer tarandus,car019,HR_car019,Mountain caribou in British Columbia,-0.036172418
2282778740,TRUE,2003-05-08 19:00:00.000,-122.0437663,54.89140596,,Hart Ranges,Summer,radio-transmitter,Rangifer tarandus,car019,HR_car019,Mountain caribou in British Columbia,-0.013618425
2282778741,TRUE,2003-05-15 19:00:00.000,-122.1549206,54.89120543,,Hart Ranges,Summer,radio-transmitter,Rangifer tarandus,car019,HR_car019,Mountain caribou in British Columbia,0.229990329
2282778742,TRUE,2003-05-21 19:00:00.000,-122.170296,54.88197401,,Hart Ranges,Summer,radio-transmitter,Rangifer tarandus,car019,HR_car019,Mountain caribou in British Columbia,0.433880602
2282778743,TRUE,2003-06-04 19:42:00.000,-122.1958191,55.03961201,,Hart Ranges,Summer,radio-transmitter,Rangifer tarandus,car019,HR_car019,Mountain caribou in British Columbia,0.35768852
2282778744,TRUE,2003-06-19 17:28:00.000,-122.2422403,55.04584999,,Hart Ranges,Summer,radio-transmitter,Rangifer tarandus,car019,HR_car019,Mountain caribou in British Columbia,0.288185052
2282778745,TRUE,2003-07-06 17:26:00.000,-122.1486134,54.9773094,,Hart Ranges,Summer,radio-transmitter,Rangifer tarandus,car019,HR_car019,Mountain caribou in British Columbia,0.746307462
2282778746,TRUE,2003-07-16 19:52:00.000,-122.1296361,54.87798688,,Hart Ranges,Summer,radio-transmitter,Rangifer tarandus,car019,HR_car019,Mountain caribou in British Columbia,0.733272182
2282778747,TRUE,2003-07-31 18:32:00.000,-122.1497555,54.86550271,,Hart Ranges,Summer,radio-transmitter,Rangifer tarandus,car019,HR_car019,Mountain caribou in British Columbia,0.73860158
2282778748,TRUE,2003-08-22 17:55:00.000,-122.1425722,54.87873492,,Hart Ranges,Summer,radio-transmitter,Rangifer tarandus,car019,HR_car019,Mountain caribou in British Columbia,0.777769608
2282778749,TRUE,2003-09-02 23:40:00.000,-122.1089021,54.85770571,,Hart Ranges,Summer,radio-transmitter,Rangifer tarandus,car019,HR_car019,Mountain caribou in British Columbia,0.763918103
2282778750,TRUE,2003-09-14 22:15:00.000,-122.1589145,54.87760898,,Hart Ranges,Summer,radio-transmitter,Rangifer tarandus,car019,HR_car019,Mountain caribou in British Columbia,0.722785729
2282778751,TRUE,2003-09-27 17:09:00.000,-122.1572705,54.88170461,,Hart Ranges,Summer,radio-transmitter,Rangifer tarandus,car019,HR_car019,Mountain caribou in British Columbia,0.693529921
2282778752,TRUE,2003-10-11 17:05:00.000,-122.1525425,54.89233919,,Hart Ranges,Summer,radio-transmitter,Rangifer tarandus,car019,HR_car019,Mountain caribou in British Columbia,0.611650075
2282778753,TRUE,2003-11-01 20:00:00.000,-122.1509053,54.85008013,,Hart Ranges,Winter,radio-transmitter,Rangifer tarandus,car019,HR_car019,Mountain caribou in British Columbia,0.306685509
2282778754,TRUE,2003-11-02 18:25:00.000,-122.1552494,54.85313005,,Hart Ranges,Winter,radio-transmitter,Rangifer tarandus,car019,HR_car019,Mountain caribou in British Columbia,0.367592988
2282778755,TRUE,2003-11-08 18:50:00.000,-122.128135,54.84138113,,Hart Ranges,Winter,radio-transmitter,Rangifer tarandus,car019,HR_car019,Mountain caribou in British Columbia,0.187511685
2282778756,TRUE,2003-11-29 23:36:00.000,-122.1680323,54.90030079,,Hart Ranges,Winter,radio-transmitter,Rangifer tarandus,car019,HR_car019,Mountain caribou in British Columbia,0.031338899
2282778757,TRUE,2003-12-05 19:10:00.000,-122.2479794,54.98761606,,Hart Ranges,Winter,radio-transmitter,Rangifer tarandus,car019,HR_car019,Mountain caribou in British Columbia,0.146396123
2282778758,TRUE,2003-12-10 17:08:00.000,-122.2867559,54.97336305,,Hart Ranges,Winter,radio-transmitter,Rangifer tarandus,car019,HR_car019,Mountain caribou in British Columbia,0.18258211
2282778759,TRUE,2003-12-19 18:28:00.000,-122.3107353,54.94516623,,Hart Ranges,Winter,radio-transmitter,Rangifer tarandus,car019,HR_car019,Mountain caribou in British Columbia,-0.029893194
2282778760,TRUE,2003-12-27 23:54:00.000,-122.3864479,54.97517391,,Hart Ranges,Winter,radio-transmitter,Rangifer tarandus,car019,HR_car019,Mountain caribou in British Columbia,0.112369267
2282778761,TRUE,2004-01-03 00:08:00.000,-122.3915926,54.97486725,,Hart Ranges,Winter,radio-transmitter,Rangifer tarandus,car019,HR_car019,Mountain caribou in British Columbia,0.06030501
2282778762,TRUE,2004-01-10 18:15:00.000,-122.4388541,54.95348165,,Hart Ranges,Winter,radio-transmitter,Rangifer tarandus,car019,HR_car019,Mountain caribou in British Columbia,0.044930583
2282778763,TRUE,2004-01-16 18:36:00.000,-122.4572401,54.96684732,,Hart Ranges,Winter,radio-transmitter,Rangifer tarandus,car019,HR_car019,Mountain caribou in British Columbia,0.012541039
2282778764,TRUE,2004-01-26 18:36:00.000,-122.4560385,54.96098268,,Hart Ranges,Winter,radio-transmitter,Rangifer tarandus,car019,HR_car019,Mountain caribou in British Columbia,0.035543712
2282778765,TRUE,2004-02-02 00:42:00.000,-122.4587558,54.96448161,,Hart Ranges,Winter,radio-transmitter,Rangifer tarandus,car019,HR_car019,Mountain caribou in British Columbia,0.036144107
2282778766,TRUE,2004-02-12 18:48:00.000,-122.4490048,54.96938945,,Hart Ranges,Winter,radio-transmitter,Rangifer tarandus,car019,HR_car019,Mountain caribou in British Columbia,0.06921365
2282778767,TRUE,2004-02-21 19:35:00.000,-122.4532805,54.95130969,,Hart Ranges,Winter,radio-transmitter,Rangifer tarandus,car019,HR_car019,Mountain caribou in British Columbia,0.217559398
2282778768,TRUE,2004-02-26 19:12:00.000,-122.4442188,54.95058563,,Hart Ranges,Winter,radio-transmitter,Rangifer tarandus,car019,HR_car019,Mountain caribou in British Columbia,0.162207809
2282778769,TRUE,2004-03-06 18:33:00.000,-122.3696862,54.95807647,,Hart Ranges,Winter,radio-transmitter,Rangifer tarandus,car019,HR_car019,Mountain caribou in British Columbia,0.084720631
2282778770,TRUE,2004-03-13 19:06:00.000,-122.4048578,54.97479808,,Hart Ranges,Winter,radio-transmitter,Rangifer tarandus,car019,HR_car019,Mountain caribou in British Columbia,0.190718361
2282778771,TRUE,2004-03-22 20:33:00.000,-122.3586158,54.98149173,,Hart Ranges,Winter,radio-transmitter,Rangifer tarandus,car019,HR_car019,Mountain caribou in British Columbia,0.06889869
2282778772,TRUE,2004-03-26 20:47:00.000,-122.3832872,54.97242599,,Hart Ranges,Winter,radio-transmitter,Rangifer tarandus,car019,HR_car019,Mountain caribou in British Columbia,0.189160951
2282778773,TRUE,2004-03-29 19:13:00.000,-122.3753092,54.96304815,,Hart Ranges,Winter,radio-transmitter,Rangifer tarandus,car019,HR_car019,Mountain caribou in British Columbia,0.064400331
2282778774,TRUE,2004-04-15 21:53:00.000,-122.3283815,54.98981196,,Hart Ranges,Summer,radio-transmitter,Rangifer tarandus,car019,HR_car019,Mountain caribou in British Columbia,0.148826602
2282778775,TRUE,2004-04-28 19:00:00.000,-122.3237479,55.00883796,,Hart Ranges,Summer,radio-transmitter,Rangifer tarandus,car019,HR_car019,Mountain caribou in British Columbia,0.12247624
2282778776,TRUE,2004-05-11 22:00:00.000,-122.3315161,55.00714647,,Hart Ranges,Summer,radio-transmitter,Rangifer tarandus,car019,HR_car019,Mountain caribou in British Columbia,0.112086682
2282778777,TRUE,2004-06-04 01:22:00.000,-122.3221769,54.99258138,,Hart Ranges,Summer,radio-transmitter,Rangifer tarandus,car019,HR_car019,Mountain caribou in British Columbia,0.149893509
2282778778,TRUE,2004-06-17 17:57:00.000,-122.3566022,55.00187176,,Hart Ranges,Summer,radio-transmitter,Rangifer tarandus,car019,HR_car019,Mountain caribou in British Columbia,0.442918507
2282778779,TRUE,2004-06-30 16:08:00.000,-122.120663,54.867758,,Hart Ranges,Summer,radio-transmitter,Rangifer tarandus,car019,HR_car019,Mountain caribou in British Columbia,0.643330421
2282778780,TRUE,2004-07-14 17:15:00.000,-122.1109633,54.88014334,,Hart Ranges,Summer,radio-transmitter,Rangifer tarandus,car019,HR_car019,Mountain caribou in British Columbia,0.603998847
2282778781,TRUE,2004-07-28 17:16:00.000,-122.1353032,54.88483047,,Hart Ranges,Summer,radio-transmitter,Rangifer tarandus,car019,HR_car019,Mountain caribou in British Columbia,0.749108977
2282778782,TRUE,2004-08-11 19:09:00.000,-122.1284208,54.87868814,,Hart Ranges,Summer,radio-transmitter,Rangifer tarandus,car019,HR_car019,Mountain caribou in British Columbia,0.771493501
2282778783,TRUE,2004-08-25 17:04:00.000,-122.1089233,54.85886519,,Hart Ranges,Summer,radio-transmitter,Rangifer tarandus,car019,HR_car019,Mountain caribou in British Columbia,0.549156104
2282778784,TRUE,2004-09-12 23:51:00.000,-122.1193295,54.84743774,,Hart Ranges,Summer,radio-transmitter,Rangifer tarandus,car019,HR_car019,Mountain caribou in British Columbia,0.385899176
2282778785,TRUE,2004-09-27 22:00:00.000,-122.1370876,54.86260045,,Hart Ranges,Summer,radio-transmitter,Rangifer tarandus,car019,HR_car019,Mountain caribou in British Columbia,0.603719794
2282778786,TRUE,2003-12-20 17:44:00.000,-121.7896886,54.67836766,,Hart Ranges,Winter,radio-transmitter,Rangifer tarandus,car029,HR_car029,Mountain caribou in British Columbia,0.047375846
2282778787,TRUE,2003-12-27 22:51:00.000,-121.8426407,54.65706332,,Hart Ranges,Winter,radio-transmitter,Rangifer tarandus,car029,HR_car029,Mountain caribou in British Columbia,0.060400785
2282778788,TRUE,2004-01-02 21:54:00.000,-121.8034324,54.68410341,,Hart Ranges,Winter,radio-transmitter,Rangifer tarandus,car029,HR_car029,Mountain caribou in British Columbia,0.040447314
2282778789,TRUE,2004-01-10 19:48:00.000,-121.8331849,54.64893773,,Hart Ranges,Winter,radio-transmitter,Rangifer tarandus,car029,HR_car029,Mountain caribou in British Columbia,0.066288774
2282778790,TRUE,2004-01-16 17:42:00.000,-121.8375089,54.65926106,,Hart Ranges,Winter,radio-transmitter,Rangifer tarandus,car029,HR_car029,Mountain caribou in British Columbia,0.02124478
2282778791,TRUE,2004-01-26 17:30:00.000,-121.6795066,54.76046041,,Hart Ranges,Winter,radio-transmitter,Rangifer tarandus,car029,HR_car029,Mountain caribou in British Columbia,0.052752246
2282778792,TRUE,2004-02-01 23:21:00.000,-121.6895271,54.76057808,,Hart Ranges,Winter,radio-transmitter,Rangifer tarandus,car029,HR_car029,Mountain caribou in British Columbia,0.273496819
2282778793,TRUE,2004-02-12 17:47:00.000,-121.6922719,54.76317814,,Hart Ranges,Winter,radio-transmitter,Rangifer tarandus,car029,HR_car029,Mountain caribou in British Columbia,0.253298721
2282778794,TRUE,2004-02-21 18:12:00.000,-121.5575374,54.69306489,,Hart Ranges,Winter,radio-transmitter,Rangifer tarandus,car029,HR_car029,Mountain caribou in British Columbia,0.083146681
2282778795,TRUE,2004-02-26 18:14:00.000,-121.5562342,54.69218653,,Hart Ranges,Winter,radio-transmitter,Rangifer tarandus,car029,HR_car029,Mountain caribou in British Columbia,0.084999322
2282778796,TRUE,2004-03-06 16:03:00.000,-121.566699,54.71310853,,Hart Ranges,Winter,radio-transmitter,Rangifer tarandus,car029,HR_car029,Mountain caribou in British Columbia,0.092022164
2282778797,TRUE,2004-03-13 22:48:00.000,-121.5616917,54.69537021,,Hart Ranges,Winter,radio-transmitter,Rangifer tarandus,car029,HR_car029,Mountain caribou in British Columbia,0.010839414
2282778798,TRUE,2004-03-22 19:36:00.000,-121.5655251,54.71118024,,Hart Ranges,Winter,radio-transmitter,Rangifer tarandus,car029,HR_car029,Mountain caribou in British Columbia,0.102642565
2282778799,TRUE,2004-03-26 19:03:00.000,-121.5606101,54.6934879,,Hart Ranges,Winter,radio-transmitter,Rangifer tarandus,car029,HR_car029,Mountain caribou in British Columbia,0.044520777
2282778800,TRUE,2004-03-29 18:27:00.000,-121.5571096,54.69243963,,Hart Ranges,Winter,radio-transmitter,Rangifer tarandus,car029,HR_car029,Mountain caribou in British Columbia,0.05514646
2282778801,TRUE,2004-04-16 01:15:00.000,-121.6813425,54.54690512,,Hart Ranges,Summer,radio-transmitter,Rangifer tarandus,car029,HR_car029,Mountain caribou in British Columbia,0.170153677
2282778802,TRUE,2004-04-23 18:28:00.000,-121.7478171,54.5455353,,Hart Ranges,Summer,radio-transmitter,Rangifer tarandus,car029,HR_car029,Mountain caribou in British Columbia,0.128989614
2282778803,TRUE,2004-04-28 16:40:00.000,-121.7381936,54.54878775,,Hart Ranges,Summer,radio-transmitter,Rangifer tarandus,car029,HR_car029,Mountain caribou in British Columbia,0.125873674
2282778804,TRUE,2004-05-11 15:49:00.000,-122.0338339,54.61606699,,Hart Ranges,Summer,radio-transmitter,Rangifer tarandus,car029,HR_car029,Mountain caribou in British Columbia,0.533943754
2282778805,TRUE,2004-06-03 15:48:00.000,-121.7929025,54.68139258,,Hart Ranges,Summer,radio-transmitter,Rangifer tarandus,car029,HR_car029,Mountain caribou in British Columbia,0.553767452
2282778806,TRUE,2004-06-17 15:58:00.000,-121.760966,54.64519165,,Hart Ranges,Summer,radio-transmitter,Rangifer tarandus,car029,HR_car029,Mountain caribou in British Columbia,0.550084415
2282778807,TRUE,2004-06-30 15:27:00.000,-121.5569366,54.67195429,,Hart Ranges,Summer,radio-transmitter,Rangifer tarandus,car029,HR_car029,Mountain caribou in British Columbia,0.7490195
2282778808,TRUE,2004-07-15 01:22:00.000,-121.8062673,54.65251313,,Hart Ranges,Summer,radio-transmitter,Rangifer tarandus,car029,HR_car029,Mountain caribou in British Columbia,0.751115745
2282778809,TRUE,2004-07-28 16:10:00.000,-121.7561668,54.64908804,,Hart Ranges,Summer,radio-transmitter,Rangifer tarandus,car029,HR_car029,Mountain caribou in British Columbia,0.72871897
2282778810,TRUE,2004-08-11 18:22:00.000,-121.8009304,54.67847045,,Hart Ranges,Summer,radio-transmitter,Rangifer tarandus,car029,HR_car029,Mountain caribou in British Columbia,0.771575843
2282778811,TRUE,2004-08-25 16:16:00.000,-121.7863924,54.68539892,,Hart Ranges,Summer,radio-transmitter,Rangifer tarandus,car029,HR_car029,Mountain caribou in British Columbia,0.64842551
2282778812,TRUE,2004-09-13 01:10:00.000,-121.8330387,54.65079675,,Hart Ranges,Summer,radio-transmitter,Rangifer tarandus,car029,HR_car029,Mountain caribou in British Columbia,0.359591623
2282778813,TRUE,2004-09-27 16:05:00.000,-121.7778573,54.64935378,,Hart Ranges,Summer,radio-transmitter,Rangifer tarandus,car029,HR_car029,Mountain caribou in British Columbia,0.658622624
2282778814,TRUE,2004-10-14 23:35:00.000,-121.7560941,54.70422624,,Hart Ranges,Summer,radio-transmitter,Rangifer tarandus,car029,HR_car029,Mountain caribou in British Columbia,0.701108032
2282778815,TRUE,2004-11-06 23:55:00.000,-122.0478219,54.61721135,,Hart Ranges,Winter,radio-transmitter,Rangifer tarandus,car029,HR_car029,Mountain caribou in British Columbia,0.397585084
2282778816,TRUE,2004-12-06 21:17:00.000,-121.8433243,54.45265397,,Hart Ranges,Winter,radio-transmitter,Rangifer tarandus,car029,HR_car029,Mountain caribou in British Columbia,-0.065358827
2282778817,TRUE,2004-12-09 22:34:00.000,-121.8490579,54.45610612,,Hart Ranges,Winter,radio-transmitter,Rangifer tarandus,car029,HR_car029,Mountain caribou in British Columbia,-0.056980873
2282778818,TRUE,2004-12-12 19:33:00.000,-121.7803916,54.43192021,,Hart Ranges,Winter,radio-transmitter,Rangifer tarandus,car029,HR_car029,Mountain caribou in British Columbia,-0.050870729
2282778819,TRUE,2004-12-21 18:10:00.000,-121.7908453,54.42821442,,Hart Ranges,Winter,radio-transmitter,Rangifer tarandus,car029,HR_car029,Mountain caribou in British Columbia,0.002982144
2282778820,TRUE,2005-01-02 19:34:00.000,-121.6478032,54.36457192,,Hart Ranges,Winter,radio-transmitter,Rangifer tarandus,car029,HR_car029,Mountain caribou in British Columbia,0.018734495
2282778821,TRUE,2005-02-14 17:53:00.000,-121.6078515,54.36987019,,Hart Ranges,Winter,radio-transmitter,Rangifer tarandus,car029,HR_car029,Mountain caribou in British Columbia,0.075409702
2282778822,TRUE,2005-02-21 17:49:00.000,-121.6056877,54.37330567,,Hart Ranges,Winter,radio-transmitter,Rangifer tarandus,car029,HR_car029,Mountain caribou in British Columbia,0.147666786
2282778823,TRUE,2005-02-28 17:50:00.000,-121.60673,54.37298515,,Hart Ranges,Winter,radio-transmitter,Rangifer tarandus,car029,HR_car029,Mountain caribou in British Columbia,0.164810309
2282778824,TRUE,2005-03-12 17:49:00.000,-121.6719685,54.39795246,,Hart Ranges,Winter,radio-transmitter,Rangifer tarandus,car029,HR_car029,Mountain caribou in British Columbia,0.052687391
2282778825,TRUE,2005-03-14 18:23:00.000,-121.6618221,54.40205586,,Hart Ranges,Winter,radio-transmitter,Rangifer tarandus,car029,HR_car029,Mountain caribou in British Columbia,0.084083533
2282778826,TRUE,2005-03-23 18:10:00.000,-121.5975551,54.37296878,,Hart Ranges,Winter,radio-transmitter,Rangifer tarandus,car029,HR_car029,Mountain caribou in British Columbia,0.090847273
2282778827,TRUE,2005-04-14 17:27:00.000,-121.6154936,54.35868687,,Hart Ranges,Summer,radio-transmitter,Rangifer tarandus,car029,HR_car029,Mountain caribou in British Columbia,0.022707687
2282778828,TRUE,2003-12-20 16:57:00.000,-122.1479591,54.85759058,,Hart Ranges,Winter,radio-transmitter,Rangifer tarandus,car030,HR_car030,Mountain caribou in British Columbia,0.004974141
2282778829,TRUE,2003-12-27 23:38:00.000,-122.1570045,54.86308182,,Hart Ranges,Winter,radio-transmitter,Rangifer tarandus,car030,HR_car030,Mountain caribou in British Columbia,0.003435195
2282778830,TRUE,2004-01-02 23:52:00.000,-122.1889924,54.84436415,,Hart Ranges,Winter,radio-transmitter,Rangifer tarandus,car030,HR_car030,Mountain caribou in British Columbia,0.004371737
2282778831,TRUE,2004-01-10 18:57:00.000,-122.2409956,54.85073055,,Hart Ranges,Winter,radio-transmitter,Rangifer tarandus,car030,HR_car030,Mountain caribou in British Columbia,0.011838241
2282778832,TRUE,2004-01-16 18:22:00.000,-122.2697168,54.82053091,,Hart Ranges,Winter,radio-transmitter,Rangifer tarandus,car030,HR_car030,Mountain caribou in British Columbia,0.026845065
2282778833,TRUE,2004-01-19 20:42:00.000,-122.2697854,54.82708279,,Hart Ranges,Winter,radio-transmitter,Rangifer tarandus,car030,HR_car030,Mountain caribou in British Columbia,-0.024615189
2282778834,TRUE,2004-01-26 18:13:00.000,-122.2266181,54.83858837,,Hart Ranges,Winter,radio-transmitter,Rangifer tarandus,car030,HR_car030,Mountain caribou in British Columbia,0.026054525
2282778835,TRUE,2004-02-02 00:02:00.000,-122.2331304,54.85235271,,Hart Ranges,Winter,radio-transmitter,Rangifer tarandus,car030,HR_car030,Mountain caribou in British Columbia,0.013856188
2282778836,TRUE,2004-02-05 19:30:00.000,-122.2349451,54.86099158,,Hart Ranges,Winter,radio-transmitter,Rangifer tarandus,car030,HR_car030,Mountain caribou in British Columbia,0.042953928
2282778837,TRUE,2004-02-12 18:25:00.000,-122.2769933,54.81048214,,Hart Ranges,Winter,radio-transmitter,Rangifer tarandus,car030,HR_car030,Mountain caribou in British Columbia,0.14295153
2282778838,TRUE,2004-02-21 19:21:00.000,-122.0987761,54.85701089,,Hart Ranges,Winter,radio-transmitter,Rangifer tarandus,car030,HR_car030,Mountain caribou in British Columbia,0.090566208
2282778839,TRUE,2004-02-26 18:56:00.000,-122.0573598,54.82336344,,Hart Ranges,Winter,radio-transmitter,Rangifer tarandus,car030,HR_car030,Mountain caribou in British Columbia,0.190095924
2282778840,TRUE,2004-03-06 18:15:00.000,-122.0724163,54.82382094,,Hart Ranges,Winter,radio-transmitter,Rangifer tarandus,car030,HR_car030,Mountain caribou in British Columbia,0.137353322
2282778841,TRUE,2004-03-13 23:25:00.000,-122.1160828,54.82354461,,Hart Ranges,Winter,radio-transmitter,Rangifer tarandus,car030,HR_car030,Mountain caribou in British Columbia,0.058428837
2282778842,TRUE,2004-03-22 20:06:00.000,-122.0944328,54.81375989,,Hart Ranges,Winter,radio-transmitter,Rangifer tarandus,car030,HR_car030,Mountain caribou in British Columbia,0.030128203
2282778843,TRUE,2004-03-26 20:16:00.000,-122.1364522,54.81430875,,Hart Ranges,Winter,radio-transmitter,Rangifer tarandus,car030,HR_car030,Mountain caribou in British Columbia,0.063590038
2282778844,TRUE,2004-03-29 18:53:00.000,-122.125601,54.81308971,,Hart Ranges,Winter,radio-transmitter,Rangifer tarandus,car030,HR_car030,Mountain caribou in British Columbia,0.058145261
2282778845,TRUE,2004-04-16 00:18:00.000,-122.0648987,54.8345837,,Hart Ranges,Summer,radio-transmitter,Rangifer tarandus,car030,HR_car030,Mountain caribou in British Columbia,0.090988944
2282778846,TRUE,2004-04-28 22:50:00.000,-122.1321226,54.79704969,,Hart Ranges,Summer,radio-transmitter,Rangifer tarandus,car030,HR_car030,Mountain caribou in British Columbia,-0.029261053
2282778847,TRUE,2004-05-11 22:23:00.000,-122.1563312,54.88264172,,Hart Ranges,Summer,radio-transmitter,Rangifer tarandus,car030,HR_car030,Mountain caribou in British Columbia,0.178466689
2282778848,TRUE,2004-06-04 02:00:00.000,-122.0790079,54.88639388,,Hart Ranges,Summer,radio-transmitter,Rangifer tarandus,car030,HR_car030,Mountain caribou in British Columbia,0.403208326
2282778849,TRUE,2004-06-17 23:32:00.000,-122.0786023,54.8693245,,Hart Ranges,Summer,radio-transmitter,Rangifer tarandus,car030,HR_car030,Mountain caribou in British Columbia,0.487065651
2282778850,TRUE,2004-06-30 16:20:00.000,-122.0540611,54.88588765,,Hart Ranges,Summer,radio-transmitter,Rangifer tarandus,car030,HR_car030,Mountain caribou in British Columbia,0.287027499
2282778851,TRUE,2004-07-14 17:24:00.000,-122.1016221,54.87825026,,Hart Ranges,Summer,radio-transmitter,Rangifer tarandus,car030,HR_car030,Mountain caribou in British Columbia,0.655688149
2282778852,TRUE,2004-07-28 17:07:00.000,-122.0526017,54.88563363,,Hart Ranges,Summer,radio-transmitter,Rangifer tarandus,car030,HR_car030,Mountain caribou in British Columbia,0.733591818
2282778853,TRUE,2004-08-11 19:00:00.000,-122.1186027,54.89505443,,Hart Ranges,Summer,radio-transmitter,Rangifer tarandus,car030,HR_car030,Mountain caribou in British Columbia,0.791976804
2282778854,TRUE,2004-08-25 17:10:00.000,-122.0751582,54.86797723,,Hart Ranges,Summer,radio-transmitter,Rangifer tarandus,car030,HR_car030,Mountain caribou in British Columbia,0.54405911
2282778855,TRUE,2004-09-12 23:35:00.000,-122.0876896,54.86921335,,Hart Ranges,Summer,radio-transmitter,Rangifer tarandus,car030,HR_car030,Mountain caribou in British Columbia,0.446624859
2282778856,TRUE,2004-09-27 21:39:00.000,-122.0501941,54.83753415,,Hart Ranges,Summer,radio-transmitter,Rangifer tarandus,car030,HR_car030,Mountain caribou in British Columbia,0.698362075
2282778857,TRUE,2004-10-15 00:30:00.000,-122.2129102,54.85248396,,Hart Ranges,Summer,radio-transmitter,Rangifer tarandus,car030,HR_car030,Mountain caribou in British Columbia,0.606156341
2282778858,TRUE,2004-11-06 22:44:00.000,-122.3492143,54.74316521,,Hart Ranges,Winter,radio-transmitter,Rangifer tarandus,car030,HR_car030,Mountain caribou in British Columbia,0.309506069
2282778859,TRUE,2004-11-27 20:00:00.000,-122.1354581,54.7828829,,Hart Ranges,Winter,radio-transmitter,Rangifer tarandus,car030,HR_car030,Mountain caribou in British Columbia,0.031267353
2282778860,TRUE,2004-12-06 20:43:00.000,-122.2150823,54.82724471,,Hart Ranges,Winter,radio-transmitter,Rangifer tarandus,car030,HR_car030,Mountain caribou in British Columbia,0.020080872
2282778861,TRUE,2004-12-09 18:31:00.000,-122.2255035,54.85288845,,Hart Ranges,Winter,radio-transmitter,Rangifer tarandus,car030,HR_car030,Mountain caribou in British Columbia,-0.007756988
2282778862,TRUE,2004-12-12 19:00:00.000,-122.2121321,54.80287986,,Hart Ranges,Winter,radio-transmitter,Rangifer tarandus,car030,HR_car030,Mountain caribou in British Columbia,-0.033078466
2282778863,TRUE,2005-01-25 18:15:00.000,-122.1923632,54.82685304,,Hart Ranges,Winter,radio-transmitter,Rangifer tarandus,car030,HR_car030,Mountain caribou in British Columbia,-0.024697563
2282778864,TRUE,2005-02-06 19:25:00.000,-122.1886056,54.81474048,,Hart Ranges,Winter,radio-transmitter,Rangifer tarandus,car030,HR_car030,Mountain caribou in British Columbia,-0.006977305
2282778865,TRUE,2005-02-07 17:39:00.000,-122.1834407,54.81928922,,Hart Ranges,Winter,radio-transmitter,Rangifer tarandus,car030,HR_car030,Mountain caribou in British Columbia,0.003369419
2282778866,TRUE,2005-02-14 18:35:00.000,-122.1791761,54.82006929,,Hart Ranges,Winter,radio-transmitter,Rangifer tarandus,car030,HR_car030,Mountain caribou in British Columbia,0.008906524
2282778867,TRUE,2005-02-21 18:30:00.000,-122.1796192,54.81893992,,Hart Ranges,Winter,radio-transmitter,Rangifer tarandus,car030,HR_car030,Mountain caribou in British Columbia,0.010029398
2282778868,TRUE,2005-02-28 19:33:00.000,-122.1826979,54.81754074,,Hart Ranges,Winter,radio-transmitter,Rangifer tarandus,car030,HR_car030,Mountain caribou in British Columbia,0.008616918
2282778869,TRUE,2005-03-12 18:25:00.000,-122.1794508,54.81496653,,Hart Ranges,Winter,radio-transmitter,Rangifer tarandus,car030,HR_car030,Mountain caribou in British Columbia,0.009030276
2282778870,TRUE,2005-03-14 17:53:00.000,-122.2012593,54.8256717,,Hart Ranges,Winter,radio-transmitter,Rangifer tarandus,car030,HR_car030,Mountain caribou in British Columbia,0.030628159
2282778871,TRUE,2005-03-23 17:32:00.000,-122.2322484,54.84712573,,Hart Ranges,Winter,radio-transmitter,Rangifer tarandus,car030,HR_car030,Mountain caribou in British Columbia,0.154580778
2282778872,TRUE,2005-04-14 22:20:00.000,-122.2097864,54.81625523,,Hart Ranges,Summer,radio-transmitter,Rangifer tarandus,car030,HR_car030,Mountain caribou in British Columbia,0.077994873
2282778873,TRUE,2003-12-20 17:29:00.000,-122.1092022,54.7018624,,Hart Ranges,Winter,radio-transmitter,Rangifer tarandus,car033,HR_car033,Mountain caribou in British Columbia,0.032759274
2282778874,TRUE,2003-12-27 23:08:00.000,-122.0987558,54.69147681,,Hart Ranges,Winter,radio-transmitter,Rangifer tarandus,car033,HR_car033,Mountain caribou in British Columbia,0.05207766
2282778875,TRUE,2004-01-02 22:08:00.000,-122.0537498,54.72206794,,Hart Ranges,Winter,radio-transmitter,Rangifer tarandus,car033,HR_car033,Mountain caribou in British Columbia,0.18683254
2282778876,TRUE,2004-01-10 19:32:00.000,-122.1046089,54.7110135,,Hart Ranges,Winter,radio-transmitter,Rangifer tarandus,car033,HR_car033,Mountain caribou in British Columbia,0.27326462
2282778877,TRUE,2004-01-16 18:00:00.000,-122.0389871,54.72195182,,Hart Ranges,Winter,radio-transmitter,Rangifer tarandus,car033,HR_car033,Mountain caribou in British Columbia,0.245211149
2282778878,TRUE,2004-01-26 17:45:00.000,-122.036229,54.74854114,,Hart Ranges,Winter,radio-transmitter,Rangifer tarandus,car033,HR_car033,Mountain caribou in British Columbia,0.030688925
2282778879,TRUE,2004-02-01 23:41:00.000,-122.0466906,54.74565804,,Hart Ranges,Winter,radio-transmitter,Rangifer tarandus,car033,HR_car033,Mountain caribou in British Columbia,0.048251246
2282778880,TRUE,2004-02-12 18:01:00.000,-122.0438789,54.74828713,,Hart Ranges,Winter,radio-transmitter,Rangifer tarandus,car033,HR_car033,Mountain caribou in British Columbia,0.05636501
2282778881,TRUE,2004-02-21 18:29:00.000,-122.0227322,54.73997614,,Hart Ranges,Winter,radio-transmitter,Rangifer tarandus,car033,HR_car033,Mountain caribou in British Columbia,0.159195009
2282778882,TRUE,2004-02-26 18:30:00.000,-122.038315,54.74705683,,Hart Ranges,Winter,radio-transmitter,Rangifer tarandus,car033,HR_car033,Mountain caribou in British Columbia,0.17655675
2282778883,TRUE,2004-03-06 17:40:00.000,-121.9748143,54.70975162,,Hart Ranges,Winter,radio-transmitter,Rangifer tarandus,car033,HR_car033,Mountain caribou in British Columbia,0.081364771
2282778884,TRUE,2004-03-13 23:12:00.000,-122.0398067,54.72406133,,Hart Ranges,Winter,radio-transmitter,Rangifer tarandus,car033,HR_car033,Mountain caribou in British Columbia,0.044717237
2282778885,TRUE,2004-03-22 19:54:00.000,-122.0823713,54.69289967,,Hart Ranges,Winter,radio-transmitter,Rangifer tarandus,car033,HR_car033,Mountain caribou in British Columbia,0.128279614
2282778886,TRUE,2004-03-26 19:15:00.000,-122.0245486,54.72643799,,Hart Ranges,Winter,radio-transmitter,Rangifer tarandus,car033,HR_car033,Mountain caribou in British Columbia,0.043007291
2282778887,TRUE,2004-03-29 18:44:00.000,-122.0376487,54.72994884,,Hart Ranges,Winter,radio-transmitter,Rangifer tarandus,car033,HR_car033,Mountain caribou in British Columbia,0.110362069
2282778888,TRUE,2004-04-16 00:35:00.000,-122.1713821,54.66771168,,Hart Ranges,Summer,radio-transmitter,Rangifer tarandus,car033,HR_car033,Mountain caribou in British Columbia,0.518520009
2282778889,TRUE,2004-04-23 19:44:00.000,-122.176885,54.66702123,,Hart Ranges,Summer,radio-transmitter,Rangifer tarandus,car033,HR_car033,Mountain caribou in British Columbia,0.537693368
2282778890,TRUE,2004-04-28 23:26:00.000,-121.9385837,54.70392154,,Hart Ranges,Summer,radio-transmitter,Rangifer tarandus,car033,HR_car033,Mountain caribou in British Columbia,0.382997454
2282778891,TRUE,2004-05-11 16:16:00.000,-121.9829751,54.69438911,,Hart Ranges,Summer,radio-transmitter,Rangifer tarandus,car033,HR_car033,Mountain caribou in British Columbia,0.581130358
2282778892,TRUE,2004-06-03 16:15:00.000,-121.9836104,54.74282705,,Hart Ranges,Summer,radio-transmitter,Rangifer tarandus,car033,HR_car033,Mountain caribou in British Columbia,0.664416891
2282778893,TRUE,2004-06-18 00:03:00.000,-121.9387973,54.74388115,,Hart Ranges,Summer,radio-transmitter,Rangifer tarandus,car033,HR_car033,Mountain caribou in British Columbia,0.671298228
2282778894,TRUE,2004-06-30 15:47:00.000,-122.0703503,54.70633389,,Hart Ranges,Summer,radio-transmitter,Rangifer tarandus,car033,HR_car033,Mountain caribou in British Columbia,0.735156461
2282778895,TRUE,2004-07-14 16:50:00.000,-122.1013714,54.71212193,,Hart Ranges,Summer,radio-transmitter,Rangifer tarandus,car033,HR_car033,Mountain caribou in British Columbia,0.751395912
2282778896,TRUE,2004-07-28 16:40:00.000,-122.1165517,54.71143365,,Hart Ranges,Summer,radio-transmitter,Rangifer tarandus,car033,HR_car033,Mountain caribou in British Columbia,0.794913424
2282778897,TRUE,2004-08-12 01:25:00.000,-122.0410876,54.73952053,,Hart Ranges,Summer,radio-transmitter,Rangifer tarandus,car033,HR_car033,Mountain caribou in British Columbia,0.762386977
2282778898,TRUE,2004-08-25 16:30:00.000,-122.0192617,54.71774059,,Hart Ranges,Summer,radio-transmitter,Rangifer tarandus,car033,HR_car033,Mountain caribou in British Columbia,0.523732298
2282778899,TRUE,2004-09-13 00:36:00.000,-122.1307687,54.70278289,,Hart Ranges,Summer,radio-transmitter,Rangifer tarandus,car033,HR_car033,Mountain caribou in British Columbia,0.61983099
2282778900,TRUE,2004-09-27 22:13:00.000,-122.023903,54.74038101,,Hart Ranges,Summer,radio-transmitter,Rangifer tarandus,car033,HR_car033,Mountain caribou in British Columbia,0.704725269
2282778901,TRUE,2004-10-15 00:45:00.000,-122.1528539,54.71162088,,Hart Ranges,Summer,radio-transmitter,Rangifer tarandus,car033,HR_car033,Mountain caribou in British Columbia,0.65894271
2282778902,TRUE,2004-11-06 20:00:00.000,-121.9927793,54.74768478,,Hart Ranges,Winter,radio-transmitter,Rangifer tarandus,car033,HR_car033,Mountain caribou in British Columbia,0.407103751
2282778903,TRUE,2004-11-27 20:00:00.000,-122.1426367,54.73460113,,Hart Ranges,Winter,radio-transmitter,Rangifer tarandus,car033,HR_car033,Mountain caribou in British Columbia,0.270357814
2282778904,TRUE,2004-12-06 20:57:00.000,-122.1147343,54.73714172,,Hart Ranges,Winter,radio-transmitter,Rangifer tarandus,car033,HR_car033,Mountain caribou in British Columbia,0.176052715
2282778905,TRUE,2004-12-09 19:35:00.000,-122.1385425,54.72626798,,Hart Ranges,Winter,radio-transmitter,Rangifer tarandus,car033,HR_car033,Mountain caribou in British Columbia,0.087883124
2282778906,TRUE,2004-12-12 19:10:00.000,-122.1299576,54.73197644,,Hart Ranges,Winter,radio-transmitter,Rangifer tarandus,car033,HR_car033,Mountain caribou in British Columbia,0.129673232
2282778907,TRUE,2005-01-05 21:30:00.000,-122.103693,54.70046471,,Hart Ranges,Winter,radio-transmitter,Rangifer tarandus,car033,HR_car033,Mountain caribou in British Columbia,0.105089022
2282778908,TRUE,2005-01-25 18:28:00.000,-122.15661,54.69592848,,Hart Ranges,Winter,radio-transmitter,Rangifer tarandus,car033,HR_car033,Mountain caribou in British Columbia,0.066003043
2282778909,TRUE,2005-02-06 20:10:00.000,-122.0703999,54.68991454,,Hart Ranges,Winter,radio-transmitter,Rangifer tarandus,car033,HR_car033,Mountain caribou in British Columbia,0.047758343
2282778910,TRUE,2005-02-07 17:53:00.000,-122.0884919,54.69394344,,Hart Ranges,Winter,radio-transmitter,Rangifer tarandus,car033,HR_car033,Mountain caribou in British Columbia,0.068068164
2282778911,TRUE,2005-02-14 18:25:00.000,-122.0737791,54.70025779,,Hart Ranges,Winter,radio-transmitter,Rangifer tarandus,car033,HR_car033,Mountain caribou in British Columbia,0.244088688
2282778912,TRUE,2005-02-15 18:51:00.000,-122.0703223,54.70009651,,Hart Ranges,Winter,radio-transmitter,Rangifer tarandus,car033,HR_car033,Mountain caribou in British Columbia,0.221807036
2282778913,TRUE,2005-02-21 18:18:00.000,-121.9977392,54.73368776,,Hart Ranges,Winter,radio-transmitter,Rangifer tarandus,car033,HR_car033,Mountain caribou in British Columbia,0.198272934
2282778914,TRUE,2005-02-28 19:24:00.000,-122.0852764,54.69342492,,Hart Ranges,Winter,radio-transmitter,Rangifer tarandus,car033,HR_car033,Mountain caribou in British Columbia,0.348989252
2282778915,TRUE,2005-03-01 17:02:00.000,-122.0828827,54.69086343,,Hart Ranges,Winter,radio-transmitter,Rangifer tarandus,car033,HR_car033,Mountain caribou in British Columbia,0.285751108
2282778916,TRUE,2005-03-12 18:16:00.000,-122.1661924,54.68489559,,Hart Ranges,Winter,radio-transmitter,Rangifer tarandus,car033,HR_car033,Mountain caribou in British Columbia,0.142648334
2282778917,TRUE,2005-03-14 18:00:00.000,-122.1196152,54.69612375,,Hart Ranges,Winter,radio-transmitter,Rangifer tarandus,car033,HR_car033,Mountain caribou in British Columbia,0.163953116
2282778918,TRUE,2005-03-23 17:44:00.000,-122.159741,54.69908675,,Hart Ranges,Winter,radio-transmitter,Rangifer tarandus,car033,HR_car033,Mountain caribou in British Columbia,0.12743797
2282778919,TRUE,2005-04-14 22:34:00.000,-122.1529952,54.67504394,,Hart Ranges,Summer,radio-transmitter,Rangifer tarandus,car033,HR_car033,Mountain caribou in British Columbia,0.289828073
2282778920,TRUE,2005-05-03 00:57:00.000,-122.1696349,54.66367344,,Hart Ranges,Summer,radio-transmitter,Rangifer tarandus,car033,HR_car033,Mountain caribou in British Columbia,0.642437047
2282778921,TRUE,2005-05-18 18:24:00.000,-122.0539625,54.72226732,,Hart Ranges,Summer,radio-transmitter,Rangifer tarandus,car033,HR_car033,Mountain caribou in British Columbia,0.325162029
2282778922,TRUE,2005-06-08 19:07:00.000,-121.9108944,54.75323224,,Hart Ranges,Summer,radio-transmitter,Rangifer tarandus,car033,HR_car033,Mountain caribou in British Columbia,0.517221424
2282778923,TRUE,2005-06-28 19:00:00.000,-121.819023,54.74068877,,Hart Ranges,Summer,radio-transmitter,Rangifer tarandus,car033,HR_car033,Mountain caribou in British Columbia,0.607098718
2282778924,TRUE,2005-07-21 19:00:00.000,-122.0384374,54.70056674,,Hart Ranges,Summer,radio-transmitter,Rangifer tarandus,car033,HR_car033,Mountain caribou in British Columbia,0.587933812
2282778925,TRUE,2005-08-10 18:55:00.000,-122.0186801,54.71225364,,Hart Ranges,Summer,radio-transmitter,Rangifer tarandus,car033,HR_car033,Mountain caribou in British Columbia,0.740202726
2282778926,TRUE,2005-08-24 19:43:00.000,-122.0471002,54.70570398,,Hart Ranges,Summer,radio-transmitter,Rangifer tarandus,car033,HR_car033,Mountain caribou in British Columbia,0.745649951
2282778927,TRUE,2005-09-06 20:40:00.000,-121.9922166,54.73092783,,Hart Ranges,Summer,radio-transmitter,Rangifer tarandus,car033,HR_car033,Mountain caribou in British Columbia,0.719340083
2282778928,TRUE,2005-10-18 19:09:00.000,-122.1327243,54.7034979,,Hart Ranges,Summer,radio-transmitter,Rangifer tarandus,car033,HR_car033,Mountain caribou in British Columbia,0.122131219
2282778929,TRUE,2005-11-23 18:48:00.000,-122.055863,54.72066443,,Hart Ranges,Winter,radio-transmitter,Rangifer tarandus,car033,HR_car033,Mountain caribou in British Columbia,0.446265244
2282778930,TRUE,2005-12-03 19:36:00.000,-122.0467411,54.69653413,,Hart Ranges,Winter,radio-transmitter,Rangifer tarandus,car033,HR_car033,Mountain caribou in British Columbia,0.139845501
2282778931,TRUE,2006-01-03 19:56:00.000,-122.1540279,54.70891495,,Hart Ranges,Winter,radio-transmitter,Rangifer tarandus,car033,HR_car033,Mountain caribou in British Columbia,0.14635171
2282778932,TRUE,2006-01-29 23:22:00.000,-122.1161133,54.73729558,,Hart Ranges,Winter,radio-transmitter,Rangifer tarandus,car033,HR_car033,Mountain caribou in British Columbia,0.330919375
2282778933,TRUE,2006-02-16 20:00:00.000,-122.1961509,54.69405823,,Hart Ranges,Winter,radio-transmitter,Rangifer tarandus,car033,HR_car033,Mountain caribou in British Columbia,0.135389565
2282778934,TRUE,2006-03-19 20:00:00.000,-122.0852065,54.68411358,,Hart Ranges,Winter,radio-transmitter,Rangifer tarandus,car033,HR_car033,Mountain caribou in British Columbia,0.071424075
2282778935,TRUE,2006-04-04 19:00:00.000,-122.1640604,54.68372155,,Hart Ranges,Summer,radio-transmitter,Rangifer tarandus,car033,HR_car033,Mountain caribou in British Columbia,0.103324843
2282778936,TRUE,2006-04-24 19:00:00.000,-122.1495419,54.66664365,,Hart Ranges,Summer,radio-transmitter,Rangifer tarandus,car033,HR_car033,Mountain caribou in British Columbia,0.385945374
2282778937,TRUE,2006-05-13 19:00:00.000,-122.1818077,54.71445299,,Hart Ranges,Summer,radio-transmitter,Rangifer tarandus,car033,HR_car033,Mountain caribou in British Columbia,0.603394568
2282778938,TRUE,2006-05-30 19:00:00.000,-121.9490871,54.74425835,,Hart Ranges,Summer,radio-transmitter,Rangifer tarandus,car033,HR_car033,Mountain caribou in British Columbia,0.554119249
2282778939,TRUE,2006-06-24 19:00:00.000,-121.8221815,54.7490778,,Hart Ranges,Summer,radio-transmitter,Rangifer tarandus,car033,HR_car033,Mountain caribou in British Columbia,0.61840069
2282778940,TRUE,2006-07-16 19:00:00.000,-122.0737513,54.6830829,,Hart Ranges,Summer,radio-transmitter,Rangifer tarandus,car033,HR_car033,Mountain caribou in British Columbia,0.801072285
2282778941,TRUE,2006-08-16 19:00:00.000,-122.0957652,54.72758318,,Hart Ranges,Summer,radio-transmitter,Rangifer tarandus,car033,HR_car033,Mountain caribou in British Columbia,0.64445441
2282778942,TRUE,2006-09-03 00:57:00.000,-121.9781354,54.71224219,,Hart Ranges,Summer,radio-transmitter,Rangifer tarandus,car033,HR_car033,Mountain caribou in British Columbia,0.717356004
2282778943,TRUE,2006-10-04 23:52:00.000,-121.9662535,54.7454664,,Hart Ranges,Summer,radio-transmitter,Rangifer tarandus,car033,HR_car033,Mountain caribou in British Columbia,0.669475774
2282778944,TRUE,2006-12-16 19:28:00.000,-122.1463852,54.69813066,,Hart Ranges,Winter,radio-transmitter,Rangifer tarandus,car033,HR_car033,Mountain caribou in British Columbia,0.026395512
2282778945,TRUE,2007-01-12 19:28:00.000,-122.1545985,54.71207343,,Hart Ranges,Winter,radio-transmitter,Rangifer tarandus,car033,HR_car033,Mountain caribou in British Columbia,0.121477313
2282778946,TRUE,2007-01-27 23:40:00.000,-122.1509583,54.70428306,,Hart Ranges,Winter,radio-transmitter,Rangifer tarandus,car033,HR_car033,Mountain caribou in British Columbia,0.562948236
2282778947,TRUE,2007-02-12 20:47:00.000,-122.174014,54.70457717,,Hart Ranges,Winter,radio-transmitter,Rangifer tarandus,car033,HR_car033,Mountain caribou in British Columbia,0.099338881
2282778948,TRUE,2004-02-12 17:32:00.000,-121.560847,54.76873628,,Hart Ranges,Winter,radio-transmitter,Rangifer tarandus,car034,HR_car034,Mountain caribou in British Columbia,0.091562947
2282778949,TRUE,2004-03-06 16:18:00.000,-121.7014007,54.81542174,,Hart Ranges,Winter,radio-transmitter,Rangifer tarandus,car034,HR_car034,Mountain caribou in British Columbia,0.04358582
2282778950,TRUE,2004-03-13 22:36:00.000,-121.7693677,54.80552478,,Hart Ranges,Winter,radio-transmitter,Rangifer tarandus,car034,HR_car034,Mountain caribou in British Columbia,0.016461132
2282778951,TRUE,2004-03-22 19:10:00.000,-121.7812875,54.80649887,,Hart Ranges,Winter,radio-transmitter,Rangifer tarandus,car034,HR_car034,Mountain caribou in British Columbia,0.035705555
2282778952,TRUE,2004-03-26 19:15:00.000,-121.7600407,54.79509431,,Hart Ranges,Winter,radio-transmitter,Rangifer tarandus,car034,HR_car034,Mountain caribou in British Columbia,0.120404374
2282778953,TRUE,2004-03-29 18:12:00.000,-121.7726768,54.78001605,,Hart Ranges,Winter,radio-transmitter,Rangifer tarandus,car034,HR_car034,Mountain caribou in British Columbia,0.03771618
2282778954,TRUE,2004-04-16 00:55:00.000,-121.9748482,54.77483782,,Hart Ranges,Summer,radio-transmitter,Rangifer tarandus,car034,HR_car034,Mountain caribou in British Columbia,0.024417075
2282778955,TRUE,2004-04-28 22:40:00.000,-121.9944252,54.71573967,,Hart Ranges,Summer,radio-transmitter,Rangifer tarandus,car034,HR_car034,Mountain caribou in British Columbia,-0.005926491
2282778956,TRUE,2004-05-11 16:32:00.000,-121.7225963,54.73403116,,Hart Ranges,Summer,radio-transmitter,Rangifer tarandus,car034,HR_car034,Mountain caribou in British Columbia,0.161445021
2282778957,TRUE,2004-06-03 15:55:00.000,-121.7857121,54.68636276,,Hart Ranges,Summer,radio-transmitter,Rangifer tarandus,car034,HR_car034,Mountain caribou in British Columbia,0.461335214
2282778958,TRUE,2004-06-17 16:07:00.000,-121.7433881,54.67946916,,Hart Ranges,Summer,radio-transmitter,Rangifer tarandus,car034,HR_car034,Mountain caribou in British Columbia,0.723324278
2282778959,TRUE,2004-06-30 15:15:00.000,-121.7379946,54.67683365,,Hart Ranges,Summer,radio-transmitter,Rangifer tarandus,car034,HR_car034,Mountain caribou in British Columbia,0.777057611
2282778960,TRUE,2004-07-14 17:50:00.000,-121.7467289,54.6732304,,Hart Ranges,Summer,radio-transmitter,Rangifer tarandus,car034,HR_car034,Mountain caribou in British Columbia,0.756288877
2282778961,TRUE,2004-07-28 16:25:00.000,-121.7680128,54.67147143,,Hart Ranges,Summer,radio-transmitter,Rangifer tarandus,car034,HR_car034,Mountain caribou in British Columbia,0.747321821
2282778962,TRUE,2004-08-11 18:25:00.000,-121.7631316,54.68002282,,Hart Ranges,Summer,radio-transmitter,Rangifer tarandus,car034,HR_car034,Mountain caribou in British Columbia,0.780081275
2282778963,TRUE,2004-08-25 16:10:00.000,-121.7611816,54.67274991,,Hart Ranges,Summer,radio-transmitter,Rangifer tarandus,car034,HR_car034,Mountain caribou in British Columbia,0.681064789
2282778964,TRUE,2004-09-13 00:51:00.000,-121.734843,54.68192373,,Hart Ranges,Summer,radio-transmitter,Rangifer tarandus,car034,HR_car034,Mountain caribou in British Columbia,0.375777893
2282778965,TRUE,2004-09-27 22:29:00.000,-121.6948801,54.7671338,,Hart Ranges,Summer,radio-transmitter,Rangifer tarandus,car034,HR_car034,Mountain caribou in British Columbia,0.682399483
2282778966,TRUE,2004-10-14 19:00:00.000,-121.727899,54.71300207,,Hart Ranges,Summer,radio-transmitter,Rangifer tarandus,car034,HR_car034,Mountain caribou in British Columbia,0.502974943
2282778967,TRUE,2004-11-06 23:47:00.000,-121.9118204,54.64273138,,Hart Ranges,Winter,radio-transmitter,Rangifer tarandus,car034,HR_car034,Mountain caribou in British Columbia,0.249840585
2282778968,TRUE,2002-05-02 19:00:00.000,-122.318132,55.18483412,,Kennedy,Summer,radio-transmitter,Rangifer tarandus,car003,KE_car003,Mountain caribou in British Columbia,0.001760746
2282778969,TRUE,2002-05-15 19:00:00.000,-122.3206159,55.17453163,,Kennedy,Summer,radio-transmitter,Rangifer tarandus,car003,KE_car003,Mountain caribou in British Columbia,-0.043323298
2282778970,TRUE,2002-05-27 19:00:00.000,-122.54904,55.08517886,,Kennedy,Summer,radio-transmitter,Rangifer tarandus,car003,KE_car003,Mountain caribou in British Columbia,0.042169461
2282778971,TRUE,2002-06-10 19:00:00.000,-122.4593011,55.11562797,,Kennedy,Summer,radio-transmitter,Rangifer tarandus,car003,KE_car003,Mountain caribou in British Columbia,0.314930714
2282778972,TRUE,2002-06-24 19:00:00.000,-122.4453079,55.16374095,,Kennedy,Summer,radio-transmitter,Rangifer tarandus,car003,KE_car003,Mountain caribou in British Columbia,0.0294284
2282778973,TRUE,2002-07-02 19:00:00.000,-122.521598,55.06770343,,Kennedy,Summer,radio-transmitter,Rangifer tarandus,car003,KE_car003,Mountain caribou in British Columbia,0.807002972
2282778974,TRUE,2002-07-08 19:00:00.000,-122.5586907,55.08372247,,Kennedy,Summer,radio-transmitter,Rangifer tarandus,car003,KE_car003,Mountain caribou in British Columbia,0.658108217
2282778975,TRUE,2002-07-22 19:00:00.000,-122.4881386,55.16790022,,Kennedy,Summer,radio-transmitter,Rangifer tarandus,car003,KE_car003,Mountain caribou in British Columbia,0.625029836
2282778976,TRUE,2002-08-23 19:00:00.000,-122.540538,55.23632332,,Kennedy,Summer,radio-transmitter,Rangifer tarandus,car003,KE_car003,Mountain caribou in British Columbia,0.802984965
2282778977,TRUE,2002-09-14 19:00:00.000,-122.5279804,55.19323146,,Kennedy,Summer,radio-transmitter,Rangifer tarandus,car003,KE_car003,Mountain caribou in British Columbia,0.633939546
2282778978,TRUE,2002-09-30 19:00:00.000,-122.6427063,55.12920808,,Kennedy,Summer,radio-transmitter,Rangifer tarandus,car003,KE_car003,Mountain caribou in British Columbia,0.524577231
2282778979,TRUE,2002-10-21 19:00:00.000,-122.8133637,55.10379831,,Kennedy,Summer,radio-transmitter,Rangifer tarandus,car003,KE_car003,Mountain caribou in British Columbia,0.144294584
2282778980,TRUE,2002-11-05 20:00:00.000,-122.8311728,55.04326544,,Kennedy,Winter,radio-transmitter,Rangifer tarandus,car003,KE_car003,Mountain caribou in British Columbia,0.636369393
2282778981,TRUE,2002-11-21 20:00:00.000,-122.835052,55.04372907,,Kennedy,Winter,radio-transmitter,Rangifer tarandus,car003,KE_car003,Mountain caribou in British Columbia,0.464660343
2282778982,TRUE,2002-12-09 20:00:00.000,-122.8204133,55.08707643,,Kennedy,Winter,radio-transmitter,Rangifer tarandus,car003,KE_car003,Mountain caribou in British Columbia,0.268338471
2282778983,TRUE,2003-01-08 20:00:00.000,-122.8206645,55.1044473,,Kennedy,Winter,radio-transmitter,Rangifer tarandus,car003,KE_car003,Mountain caribou in British Columbia,0.287962203
2282778984,TRUE,2003-01-21 20:00:00.000,-122.8091137,55.11421581,,Kennedy,Winter,radio-transmitter,Rangifer tarandus,car003,KE_car003,Mountain caribou in British Columbia,0.051758261
2282778985,TRUE,2003-01-27 20:00:00.000,-122.8048809,55.12705946,,Kennedy,Winter,radio-transmitter,Rangifer tarandus,car003,KE_car003,Mountain caribou in British Columbia,0.327731608
2282778986,TRUE,2003-02-03 20:00:00.000,-122.8082616,55.12844871,,Kennedy,Winter,radio-transmitter,Rangifer tarandus,car003,KE_car003,Mountain caribou in British Columbia,0.224836766
2282778987,TRUE,2003-03-02 20:00:00.000,-122.3818338,55.2314171,,Kennedy,Winter,radio-transmitter,Rangifer tarandus,car003,KE_car003,Mountain caribou in British Columbia,0.065266392
2282778988,TRUE,2003-03-07 20:00:00.000,-122.3795696,55.25263112,,Kennedy,Winter,radio-transmitter,Rangifer tarandus,car003,KE_car003,Mountain caribou in British Columbia,0.019469585
2282778989,TRUE,2003-03-27 20:00:00.000,-122.3210509,55.22282667,,Kennedy,Winter,radio-transmitter,Rangifer tarandus,car003,KE_car003,Mountain caribou in British Columbia,NaN
2282778990,TRUE,2003-04-17 19:00:00.000,-122.3579093,55.25636522,,Kennedy,Summer,radio-transmitter,Rangifer tarandus,car003,KE_car003,Mountain caribou in British Columbia,-0.031118119
2282778991,TRUE,2003-05-08 19:00:00.000,-122.3814167,55.27449497,,Kennedy,Summer,radio-transmitter,Rangifer tarandus,car003,KE_car003,Mountain caribou in British Columbia,-0.040461375
2282778992,TRUE,2003-05-21 19:00:00.000,-122.3402363,55.29365367,,Kennedy,Summer,radio-transmitter,Rangifer tarandus,car003,KE_car003,Mountain caribou in British Columbia,0.32991595
2282778993,TRUE,2003-06-04 21:13:00.000,-122.4703607,55.35416148,,Kennedy,Summer,radio-transmitter,Rangifer tarandus,car003,KE_car003,Mountain caribou in British Columbia,0.396866635
2282778994,TRUE,2003-06-19 17:55:00.000,-122.4887804,55.37146608,,Kennedy,Summer,radio-transmitter,Rangifer tarandus,car003,KE_car003,Mountain caribou in British Columbia,0.378411786
2282778995,TRUE,2003-07-06 18:14:00.000,-122.5410438,55.38072231,,Kennedy,Summer,radio-transmitter,Rangifer tarandus,car003,KE_car003,Mountain caribou in British Columbia,0.70880706
2282778996,TRUE,2003-07-16 23:22:00.000,-122.512931,55.39387684,,Kennedy,Summer,radio-transmitter,Rangifer tarandus,car003,KE_car003,Mountain caribou in British Columbia,0.777341335
2282778997,TRUE,2003-07-31 19:52:00.000,-122.4211748,55.38823816,,Kennedy,Summer,radio-transmitter,Rangifer tarandus,car003,KE_car003,Mountain caribou in British Columbia,0.559131735
2282778998,TRUE,2003-08-25 19:25:00.000,-122.5844903,55.19863108,,Kennedy,Summer,radio-transmitter,Rangifer tarandus,car003,KE_car003,Mountain caribou in British Columbia,0.767012231
2282778999,TRUE,2003-09-14 20:50:00.000,-122.5853632,55.29903613,,Kennedy,Summer,radio-transmitter,Rangifer tarandus,car003,KE_car003,Mountain caribou in British Columbia,0.745924295
2282779000,TRUE,2003-09-27 19:40:00.000,-122.6240542,55.28646404,,Kennedy,Summer,radio-transmitter,Rangifer tarandus,car003,KE_car003,Mountain caribou in British Columbia,0.633118836
2282779001,TRUE,2003-10-11 19:28:00.000,-122.6023144,55.24349553,,Kennedy,Summer,radio-transmitter,Rangifer tarandus,car003,KE_car003,Mountain caribou in British Columbia,0.536556913
2282779002,TRUE,2003-11-01 20:00:00.000,-122.8332002,55.1127235,,Kennedy,Winter,radio-transmitter,Rangifer tarandus,car003,KE_car003,Mountain caribou in British Columbia,0.647456796
2282779003,TRUE,2003-11-02 19:55:00.000,-122.8159214,55.11338157,,Kennedy,Winter,radio-transmitter,Rangifer tarandus,car003,KE_car003,Mountain caribou in British Columbia,0.50410885
2282779004,TRUE,2003-11-08 21:57:00.000,-122.8584723,55.07685524,,Kennedy,Winter,radio-transmitter,Rangifer tarandus,car003,KE_car003,Mountain caribou in British Columbia,0.651583842
2282779005,TRUE,2003-11-29 18:20:00.000,-122.8650024,55.10048763,,Kennedy,Winter,radio-transmitter,Rangifer tarandus,car003,KE_car003,Mountain caribou in British Columbia,0.271244343
2282779006,TRUE,2003-12-05 20:16:00.000,-122.8519705,55.0985674,,Kennedy,Winter,radio-transmitter,Rangifer tarandus,car003,KE_car003,Mountain caribou in British Columbia,0.232249359
2282779007,TRUE,2003-12-10 21:55:00.000,-122.8560614,55.10273295,,Kennedy,Winter,radio-transmitter,Rangifer tarandus,car003,KE_car003,Mountain caribou in British Columbia,0.133285864
2282779008,TRUE,2003-12-19 16:42:00.000,-122.8679902,55.12118627,,Kennedy,Winter,radio-transmitter,Rangifer tarandus,car003,KE_car003,Mountain caribou in British Columbia,0.350288491
2282779009,TRUE,2003-12-28 17:05:00.000,-122.8530716,55.1230653,,Kennedy,Winter,radio-transmitter,Rangifer tarandus,car003,KE_car003,Mountain caribou in British Columbia,0.437609974
2282779010,TRUE,2004-01-03 00:33:00.000,-122.8684433,55.12168101,,Kennedy,Winter,radio-transmitter,Rangifer tarandus,car003,KE_car003,Mountain caribou in British Columbia,0.448367292
2282779011,TRUE,2004-01-10 22:53:00.000,-122.8656286,55.10069501,,Kennedy,Winter,radio-transmitter,Rangifer tarandus,car003,KE_car003,Mountain caribou in British Columbia,0.214795171
2282779012,TRUE,2004-01-15 18:45:00.000,-122.8569059,55.11199879,,Kennedy,Winter,radio-transmitter,Rangifer tarandus,car003,KE_car003,Mountain caribou in British Columbia,0.446336612
2282779013,TRUE,2004-01-25 17:50:00.000,-122.662386,55.18713557,,Kennedy,Winter,radio-transmitter,Rangifer tarandus,car003,KE_car003,Mountain caribou in British Columbia,0.012397983
2282779014,TRUE,2004-02-01 20:45:00.000,-122.6189738,55.22341971,,Kennedy,Winter,radio-transmitter,Rangifer tarandus,car003,KE_car003,Mountain caribou in British Columbia,-0.03207319
2282779015,TRUE,2004-02-08 22:08:00.000,-122.6460952,55.22475045,,Kennedy,Winter,radio-transmitter,Rangifer tarandus,car003,KE_car003,Mountain caribou in British Columbia,0.044087425
2282779016,TRUE,2004-02-12 19:27:00.000,-122.6159406,55.21680537,,Kennedy,Winter,radio-transmitter,Rangifer tarandus,car003,KE_car003,Mountain caribou in British Columbia,-0.015124852
2282779017,TRUE,2004-02-21 21:30:00.000,-122.5542342,55.22231974,,Kennedy,Winter,radio-transmitter,Rangifer tarandus,car003,KE_car003,Mountain caribou in British Columbia,NaN
2282779018,TRUE,2004-02-26 21:37:00.000,-122.6234514,55.29858438,,Kennedy,Winter,radio-transmitter,Rangifer tarandus,car003,KE_car003,Mountain caribou in British Columbia,0.134253266
2282779019,TRUE,2004-03-06 22:13:00.000,-122.6067361,55.3101866,,Kennedy,Winter,radio-transmitter,Rangifer tarandus,car003,KE_car003,Mountain caribou in British Columbia,0.364028488
2282779020,TRUE,2004-03-13 19:49:00.000,-122.6214253,55.25166178,,Kennedy,Winter,radio-transmitter,Rangifer tarandus,car003,KE_car003,Mountain caribou in British Columbia,-0.008553771
2282779021,TRUE,2004-03-23 21:44:00.000,-122.6294289,55.25374416,,Kennedy,Winter,radio-transmitter,Rangifer tarandus,car003,KE_car003,Mountain caribou in British Columbia,0.051250334
2282779022,TRUE,2004-03-28 20:03:00.000,-122.5707202,55.24022538,,Kennedy,Winter,radio-transmitter,Rangifer tarandus,car003,KE_car003,Mountain caribou in British Columbia,0.100675733
2282779023,TRUE,2004-03-29 23:09:00.000,-122.6151507,55.24653804,,Kennedy,Winter,radio-transmitter,Rangifer tarandus,car003,KE_car003,Mountain caribou in British Columbia,0.034011205
2282779024,TRUE,2004-04-15 22:52:00.000,-122.5840903,55.24152074,,Kennedy,Summer,radio-transmitter,Rangifer tarandus,car003,KE_car003,Mountain caribou in British Columbia,0.070285229
2282779025,TRUE,2004-04-28 21:05:00.000,-122.6253715,55.25190759,,Kennedy,Summer,radio-transmitter,Rangifer tarandus,car003,KE_car003,Mountain caribou in British Columbia,0.005582537
2282779026,TRUE,2004-05-11 18:53:00.000,-122.5861118,55.2301152,,Kennedy,Summer,radio-transmitter,Rangifer tarandus,car003,KE_car003,Mountain caribou in British Columbia,0.034552562
2282779027,TRUE,2004-06-04 00:15:00.000,-122.6188532,55.20150205,,Kennedy,Summer,radio-transmitter,Rangifer tarandus,car003,KE_car003,Mountain caribou in British Columbia,0.624356428
2282779028,TRUE,2004-06-17 19:01:00.000,-122.6722861,55.39669905,,Kennedy,Summer,radio-transmitter,Rangifer tarandus,car003,KE_car003,Mountain caribou in British Columbia,0.699864348
2282779029,TRUE,2004-06-30 17:26:00.000,-122.415282,55.34361239,,Kennedy,Summer,radio-transmitter,Rangifer tarandus,car003,KE_car003,Mountain caribou in British Columbia,0.754379662
2282779030,TRUE,2004-07-14 22:26:00.000,-122.5599467,55.42236066,,Kennedy,Summer,radio-transmitter,Rangifer tarandus,car003,KE_car003,Mountain caribou in British Columbia,0.797495296
2282779031,TRUE,2004-07-28 22:50:00.000,-122.5450021,55.18688896,,Kennedy,Summer,radio-transmitter,Rangifer tarandus,car003,KE_car003,Mountain caribou in British Columbia,0.791294302
2282779032,TRUE,2004-08-12 00:46:00.000,-122.628145,55.22443648,,Kennedy,Summer,radio-transmitter,Rangifer tarandus,car003,KE_car003,Mountain caribou in British Columbia,0.758250294
2282779033,TRUE,2004-08-25 19:30:00.000,-122.6288766,55.22859929,,Kennedy,Summer,radio-transmitter,Rangifer tarandus,car003,KE_car003,Mountain caribou in British Columbia,0.782261913
2282779034,TRUE,2004-09-12 20:29:00.000,-122.6196678,55.29567016,,Kennedy,Summer,radio-transmitter,Rangifer tarandus,car003,KE_car003,Mountain caribou in British Columbia,0.719773213
2282779035,TRUE,2004-09-27 20:49:00.000,-122.6548464,55.17994348,,Kennedy,Summer,radio-transmitter,Rangifer tarandus,car003,KE_car003,Mountain caribou in British Columbia,0.702760458
2282779036,TRUE,2004-10-14 19:26:00.000,-122.7344616,55.14445855,,Kennedy,Summer,radio-transmitter,Rangifer tarandus,car003,KE_car003,Mountain caribou in British Columbia,0.713943523
2282779037,TRUE,2004-11-06 18:49:00.000,-122.8222581,55.1232579,,Kennedy,Winter,radio-transmitter,Rangifer tarandus,car003,KE_car003,Mountain caribou in British Columbia,0.697630266
2282779038,TRUE,2004-11-22 19:05:00.000,-122.913511,55.09132977,,Kennedy,Winter,radio-transmitter,Rangifer tarandus,car003,KE_car003,Mountain caribou in British Columbia,0.293397815
2282779039,TRUE,2004-12-12 17:37:00.000,-122.8344572,55.10444885,,Kennedy,Winter,radio-transmitter,Rangifer tarandus,car003,KE_car003,Mountain caribou in British Columbia,0.216031061
2282779040,TRUE,2005-01-02 23:59:00.000,-122.7042798,55.16510234,,Kennedy,Winter,radio-transmitter,Rangifer tarandus,car003,KE_car003,Mountain caribou in British Columbia,0.041361472
2282779041,TRUE,2002-05-02 19:00:00.000,-122.4244175,55.20499011,,Kennedy,Summer,radio-transmitter,Rangifer tarandus,car004,KE_car004,Mountain caribou in British Columbia,-0.016756895
2282779042,TRUE,2002-05-15 19:00:00.000,-122.3876034,55.1977027,,Kennedy,Summer,radio-transmitter,Rangifer tarandus,car004,KE_car004,Mountain caribou in British Columbia,-0.037007567
2282779043,TRUE,2002-05-27 19:00:00.000,-122.3593641,55.28622507,,Kennedy,Summer,radio-transmitter,Rangifer tarandus,car004,KE_car004,Mountain caribou in British Columbia,0.117274968
2282779044,TRUE,2002-06-10 19:00:00.000,-122.3802192,55.25536624,,Kennedy,Summer,radio-transmitter,Rangifer tarandus,car004,KE_car004,Mountain caribou in British Columbia,0.006871084
2282779045,TRUE,2002-06-24 19:00:00.000,-122.4768598,55.15047282,,Kennedy,Summer,radio-transmitter,Rangifer tarandus,car004,KE_car004,Mountain caribou in British Columbia,0.155426977
2282779046,TRUE,2002-07-02 19:00:00.000,-122.5091432,55.10782309,,Kennedy,Summer,radio-transmitter,Rangifer tarandus,car004,KE_car004,Mountain caribou in British Columbia,0.379369139
2282779047,TRUE,2002-07-08 19:00:00.000,-122.5259618,55.10389974,,Kennedy,Summer,radio-transmitter,Rangifer tarandus,car004,KE_car004,Mountain caribou in British Columbia,0.396176585
2282779048,TRUE,2002-07-22 19:00:00.000,-122.5247076,55.12241574,,Kennedy,Summer,radio-transmitter,Rangifer tarandus,car004,KE_car004,Mountain caribou in British Columbia,0.700330171
2282779049,TRUE,2002-08-11 19:00:00.000,-122.5015701,55.13821117,,Kennedy,Summer,radio-transmitter,Rangifer tarandus,car004,KE_car004,Mountain caribou in British Columbia,0.521928302
2282779050,TRUE,2002-08-23 19:00:00.000,-122.5727052,55.07400423,,Kennedy,Summer,radio-transmitter,Rangifer tarandus,car004,KE_car004,Mountain caribou in British Columbia,0.802422706
2282779051,TRUE,2002-09-14 19:00:00.000,-122.5270143,55.0851133,,Kennedy,Summer,radio-transmitter,Rangifer tarandus,car004,KE_car004,Mountain caribou in British Columbia,0.406296075
2282779052,TRUE,2002-09-30 19:00:00.000,-122.6208374,55.10671217,,Kennedy,Summer,radio-transmitter,Rangifer tarandus,car004,KE_car004,Mountain caribou in British Columbia,0.663837957
2282779053,TRUE,2002-10-21 19:00:00.000,-122.6985588,55.10984979,,Kennedy,Summer,radio-transmitter,Rangifer tarandus,car004,KE_car004,Mountain caribou in British Columbia,0.637810375
2282779054,TRUE,2002-11-21 20:00:00.000,-122.835052,55.04372907,,Kennedy,Winter,radio-transmitter,Rangifer tarandus,car004,KE_car004,Mountain caribou in British Columbia,0.464660343
2282779055,TRUE,2002-12-09 20:00:00.000,-122.7938854,55.07572065,,Kennedy,Winter,radio-transmitter,Rangifer tarandus,car004,KE_car004,Mountain caribou in British Columbia,0.130738379
2282779056,TRUE,2003-01-08 20:00:00.000,-122.8281868,55.1046828,,Kennedy,Winter,radio-transmitter,Rangifer tarandus,car004,KE_car004,Mountain caribou in British Columbia,0.440332447
2282779057,TRUE,2003-01-21 20:00:00.000,-122.8231351,55.11641164,,Kennedy,Winter,radio-transmitter,Rangifer tarandus,car004,KE_car004,Mountain caribou in British Columbia,0.198012941
2282779058,TRUE,2003-01-27 20:00:00.000,-122.8138265,55.13573619,,Kennedy,Winter,radio-transmitter,Rangifer tarandus,car004,KE_car004,Mountain caribou in British Columbia,0.172202509
2282779059,TRUE,2003-02-03 20:00:00.000,-122.8110399,55.12794981,,Kennedy,Winter,radio-transmitter,Rangifer tarandus,car004,KE_car004,Mountain caribou in British Columbia,0.221287339
2282779060,TRUE,2003-03-07 20:00:00.000,-122.482315,55.3155457,,Kennedy,Winter,radio-transmitter,Rangifer tarandus,car004,KE_car004,Mountain caribou in British Columbia,-0.039109237
2282779061,TRUE,2003-03-27 20:00:00.000,-122.5445484,55.35454129,,Kennedy,Winter,radio-transmitter,Rangifer tarandus,car004,KE_car004,Mountain caribou in British Columbia,-0.023037228
2282779062,TRUE,2003-04-17 19:00:00.000,-122.4890952,55.31149456,,Kennedy,Summer,radio-transmitter,Rangifer tarandus,car004,KE_car004,Mountain caribou in British Columbia,-0.022933317
2282779063,TRUE,2003-05-08 19:00:00.000,-122.3820403,55.28805828,,Kennedy,Summer,radio-transmitter,Rangifer tarandus,car004,KE_car004,Mountain caribou in British Columbia,0.019797913
2282779064,TRUE,2003-05-21 19:00:00.000,-122.3402363,55.29365367,,Kennedy,Summer,radio-transmitter,Rangifer tarandus,car004,KE_car004,Mountain caribou in British Columbia,0.32991595
2282779065,TRUE,2003-06-04 21:02:00.000,-122.3550515,55.30165861,,Kennedy,Summer,radio-transmitter,Rangifer tarandus,car004,KE_car004,Mountain caribou in British Columbia,0.333471176
2282779066,TRUE,2003-06-19 20:40:00.000,-122.3697829,55.31036222,,Kennedy,Summer,radio-transmitter,Rangifer tarandus,car004,KE_car004,Mountain caribou in British Columbia,0.334186002
2282779067,TRUE,2003-07-06 17:50:00.000,-122.5667118,55.08513517,,Kennedy,Summer,radio-transmitter,Rangifer tarandus,car004,KE_car004,Mountain caribou in British Columbia,0.758478349
2282779068,TRUE,2003-07-16 20:26:00.000,-122.5811364,55.05551253,,Kennedy,Summer,radio-transmitter,Rangifer tarandus,car004,KE_car004,Mountain caribou in British Columbia,0.81658039
2282779069,TRUE,2003-07-31 19:15:00.000,-122.5480073,55.0503347,,Kennedy,Summer,radio-transmitter,Rangifer tarandus,car004,KE_car004,Mountain caribou in British Columbia,0.851267439
2282779070,TRUE,2003-08-22 19:05:00.000,-122.5844004,55.06986603,,Kennedy,Summer,radio-transmitter,Rangifer tarandus,car004,KE_car004,Mountain caribou in British Columbia,0.760523819
2282779071,TRUE,2003-09-14 21:15:00.000,-122.5577858,55.08764624,,Kennedy,Summer,radio-transmitter,Rangifer tarandus,car004,KE_car004,Mountain caribou in British Columbia,0.732388515
2282779072,TRUE,2003-09-27 19:27:00.000,-122.5587939,55.05441816,,Kennedy,Summer,radio-transmitter,Rangifer tarandus,car004,KE_car004,Mountain caribou in British Columbia,0.70116246
2282779073,TRUE,2003-10-11 19:13:00.000,-122.6263238,55.08146849,,Kennedy,Summer,radio-transmitter,Rangifer tarandus,car004,KE_car004,Mountain caribou in British Columbia,0.692356982
2282779074,TRUE,2003-11-01 19:34:00.000,-122.7932408,55.03364542,,Kennedy,Winter,radio-transmitter,Rangifer tarandus,car004,KE_car004,Mountain caribou in British Columbia,0.628875362
2282779075,TRUE,2003-11-02 20:13:00.000,-122.8285606,55.05029812,,Kennedy,Winter,radio-transmitter,Rangifer tarandus,car004,KE_car004,Mountain caribou in British Columbia,0.633034805
2282779076,TRUE,2003-11-08 21:26:00.000,-122.8317051,55.03948292,,Kennedy,Winter,radio-transmitter,Rangifer tarandus,car004,KE_car004,Mountain caribou in British Columbia,0.687675536
2282779077,TRUE,2003-11-29 18:55:00.000,-122.8074279,55.09637539,,Kennedy,Winter,radio-transmitter,Rangifer tarandus,car004,KE_car004,Mountain caribou in British Columbia,0.246234762
2282779078,TRUE,2003-12-02 17:48:00.000,-122.7999831,55.02758188,,Kennedy,Winter,radio-transmitter,Rangifer tarandus,car004,KE_car004,Mountain caribou in British Columbia,0.178623938
2282779079,TRUE,2003-12-05 19:59:00.000,-122.8317745,55.12370274,,Kennedy,Winter,radio-transmitter,Rangifer tarandus,car004,KE_car004,Mountain caribou in British Columbia,0.248978304
2282779080,TRUE,2003-12-10 22:40:00.000,-122.8170394,55.10201562,,Kennedy,Winter,radio-transmitter,Rangifer tarandus,car004,KE_car004,Mountain caribou in British Columbia,0.209508868
2282779081,TRUE,2003-12-19 16:57:00.000,-122.850366,55.11276376,,Kennedy,Winter,radio-transmitter,Rangifer tarandus,car004,KE_car004,Mountain caribou in British Columbia,0.446594106
2282779082,TRUE,2003-12-28 17:36:00.000,-122.8486796,55.10685769,,Kennedy,Winter,radio-transmitter,Rangifer tarandus,car004,KE_car004,Mountain caribou in British Columbia,0.524766021
2282779083,TRUE,2004-01-10 22:35:00.000,-122.823264,55.06234124,,Kennedy,Winter,radio-transmitter,Rangifer tarandus,car004,KE_car004,Mountain caribou in British Columbia,0.326430134
2282779084,TRUE,2004-01-15 18:55:00.000,-122.8433031,55.10287896,,Kennedy,Winter,radio-transmitter,Rangifer tarandus,car004,KE_car004,Mountain caribou in British Columbia,0.399005299
2282779085,TRUE,2004-01-25 18:16:00.000,-122.638734,55.17137787,,Kennedy,Winter,radio-transmitter,Rangifer tarandus,car004,KE_car004,Mountain caribou in British Columbia,0.015851284
2282779086,TRUE,2004-02-01 20:21:00.000,-122.494195,55.18428052,,Kennedy,Winter,radio-transmitter,Rangifer tarandus,car004,KE_car004,Mountain caribou in British Columbia,-0.015154756
2282779087,TRUE,2004-02-12 19:41:00.000,-122.4793249,55.16239923,,Kennedy,Winter,radio-transmitter,Rangifer tarandus,car004,KE_car004,Mountain caribou in British Columbia,-0.024442484
2282779088,TRUE,2004-02-21 20:31:00.000,-122.3676412,55.27960046,,Kennedy,Winter,radio-transmitter,Rangifer tarandus,car004,KE_car004,Mountain caribou in British Columbia,0.039616317
2282779089,TRUE,2004-02-27 17:19:00.000,-122.3342472,55.27135333,,Kennedy,Winter,radio-transmitter,Rangifer tarandus,car004,KE_car004,Mountain caribou in British Columbia,-0.001916299
2282779090,TRUE,2004-03-06 21:34:00.000,-122.3186624,55.26140046,,Kennedy,Winter,radio-transmitter,Rangifer tarandus,car004,KE_car004,Mountain caribou in British Columbia,0.021449972
2282779091,TRUE,2004-03-13 18:21:00.000,-122.3055416,55.26666437,,Kennedy,Winter,radio-transmitter,Rangifer tarandus,car004,KE_car004,Mountain caribou in British Columbia,0.056205652
2282779092,TRUE,2004-03-22 21:19:00.000,-122.2461415,55.31517036,,Kennedy,Winter,radio-transmitter,Rangifer tarandus,car004,KE_car004,Mountain caribou in British Columbia,-0.033176833
2282779093,TRUE,2004-03-28 19:13:00.000,-122.1969721,55.31399438,,Kennedy,Winter,radio-transmitter,Rangifer tarandus,car004,KE_car004,Mountain caribou in British Columbia,0.010768505
2282779094,TRUE,2004-03-29 22:50:00.000,-122.2200316,55.31440438,,Kennedy,Winter,radio-transmitter,Rangifer tarandus,car004,KE_car004,Mountain caribou in British Columbia,-0.021776182
2282779095,TRUE,2004-04-15 21:23:00.000,-122.2300254,55.3068744,,Kennedy,Summer,radio-transmitter,Rangifer tarandus,car004,KE_car004,Mountain caribou in British Columbia,-0.008407239
2282779096,TRUE,2004-04-28 19:26:00.000,-122.231854,55.30925828,,Kennedy,Summer,radio-transmitter,Rangifer tarandus,car004,KE_car004,Mountain caribou in British Columbia,-0.002635248
2282779097,TRUE,2004-05-11 18:20:00.000,-122.2022199,55.31316608,,Kennedy,Summer,radio-transmitter,Rangifer tarandus,car004,KE_car004,Mountain caribou in British Columbia,0.024568064
2282779098,TRUE,2004-06-04 00:26:00.000,-122.5278931,55.0849909,,Kennedy,Summer,radio-transmitter,Rangifer tarandus,car004,KE_car004,Mountain caribou in British Columbia,0.136542879
2282779099,TRUE,2004-06-17 18:41:00.000,-122.5625584,55.05515964,,Kennedy,Summer,radio-transmitter,Rangifer tarandus,car004,KE_car004,Mountain caribou in British Columbia,0.665785883
2282779100,TRUE,2004-06-30 16:51:00.000,-122.4746177,55.13480897,,Kennedy,Summer,radio-transmitter,Rangifer tarandus,car004,KE_car004,Mountain caribou in British Columbia,0.667368104
2282779101,TRUE,2004-07-15 00:26:00.000,-122.5481017,55.06279923,,Kennedy,Summer,radio-transmitter,Rangifer tarandus,car004,KE_car004,Mountain caribou in British Columbia,0.823584267
2282779102,TRUE,2004-07-28 19:36:00.000,-122.5725556,55.06453204,,Kennedy,Summer,radio-transmitter,Rangifer tarandus,car004,KE_car004,Mountain caribou in British Columbia,0.800109388
2282779103,TRUE,2004-08-12 00:55:00.000,-122.5091533,55.13001045,,Kennedy,Summer,radio-transmitter,Rangifer tarandus,car004,KE_car004,Mountain caribou in British Columbia,0.807183686
2282779104,TRUE,2004-08-25 22:38:00.000,-122.5537135,55.05799421,,Kennedy,Summer,radio-transmitter,Rangifer tarandus,car004,KE_car004,Mountain caribou in British Columbia,0.650523091
2282779105,TRUE,2004-09-12 20:54:00.000,-122.5746924,55.06975163,,Kennedy,Summer,radio-transmitter,Rangifer tarandus,car004,KE_car004,Mountain caribou in British Columbia,0.578156492
2282779106,TRUE,2004-09-27 21:17:00.000,-122.5364979,55.12390796,,Kennedy,Summer,radio-transmitter,Rangifer tarandus,car004,KE_car004,Mountain caribou in British Columbia,0.723563374
2282779107,TRUE,2004-10-14 18:40:00.000,-122.5651988,55.07297119,,Kennedy,Summer,radio-transmitter,Rangifer tarandus,car004,KE_car004,Mountain caribou in British Columbia,0.725383923
2282779108,TRUE,2004-11-06 19:50:00.000,-122.8254836,55.04158596,,Kennedy,Winter,radio-transmitter,Rangifer tarandus,car004,KE_car004,Mountain caribou in British Columbia,0.624216614
2282779109,TRUE,2004-11-22 18:43:00.000,-122.8422451,55.06509916,,Kennedy,Winter,radio-transmitter,Rangifer tarandus,car004,KE_car004,Mountain caribou in British Columbia,0.274785111
2282779110,TRUE,2004-12-12 17:47:00.000,-122.8109735,55.10548405,,Kennedy,Winter,radio-transmitter,Rangifer tarandus,car004,KE_car004,Mountain caribou in British Columbia,0.08055151
2282779111,TRUE,2005-01-02 23:24:00.000,-122.7944536,55.1145604,,Kennedy,Winter,radio-transmitter,Rangifer tarandus,car004,KE_car004,Mountain caribou in British Columbia,0.131585685
2282779112,TRUE,2005-02-07 18:55:00.000,-122.8042698,55.11413623,,Kennedy,Winter,radio-transmitter,Rangifer tarandus,car004,KE_car004,Mountain caribou in British Columbia,0.077153081
2282779113,TRUE,2005-02-14 23:28:00.000,-122.6647004,55.14156379,,Kennedy,Winter,radio-transmitter,Rangifer tarandus,car004,KE_car004,Mountain caribou in British Columbia,0.263586417
2282779114,TRUE,2005-02-15 15:40:00.000,-122.6632116,55.14324012,,Kennedy,Winter,radio-transmitter,Rangifer tarandus,car004,KE_car004,Mountain caribou in British Columbia,0.435117886
2282779115,TRUE,2005-02-21 20:45:00.000,-122.6191631,55.11794883,,Kennedy,Winter,radio-transmitter,Rangifer tarandus,car004,KE_car004,Mountain caribou in British Columbia,0.133346691
2282779116,TRUE,2005-02-28 20:08:00.000,-122.6188119,55.12024823,,Kennedy,Winter,radio-transmitter,Rangifer tarandus,car004,KE_car004,Mountain caribou in British Columbia,0.193499592
2282779117,TRUE,2005-03-12 19:03:00.000,-122.6150073,55.12782072,,Kennedy,Winter,radio-transmitter,Rangifer tarandus,car004,KE_car004,Mountain caribou in British Columbia,0.057409402
2282779118,TRUE,2005-03-14 23:12:00.000,-122.5279729,55.19386946,,Kennedy,Winter,radio-transmitter,Rangifer tarandus,car004,KE_car004,Mountain caribou in British Columbia,0.026344668
2282779119,TRUE,2005-03-23 19:11:00.000,-122.4166275,55.20688516,,Kennedy,Winter,radio-transmitter,Rangifer tarandus,car004,KE_car004,Mountain caribou in British Columbia,0.042624788
2282779120,TRUE,2005-04-14 19:50:00.000,-122.423303,55.21252433,,Kennedy,Summer,radio-transmitter,Rangifer tarandus,car004,KE_car004,Mountain caribou in British Columbia,0.046163342
2282779121,TRUE,2005-05-03 00:12:00.000,-122.4776204,55.16191566,,Kennedy,Summer,radio-transmitter,Rangifer tarandus,car004,KE_car004,Mountain caribou in British Columbia,0.065146084
2282779122,TRUE,2005-05-18 20:47:00.000,-122.1447475,55.29164141,,Kennedy,Summer,radio-transmitter,Rangifer tarandus,car004,KE_car004,Mountain caribou in British Columbia,0.00488267
2282779123,TRUE,2005-06-08 20:42:00.000,-122.5124226,55.10368456,,Kennedy,Summer,radio-transmitter,Rangifer tarandus,car004,KE_car004,Mountain caribou in British Columbia,0.370041835
2282779124,TRUE,2005-06-28 19:00:00.000,-122.551897,55.07345317,,Kennedy,Summer,radio-transmitter,Rangifer tarandus,car004,KE_car004,Mountain caribou in British Columbia,0.517371823
2282779125,TRUE,2005-07-21 19:00:00.000,-122.5581178,55.06179356,,Kennedy,Summer,radio-transmitter,Rangifer tarandus,car004,KE_car004,Mountain caribou in British Columbia,0.667195198
2282779126,TRUE,2005-08-10 23:48:00.000,-122.5651231,55.06262756,,Kennedy,Summer,radio-transmitter,Rangifer tarandus,car004,KE_car004,Mountain caribou in British Columbia,0.784641329
2282779127,TRUE,2005-08-25 02:31:00.000,-122.5508619,55.08337034,,Kennedy,Summer,radio-transmitter,Rangifer tarandus,car004,KE_car004,Mountain caribou in British Columbia,0.74297885
2282779128,TRUE,2005-09-06 23:35:00.000,-122.5610837,55.0883591,,Kennedy,Summer,radio-transmitter,Rangifer tarandus,car004,KE_car004,Mountain caribou in British Columbia,0.705000664
2282779129,TRUE,2005-10-19 01:00:00.000,-122.8269414,55.03740039,,Kennedy,Summer,radio-transmitter,Rangifer tarandus,car004,KE_car004,Mountain caribou in British Columbia,0.464610359
2282779130,TRUE,2005-11-24 00:53:00.000,-122.8120699,55.0321213,,Kennedy,Winter,radio-transmitter,Rangifer tarandus,car004,KE_car004,Mountain caribou in British Columbia,0.468849632
2282779131,TRUE,2005-12-03 23:50:00.000,-122.8256705,55.05260351,,Kennedy,Winter,radio-transmitter,Rangifer tarandus,car004,KE_car004,Mountain caribou in British Columbia,0.325994234
2282779132,TRUE,2006-01-03 23:46:00.000,-122.8161836,55.12456986,,Kennedy,Winter,radio-transmitter,Rangifer tarandus,car004,KE_car004,Mountain caribou in British Columbia,0.410793471
2282779133,TRUE,2006-01-29 23:33:00.000,-122.8199264,55.13614075,,Kennedy,Winter,radio-transmitter,Rangifer tarandus,car004,KE_car004,Mountain caribou in British Columbia,0.268677912
2282779134,TRUE,2006-02-16 20:00:00.000,-122.6590987,55.16560444,,Kennedy,Winter,radio-transmitter,Rangifer tarandus,car004,KE_car004,Mountain caribou in British Columbia,0.036250763
2282779135,TRUE,2006-03-19 20:00:00.000,-122.6339496,55.14351521,,Kennedy,Winter,radio-transmitter,Rangifer tarandus,car004,KE_car004,Mountain caribou in British Columbia,0.073608205
2282779136,TRUE,2006-04-04 19:00:00.000,-122.3686851,55.19392187,,Kennedy,Summer,radio-transmitter,Rangifer tarandus,car004,KE_car004,Mountain caribou in British Columbia,-0.019513558
2282779137,TRUE,2006-04-24 19:00:00.000,-122.3927366,55.25577062,,Kennedy,Summer,radio-transmitter,Rangifer tarandus,car004,KE_car004,Mountain caribou in British Columbia,0.007156611
2282779138,TRUE,2006-05-13 19:00:00.000,-122.5476463,55.05597684,,Kennedy,Summer,radio-transmitter,Rangifer tarandus,car004,KE_car004,Mountain caribou in British Columbia,0.211222766
2282779139,TRUE,2006-05-30 19:00:00.000,-122.5068964,55.11334064,,Kennedy,Summer,radio-transmitter,Rangifer tarandus,car004,KE_car004,Mountain caribou in British Columbia,0.355095743
2282779140,TRUE,2006-06-24 19:00:00.000,-122.4767465,55.14473905,,Kennedy,Summer,radio-transmitter,Rangifer tarandus,car004,KE_car004,Mountain caribou in British Columbia,0.717785834
2282779141,TRUE,2006-07-16 19:00:00.000,-122.5373666,55.08401178,,Kennedy,Summer,radio-transmitter,Rangifer tarandus,car004,KE_car004,Mountain caribou in British Columbia,0.785300805
2282779142,TRUE,2006-08-16 19:00:00.000,-122.5192065,55.08953998,,Kennedy,Summer,radio-transmitter,Rangifer tarandus,car004,KE_car004,Mountain caribou in British Columbia,0.728754823
2282779143,TRUE,2006-09-02 21:17:00.000,-122.5045624,55.11192031,,Kennedy,Summer,radio-transmitter,Rangifer tarandus,car004,KE_car004,Mountain caribou in British Columbia,0.699295727
2282779144,TRUE,2006-10-04 19:19:00.000,-122.6501268,55.10920813,,Kennedy,Summer,radio-transmitter,Rangifer tarandus,car004,KE_car004,Mountain caribou in British Columbia,0.679137783
2282779145,TRUE,2006-12-16 20:14:00.000,-122.6790858,55.17095157,,Kennedy,Winter,radio-transmitter,Rangifer tarandus,car004,KE_car004,Mountain caribou in British Columbia,0.009620948
2282779146,TRUE,2007-01-27 22:00:00.000,-122.4654133,55.16039798,,Kennedy,Winter,radio-transmitter,Rangifer tarandus,car004,KE_car004,Mountain caribou in British Columbia,0.035785349
2282779147,TRUE,2007-02-13 00:15:00.000,-122.5056301,55.12955588,,Kennedy,Winter,radio-transmitter,Rangifer tarandus,car004,KE_car004,Mountain caribou in British Columbia,0.011168291
2282779148,TRUE,2007-03-15 22:40:00.000,-122.5084528,55.12958527,,Kennedy,Winter,radio-transmitter,Rangifer tarandus,car004,KE_car004,Mountain caribou in British Columbia,0.107837953
2282779149,TRUE,2007-03-18 23:38:00.000,-122.5124433,55.13030224,,Kennedy,Winter,radio-transmitter,Rangifer tarandus,car004,KE_car004,Mountain caribou in British Columbia,0.121953999
2282779150,TRUE,2007-03-22 19:00:00.000,-122.5086664,55.12751928,,Kennedy,Winter,radio-transmitter,Rangifer tarandus,car004,KE_car004,Mountain caribou in British Columbia,0.055957175
2282779151,TRUE,2007-04-02 19:00:00.000,-122.5048592,55.1272163,,Kennedy,Summer,radio-transmitter,Rangifer tarandus,car004,KE_car004,Mountain caribou in British Columbia,0.052194522
2282779152,TRUE,2007-04-30 19:00:00.000,-122.3214583,55.23029656,,Kennedy,Summer,radio-transmitter,Rangifer tarandus,car004,KE_car004,Mountain caribou in British Columbia,-0.010114284
2282779153,TRUE,2007-05-14 21:40:00.000,-122.3421988,55.24830179,,Kennedy,Summer,radio-transmitter,Rangifer tarandus,car004,KE_car004,Mountain caribou in British Columbia,-0.034000156
2282779154,TRUE,2007-05-29 20:21:00.000,-122.5042776,55.13492422,,Kennedy,Summer,radio-transmitter,Rangifer tarandus,car004,KE_car004,Mountain caribou in British Columbia,0.090706314
2282779155,TRUE,2007-06-24 22:34:00.000,-122.4417082,55.1382662,,Kennedy,Summer,radio-transmitter,Rangifer tarandus,car004,KE_car004,Mountain caribou in British Columbia,0.527481584
2282779156,TRUE,2007-07-07 22:27:00.000,-122.5605399,55.05365164,,Kennedy,Summer,radio-transmitter,Rangifer tarandus,car004,KE_car004,Mountain caribou in British Columbia,0.656715785
2282779157,TRUE,2007-07-28 01:45:00.000,-122.5602497,55.07584704,,Kennedy,Summer,radio-transmitter,Rangifer tarandus,car004,KE_car004,Mountain caribou in British Columbia,0.706464171
2282779158,TRUE,2007-09-02 03:16:00.000,-122.5694219,55.08660956,,Kennedy,Summer,radio-transmitter,Rangifer tarandus,car004,KE_car004,Mountain caribou in British Columbia,0.774942325
2282779159,TRUE,2007-09-15 23:02:00.000,-122.5972348,55.15158594,,Kennedy,Summer,radio-transmitter,Rangifer tarandus,car004,KE_car004,Mountain caribou in British Columbia,0.757735246
2282779160,TRUE,2007-10-12 19:00:00.000,-122.6628974,55.10977432,,Kennedy,Summer,radio-transmitter,Rangifer tarandus,car004,KE_car004,Mountain caribou in British Columbia,0.587777815
2282779161,TRUE,2007-11-14 20:55:00.000,-122.8182698,55.10718457,,Kennedy,Winter,radio-transmitter,Rangifer tarandus,car004,KE_car004,Mountain caribou in British Columbia,0.351267915
2282779162,TRUE,2007-12-21 20:00:00.000,-122.8153665,55.11134085,,Kennedy,Winter,radio-transmitter,Rangifer tarandus,car004,KE_car004,Mountain caribou in British Columbia,0.028619705
2282779163,TRUE,2015-01-06 22:13:00.000,-122.5709543,55.27252235,,Kennedy,Winter,radio-transmitter,Rangifer tarandus,car004,KE_car004,Mountain caribou in British Columbia,0.105077349
2282779164,TRUE,2015-01-23 17:26:00.000,-122.3366961,55.24907178,,Kennedy,Winter,radio-transmitter,Rangifer tarandus,car004,KE_car004,Mountain caribou in British Columbia,0.00835022
2282779165,TRUE,2015-02-17 19:46:00.000,-122.2735487,55.21739495,,Kennedy,Winter,radio-transmitter,Rangifer tarandus,car004,KE_car004,Mountain caribou in British Columbia,-0.019547582
2282779166,TRUE,2015-03-04 22:00:00.000,-122.2805427,55.22178578,,Kennedy,Winter,radio-transmitter,Rangifer tarandus,car004,KE_car004,Mountain caribou in British Columbia,-0.050248689
2282779167,TRUE,2015-03-22 21:00:00.000,-122.272245,55.20011539,,Kennedy,Winter,radio-transmitter,Rangifer tarandus,car004,KE_car004,Mountain caribou in British Columbia,0.008406107
2282779168,TRUE,2003-03-02 20:00:00.000,-122.3978153,55.21330881,,Kennedy,Winter,radio-transmitter,Rangifer tarandus,car011,KE_car011,Mountain caribou in British Columbia,0.098025928
2282779169,TRUE,2003-03-07 20:00:00.000,-122.380108,55.19881509,,Kennedy,Winter,radio-transmitter,Rangifer tarandus,car011,KE_car011,Mountain caribou in British Columbia,-0.01250286
2282779170,TRUE,2003-03-27 20:00:00.000,-122.422351,55.20120611,,Kennedy,Winter,radio-transmitter,Rangifer tarandus,car011,KE_car011,Mountain caribou in British Columbia,-0.007912767
2282779171,TRUE,2003-04-17 19:00:00.000,-122.4285315,55.20738183,,Kennedy,Summer,radio-transmitter,Rangifer tarandus,car011,KE_car011,Mountain caribou in British Columbia,0.008342831
2282779172,TRUE,2003-05-08 19:00:00.000,-122.4159386,55.19705087,,Kennedy,Summer,radio-transmitter,Rangifer tarandus,car011,KE_car011,Mountain caribou in British Columbia,-0.033357524
2282779173,TRUE,2003-05-21 19:00:00.000,-122.4409956,55.28117141,,Kennedy,Summer,radio-transmitter,Rangifer tarandus,car011,KE_car011,Mountain caribou in British Columbia,-0.028868988
2282779174,TRUE,2003-06-04 20:54:00.000,-122.3821311,55.27106586,,Kennedy,Summer,radio-transmitter,Rangifer tarandus,car011,KE_car011,Mountain caribou in British Columbia,0.052336241
2282779175,TRUE,2003-06-19 17:42:00.000,-122.378732,55.27405,,Kennedy,Summer,radio-transmitter,Rangifer tarandus,car011,KE_car011,Mountain caribou in British Columbia,0.129645851
2282779176,TRUE,2003-07-06 17:40:00.000,-122.3199995,55.26326807,,Kennedy,Summer,radio-transmitter,Rangifer tarandus,car011,KE_car011,Mountain caribou in British Columbia,0.657138586
2282779177,TRUE,2003-07-16 20:53:00.000,-122.7307634,55.37185201,,Kennedy,Summer,radio-transmitter,Rangifer tarandus,car011,KE_car011,Mountain caribou in British Columbia,0.742550928
2282779178,TRUE,2003-07-31 19:38:00.000,-122.7485519,55.35355862,,Kennedy,Summer,radio-transmitter,Rangifer tarandus,car011,KE_car011,Mountain caribou in British Columbia,0.695627894
2282779179,TRUE,2003-08-25 19:10:00.000,-122.7110192,55.36600203,,Kennedy,Summer,radio-transmitter,Rangifer tarandus,car011,KE_car011,Mountain caribou in British Columbia,0.712074126
2282779180,TRUE,2003-09-14 20:23:00.000,-122.7878528,55.32743015,,Kennedy,Summer,radio-transmitter,Rangifer tarandus,car011,KE_car011,Mountain caribou in British Columbia,0.731170053
2282779181,TRUE,2003-09-27 20:30:00.000,-122.7849901,55.32925828,,Kennedy,Summer,radio-transmitter,Rangifer tarandus,car011,KE_car011,Mountain caribou in British Columbia,0.701919774
2282779182,TRUE,2003-10-11 19:45:00.000,-122.8017654,55.28097798,,Kennedy,Summer,radio-transmitter,Rangifer tarandus,car011,KE_car011,Mountain caribou in British Columbia,0.566004732
2282779183,TRUE,2003-11-01 19:49:00.000,-122.8222093,55.10248157,,Kennedy,Winter,radio-transmitter,Rangifer tarandus,car011,KE_car011,Mountain caribou in British Columbia,0.611513729
2282779184,TRUE,2003-11-02 20:00:00.000,-122.8095112,55.10314534,,Kennedy,Winter,radio-transmitter,Rangifer tarandus,car011,KE_car011,Mountain caribou in British Columbia,0.431823218
2282779185,TRUE,2003-11-08 22:08:00.000,-122.8131454,55.10691622,,Kennedy,Winter,radio-transmitter,Rangifer tarandus,car011,KE_car011,Mountain caribou in British Columbia,0.446614423
2282779186,TRUE,2003-11-29 18:50:00.000,-122.8321981,55.10868728,,Kennedy,Winter,radio-transmitter,Rangifer tarandus,car011,KE_car011,Mountain caribou in British Columbia,0.240967959
2282779187,TRUE,2003-12-05 20:45:00.000,-122.8102784,55.10993118,,Kennedy,Winter,radio-transmitter,Rangifer tarandus,car011,KE_car011,Mountain caribou in British Columbia,0.026404751
2282779188,TRUE,2003-12-10 22:33:00.000,-122.8041706,55.11197038,,Kennedy,Winter,radio-transmitter,Rangifer tarandus,car011,KE_car011,Mountain caribou in British Columbia,0.055908095
2282779189,TRUE,2003-12-19 16:49:00.000,-122.863204,55.1177123,,Kennedy,Winter,radio-transmitter,Rangifer tarandus,car011,KE_car011,Mountain caribou in British Columbia,0.367396109
2282779190,TRUE,2003-12-28 17:31:00.000,-122.8347839,55.10122322,,Kennedy,Winter,radio-transmitter,Rangifer tarandus,car011,KE_car011,Mountain caribou in British Columbia,0.490891793
2282779191,TRUE,2004-01-03 00:38:00.000,-122.8525367,55.11929941,,Kennedy,Winter,radio-transmitter,Rangifer tarandus,car011,KE_car011,Mountain caribou in British Columbia,0.496861995
2282779192,TRUE,2004-01-10 23:00:00.000,-122.8543473,55.10861692,,Kennedy,Winter,radio-transmitter,Rangifer tarandus,car011,KE_car011,Mountain caribou in British Columbia,0.496356493
2282779193,TRUE,2004-01-15 18:59:00.000,-122.8433031,55.10287896,,Kennedy,Winter,radio-transmitter,Rangifer tarandus,car011,KE_car011,Mountain caribou in British Columbia,0.398978845
2282779194,TRUE,2004-01-25 18:55:00.000,-122.7933102,55.24787732,,Kennedy,Winter,radio-transmitter,Rangifer tarandus,car011,KE_car011,Mountain caribou in British Columbia,-0.017486877
2282779195,TRUE,2004-01-26 18:59:00.000,-122.7736696,55.29941337,,Kennedy,Winter,radio-transmitter,Rangifer tarandus,car011,KE_car011,Mountain caribou in British Columbia,0.011676998
2282779196,TRUE,2004-02-01 21:30:00.000,-122.759351,55.29447964,,Kennedy,Winter,radio-transmitter,Rangifer tarandus,car011,KE_car011,Mountain caribou in British Columbia,-0.078725971
2282779197,TRUE,2004-02-12 20:14:00.000,-122.7601179,55.29527192,,Kennedy,Winter,radio-transmitter,Rangifer tarandus,car011,KE_car011,Mountain caribou in British Columbia,-0.039101703
2282779198,TRUE,2004-02-21 21:50:00.000,-122.7766815,55.24266307,,Kennedy,Winter,radio-transmitter,Rangifer tarandus,car011,KE_car011,Mountain caribou in British Columbia,0.060284626
2282779199,TRUE,2004-02-26 21:20:00.000,-122.767872,55.22949098,,Kennedy,Winter,radio-transmitter,Rangifer tarandus,car011,KE_car011,Mountain caribou in British Columbia,0.079309154
2282779200,TRUE,2004-03-06 19:10:00.000,-122.7675703,55.2300116,,Kennedy,Winter,radio-transmitter,Rangifer tarandus,car011,KE_car011,Mountain caribou in British Columbia,0.144013527
2282779201,TRUE,2004-03-13 19:36:00.000,-122.6806283,55.13902751,,Kennedy,Winter,radio-transmitter,Rangifer tarandus,car011,KE_car011,Mountain caribou in British Columbia,0.115302936
2282779202,TRUE,2004-03-23 21:57:00.000,-122.6660266,55.14618637,,Kennedy,Winter,radio-transmitter,Rangifer tarandus,car011,KE_car011,Mountain caribou in British Columbia,0.198968896
2282779203,TRUE,2004-03-26 21:24:00.000,-122.6607107,55.13474116,,Kennedy,Winter,radio-transmitter,Rangifer tarandus,car011,KE_car011,Mountain caribou in British Columbia,0.127382751
2282779204,TRUE,2004-03-29 20:10:00.000,-122.6654788,55.12539064,,Kennedy,Winter,radio-transmitter,Rangifer tarandus,car011,KE_car011,Mountain caribou in British Columbia,0.15559681
2282779205,TRUE,2004-04-15 22:18:00.000,-122.6535476,55.1884677,,Kennedy,Summer,radio-transmitter,Rangifer tarandus,car011,KE_car011,Mountain caribou in British Columbia,0.138127432
2282779206,TRUE,2004-04-28 21:19:00.000,-122.6586398,55.19543737,,Kennedy,Summer,radio-transmitter,Rangifer tarandus,car011,KE_car011,Mountain caribou in British Columbia,0.241809425
2282779207,TRUE,2004-05-11 21:35:00.000,-122.5336632,55.22177557,,Kennedy,Summer,radio-transmitter,Rangifer tarandus,car011,KE_car011,Mountain caribou in British Columbia,-0.024851253
2282779208,TRUE,2004-06-03 22:56:00.000,-122.7240821,55.36603221,,Kennedy,Summer,radio-transmitter,Rangifer tarandus,car011,KE_car011,Mountain caribou in British Columbia,0.310895507
2282779209,TRUE,2004-06-17 19:13:00.000,-122.7135552,55.36874871,,Kennedy,Summer,radio-transmitter,Rangifer tarandus,car011,KE_car011,Mountain caribou in British Columbia,0.560525839
2282779210,TRUE,2004-06-30 18:12:00.000,-122.6890039,55.36083502,,Kennedy,Summer,radio-transmitter,Rangifer tarandus,car011,KE_car011,Mountain caribou in British Columbia,0.694533211
2282779211,TRUE,2004-07-14 23:02:00.000,-122.7451309,55.34350526,,Kennedy,Summer,radio-transmitter,Rangifer tarandus,car011,KE_car011,Mountain caribou in British Columbia,0.723152685
2282779212,TRUE,2004-07-28 20:46:00.000,-122.6919538,55.3608335,,Kennedy,Summer,radio-transmitter,Rangifer tarandus,car011,KE_car011,Mountain caribou in British Columbia,0.75614853
2282779213,TRUE,2004-08-11 22:55:00.000,-122.7229702,55.36485254,,Kennedy,Summer,radio-transmitter,Rangifer tarandus,car011,KE_car011,Mountain caribou in British Columbia,0.756954503
2282779214,TRUE,2004-08-25 20:51:00.000,-122.6919513,55.36520964,,Kennedy,Summer,radio-transmitter,Rangifer tarandus,car011,KE_car011,Mountain caribou in British Columbia,0.572994312
2282779215,TRUE,2004-09-12 19:01:00.000,-122.7654771,55.33986176,,Kennedy,Summer,radio-transmitter,Rangifer tarandus,car011,KE_car011,Mountain caribou in British Columbia,0.446722709
2282779216,TRUE,2004-09-27 19:35:00.000,-122.7860235,55.28956001,,Kennedy,Summer,radio-transmitter,Rangifer tarandus,car011,KE_car011,Mountain caribou in British Columbia,0.705370791
2282779217,TRUE,2004-10-14 19:18:00.000,-122.8460878,55.12052256,,Kennedy,Summer,radio-transmitter,Rangifer tarandus,car011,KE_car011,Mountain caribou in British Columbia,0.680316196
2282779218,TRUE,2004-11-06 19:07:00.000,-122.8467953,55.11182475,,Kennedy,Winter,radio-transmitter,Rangifer tarandus,car011,KE_car011,Mountain caribou in British Columbia,0.69564465
2282779219,TRUE,2004-11-22 18:50:00.000,-122.8079724,55.103745,,Kennedy,Winter,radio-transmitter,Rangifer tarandus,car011,KE_car011,Mountain caribou in British Columbia,0.099118662
2282779220,TRUE,2004-12-12 17:43:00.000,-122.8008945,55.10876596,,Kennedy,Winter,radio-transmitter,Rangifer tarandus,car011,KE_car011,Mountain caribou in British Columbia,0.176849297
2282779221,TRUE,2005-01-02 23:28:00.000,-122.8086374,55.10889519,,Kennedy,Winter,radio-transmitter,Rangifer tarandus,car011,KE_car011,Mountain caribou in British Columbia,0.102979256
2282779222,TRUE,2005-02-07 18:55:00.000,-122.8042698,55.11413623,,Kennedy,Winter,radio-transmitter,Rangifer tarandus,car011,KE_car011,Mountain caribou in British Columbia,0.077153081
2282779223,TRUE,2005-02-14 20:56:00.000,-122.7921165,55.10876029,,Kennedy,Winter,radio-transmitter,Rangifer tarandus,car011,KE_car011,Mountain caribou in British Columbia,0.201939214
2282779224,TRUE,2005-02-15 15:30:00.000,-122.7881078,55.116859,,Kennedy,Winter,radio-transmitter,Rangifer tarandus,car011,KE_car011,Mountain caribou in British Columbia,0.232426801
2282779225,TRUE,2005-02-21 20:31:00.000,-122.8035857,55.10656869,,Kennedy,Winter,radio-transmitter,Rangifer tarandus,car011,KE_car011,Mountain caribou in British Columbia,0.099005053
2282779226,TRUE,2005-02-28 20:48:00.000,-122.8092784,55.11254462,,Kennedy,Winter,radio-transmitter,Rangifer tarandus,car011,KE_car011,Mountain caribou in British Columbia,0.192185961
2282779227,TRUE,2005-03-12 19:48:00.000,-122.818134,55.1094579,,Kennedy,Winter,radio-transmitter,Rangifer tarandus,car011,KE_car011,Mountain caribou in British Columbia,0.328338487
2282779228,TRUE,2005-03-14 23:18:00.000,-122.8165739,55.10441426,,Kennedy,Winter,radio-transmitter,Rangifer tarandus,car011,KE_car011,Mountain caribou in British Columbia,0.381841263
2282779229,TRUE,2005-03-22 22:26:00.000,-122.8160274,55.10736992,,Kennedy,Winter,radio-transmitter,Rangifer tarandus,car011,KE_car011,Mountain caribou in British Columbia,0.344394126
2282779230,TRUE,2005-03-23 19:27:00.000,-122.8082845,55.11712606,,Kennedy,Winter,radio-transmitter,Rangifer tarandus,car011,KE_car011,Mountain caribou in British Columbia,0.388971835
2282779231,TRUE,2005-04-14 21:20:00.000,-122.7904227,55.12090682,,Kennedy,Summer,radio-transmitter,Rangifer tarandus,car011,KE_car011,Mountain caribou in British Columbia,0.520341772
2282779232,TRUE,2005-04-18 20:25:00.000,-122.8292429,55.11797498,,Kennedy,Summer,radio-transmitter,Rangifer tarandus,car011,KE_car011,Mountain caribou in British Columbia,0.517174044
2282779233,TRUE,2005-05-02 23:33:00.000,-122.5996787,55.40704139,,Kennedy,Summer,radio-transmitter,Rangifer tarandus,car011,KE_car011,Mountain caribou in British Columbia,-0.007586834
2282779234,TRUE,2005-05-18 21:57:00.000,-122.6910335,55.37367207,,Kennedy,Summer,radio-transmitter,Rangifer tarandus,car011,KE_car011,Mountain caribou in British Columbia,0.463705996
2282779235,TRUE,2005-06-08 21:17:00.000,-122.7165506,55.36687763,,Kennedy,Summer,radio-transmitter,Rangifer tarandus,car011,KE_car011,Mountain caribou in British Columbia,0.421341395
2282779236,TRUE,2005-06-28 19:00:00.000,-122.720393,55.36117143,,Kennedy,Summer,radio-transmitter,Rangifer tarandus,car011,KE_car011,Mountain caribou in British Columbia,0.531762646
2282779237,TRUE,2005-07-21 19:00:00.000,-122.7174886,55.36364487,,Kennedy,Summer,radio-transmitter,Rangifer tarandus,car011,KE_car011,Mountain caribou in British Columbia,0.786096818
2282779238,TRUE,2005-08-10 21:55:00.000,-122.7207212,55.36609647,,Kennedy,Summer,radio-transmitter,Rangifer tarandus,car011,KE_car011,Mountain caribou in British Columbia,0.729786602
2282779239,TRUE,2005-08-25 02:10:00.000,-122.7483654,55.37054161,,Kennedy,Summer,radio-transmitter,Rangifer tarandus,car011,KE_car011,Mountain caribou in British Columbia,0.711560986
2282779240,TRUE,2005-09-07 00:20:00.000,-122.6924116,55.36078973,,Kennedy,Summer,radio-transmitter,Rangifer tarandus,car011,KE_car011,Mountain caribou in British Columbia,0.685148684
2282779241,TRUE,2005-10-19 00:36:00.000,-122.8228783,55.11422761,,Kennedy,Summer,radio-transmitter,Rangifer tarandus,car011,KE_car011,Mountain caribou in British Columbia,0.612417083
2282779242,TRUE,2005-11-24 00:50:00.000,-122.8082345,55.06864489,,Kennedy,Winter,radio-transmitter,Rangifer tarandus,car011,KE_car011,Mountain caribou in British Columbia,0.226713346
2282779243,TRUE,2005-12-03 23:35:00.000,-122.8017229,55.1060894,,Kennedy,Winter,radio-transmitter,Rangifer tarandus,car011,KE_car011,Mountain caribou in British Columbia,0.354044896
2282779244,TRUE,2006-01-03 23:49:00.000,-122.8155935,55.10288511,,Kennedy,Winter,radio-transmitter,Rangifer tarandus,car011,KE_car011,Mountain caribou in British Columbia,0.232669412
2282779245,TRUE,2006-01-29 23:48:00.000,-122.8166445,55.09927421,,Kennedy,Winter,radio-transmitter,Rangifer tarandus,car011,KE_car011,Mountain caribou in British Columbia,0.266727141
2282779246,TRUE,2006-02-16 20:00:00.000,-122.6821356,55.1743833,,Kennedy,Winter,radio-transmitter,Rangifer tarandus,car011,KE_car011,Mountain caribou in British Columbia,0.166396208
2282779247,TRUE,2006-03-19 20:00:00.000,-122.6366102,55.29947791,,Kennedy,Winter,radio-transmitter,Rangifer tarandus,car011,KE_car011,Mountain caribou in British Columbia,0.116391765
2282779248,TRUE,2006-04-04 19:00:00.000,-122.6004092,55.24997729,,Kennedy,Summer,radio-transmitter,Rangifer tarandus,car011,KE_car011,Mountain caribou in British Columbia,-0.045943866
2282779249,TRUE,2006-04-24 19:00:00.000,-122.6227957,55.25146833,,Kennedy,Summer,radio-transmitter,Rangifer tarandus,car011,KE_car011,Mountain caribou in British Columbia,-0.006237895
2282779250,TRUE,2006-05-13 19:00:00.000,-122.6162802,55.25665098,,Kennedy,Summer,radio-transmitter,Rangifer tarandus,car011,KE_car011,Mountain caribou in British Columbia,-0.018617204
2282779251,TRUE,2006-05-30 19:00:00.000,-122.7198594,55.36525881,,Kennedy,Summer,radio-transmitter,Rangifer tarandus,car011,KE_car011,Mountain caribou in British Columbia,0.377429615
2282779252,TRUE,2006-06-24 19:00:00.000,-122.8062241,55.39331836,,Kennedy,Summer,radio-transmitter,Rangifer tarandus,car011,KE_car011,Mountain caribou in British Columbia,0.69557545
2282779253,TRUE,2006-07-16 19:00:00.000,-122.7270471,55.37534827,,Kennedy,Summer,radio-transmitter,Rangifer tarandus,car011,KE_car011,Mountain caribou in British Columbia,0.7680334
2282779254,TRUE,2003-03-16 20:00:00.000,-122.4953786,55.31420752,,Kennedy,Winter,radio-transmitter,Rangifer tarandus,car018,KE_car018,Mountain caribou in British Columbia,NaN
2282779255,TRUE,2003-12-05 20:27:00.000,-122.8516335,55.10492928,,Kennedy,Winter,radio-transmitter,Rangifer tarandus,car024,KE_car024,Mountain caribou in British Columbia,0.30831537
2282779256,TRUE,2003-12-10 22:00:00.000,-122.8560614,55.10273295,,Kennedy,Winter,radio-transmitter,Rangifer tarandus,car024,KE_car024,Mountain caribou in British Columbia,0.13327972
2282779257,TRUE,2003-12-19 17:41:00.000,-122.8600372,55.12210298,,Kennedy,Winter,radio-transmitter,Rangifer tarandus,car024,KE_car024,Mountain caribou in British Columbia,0.375988086
2282779258,TRUE,2003-12-28 18:12:00.000,-122.8156067,55.072781,,Kennedy,Winter,radio-transmitter,Rangifer tarandus,car024,KE_car024,Mountain caribou in British Columbia,0.15493423
2282779259,TRUE,2004-01-10 23:12:00.000,-122.8576643,55.11474049,,Kennedy,Winter,radio-transmitter,Rangifer tarandus,car024,KE_car024,Mountain caribou in British Columbia,0.50337693
2282779260,TRUE,2004-01-15 18:36:00.000,-122.8536412,55.12596854,,Kennedy,Winter,radio-transmitter,Rangifer tarandus,car024,KE_car024,Mountain caribou in British Columbia,0.256503553
2282779261,TRUE,2004-01-25 18:32:00.000,-122.6359187,55.17020129,,Kennedy,Winter,radio-transmitter,Rangifer tarandus,car024,KE_car024,Mountain caribou in British Columbia,0.01061988
2282779262,TRUE,2004-02-01 20:35:00.000,-122.5323132,55.22295659,,Kennedy,Winter,radio-transmitter,Rangifer tarandus,car024,KE_car024,Mountain caribou in British Columbia,-0.038829673
2282779263,TRUE,2004-02-12 19:52:00.000,-122.4256368,55.20215619,,Kennedy,Winter,radio-transmitter,Rangifer tarandus,car024,KE_car024,Mountain caribou in British Columbia,-0.023971753
2282779264,TRUE,2004-02-21 20:17:00.000,-122.2884943,55.20607934,,Kennedy,Winter,radio-transmitter,Rangifer tarandus,car024,KE_car024,Mountain caribou in British Columbia,0.017069574
2282779265,TRUE,2004-02-27 17:32:00.000,-122.2767721,55.2077987,,Kennedy,Winter,radio-transmitter,Rangifer tarandus,car024,KE_car024,Mountain caribou in British Columbia,0.015500521
2282779266,TRUE,2004-03-13 18:51:00.000,-122.2427097,55.13871098,,Kennedy,Winter,radio-transmitter,Rangifer tarandus,car024,KE_car024,Mountain caribou in British Columbia,0.090647297
2282779267,TRUE,2004-03-22 20:57:00.000,-122.2542,55.13411784,,Kennedy,Winter,radio-transmitter,Rangifer tarandus,car024,KE_car024,Mountain caribou in British Columbia,0.017458843
2282779268,TRUE,2004-03-28 19:51:00.000,-122.4151241,55.06813725,,Kennedy,Winter,radio-transmitter,Rangifer tarandus,car024,KE_car024,Mountain caribou in British Columbia,0.061056584
2282779269,TRUE,2004-03-29 19:41:00.000,-122.4035249,55.06888978,,Kennedy,Winter,radio-transmitter,Rangifer tarandus,car024,KE_car024,Mountain caribou in British Columbia,0.004709763
2282779270,TRUE,2004-04-15 22:06:00.000,-122.4237724,55.04821949,,Kennedy,Summer,radio-transmitter,Rangifer tarandus,car024,KE_car024,Mountain caribou in British Columbia,0.109193214
2282779271,TRUE,2004-04-28 21:31:00.000,-122.4511861,55.04996371,,Kennedy,Summer,radio-transmitter,Rangifer tarandus,car024,KE_car024,Mountain caribou in British Columbia,0.204123705
2282779272,TRUE,2004-05-11 21:51:00.000,-122.4894595,55.02385373,,Kennedy,Summer,radio-transmitter,Rangifer tarandus,car024,KE_car024,Mountain caribou in British Columbia,0.193632618
2282779273,TRUE,2004-06-04 01:46:00.000,-122.3154437,55.01350052,,Kennedy,Summer,radio-transmitter,Rangifer tarandus,car024,KE_car024,Mountain caribou in British Columbia,0.261933261
2282779274,TRUE,2004-06-17 18:18:00.000,-122.370287,55.02947824,,Kennedy,Summer,radio-transmitter,Rangifer tarandus,car024,KE_car024,Mountain caribou in British Columbia,0.325686615
2282779275,TRUE,2004-06-30 17:03:00.000,-122.374362,55.11933725,,Kennedy,Summer,radio-transmitter,Rangifer tarandus,car024,KE_car024,Mountain caribou in British Columbia,0.596553909
2282779276,TRUE,2004-07-15 00:36:00.000,-122.3695729,55.05602979,,Kennedy,Summer,radio-transmitter,Rangifer tarandus,car024,KE_car024,Mountain caribou in British Columbia,0.801638255
2282779277,TRUE,2004-07-28 19:26:00.000,-122.3264568,55.00954495,,Kennedy,Summer,radio-transmitter,Rangifer tarandus,car024,KE_car024,Mountain caribou in British Columbia,0.774544969
2282779278,TRUE,2004-08-12 01:10:00.000,-122.3110243,55.01860694,,Kennedy,Summer,radio-transmitter,Rangifer tarandus,car024,KE_car024,Mountain caribou in British Columbia,0.812624101
2282779279,TRUE,2004-08-25 22:51:00.000,-122.3583119,55.10821843,,Kennedy,Summer,radio-transmitter,Rangifer tarandus,car024,KE_car024,Mountain caribou in British Columbia,0.716078858
2282779280,TRUE,2004-09-12 21:01:00.000,-122.5314569,55.10577219,,Kennedy,Summer,radio-transmitter,Rangifer tarandus,car024,KE_car024,Mountain caribou in British Columbia,0.62240837
2282779281,TRUE,2004-09-27 21:09:00.000,-122.517529,55.10264449,,Kennedy,Summer,radio-transmitter,Rangifer tarandus,car024,KE_car024,Mountain caribou in British Columbia,0.710213749
2282779282,TRUE,2004-10-14 19:03:00.000,-122.6582095,55.14109645,,Kennedy,Summer,radio-transmitter,Rangifer tarandus,car024,KE_car024,Mountain caribou in British Columbia,0.684005373
2282779283,TRUE,2004-11-06 19:32:00.000,-122.8254017,55.10718601,,Kennedy,Winter,radio-transmitter,Rangifer tarandus,car024,KE_car024,Mountain caribou in British Columbia,0.293193711
2282779284,TRUE,2004-11-22 19:36:00.000,-122.8187628,55.07443922,,Kennedy,Winter,radio-transmitter,Rangifer tarandus,car024,KE_car024,Mountain caribou in British Columbia,0.07921564
2282779285,TRUE,2004-12-12 18:03:00.000,-122.8235826,55.11448025,,Kennedy,Winter,radio-transmitter,Rangifer tarandus,car024,KE_car024,Mountain caribou in British Columbia,0.098552032
2282779286,TRUE,2005-01-02 23:38:00.000,-122.8230374,55.10660748,,Kennedy,Winter,radio-transmitter,Rangifer tarandus,car024,KE_car024,Mountain caribou in British Columbia,0.187425852
2282779287,TRUE,2005-02-07 19:14:00.000,-122.7988182,55.11020035,,Kennedy,Winter,radio-transmitter,Rangifer tarandus,car024,KE_car024,Mountain caribou in British Columbia,0.10629923
2282779288,TRUE,2005-02-14 23:30:00.000,-122.6660666,55.14139681,,Kennedy,Winter,radio-transmitter,Rangifer tarandus,car024,KE_car024,Mountain caribou in British Columbia,0.242057734
2282779289,TRUE,2005-02-15 15:40:00.000,-122.6632116,55.14324012,,Kennedy,Winter,radio-transmitter,Rangifer tarandus,car024,KE_car024,Mountain caribou in British Columbia,0.435117886
2282779290,TRUE,2005-02-21 20:55:00.000,-122.5798012,55.17992367,,Kennedy,Winter,radio-transmitter,Rangifer tarandus,car024,KE_car024,Mountain caribou in British Columbia,0.103838534
2282779291,TRUE,2005-02-28 20:22:00.000,-122.5510376,55.16833674,,Kennedy,Winter,radio-transmitter,Rangifer tarandus,car024,KE_car024,Mountain caribou in British Columbia,0.030427063
2282779292,TRUE,2005-03-12 19:23:00.000,-122.5202968,55.18034216,,Kennedy,Winter,radio-transmitter,Rangifer tarandus,car024,KE_car024,Mountain caribou in British Columbia,0.124946372
2282779293,TRUE,2005-03-14 22:59:00.000,-122.5264151,55.19143713,,Kennedy,Winter,radio-transmitter,Rangifer tarandus,car024,KE_car024,Mountain caribou in British Columbia,0.032125444
2282779294,TRUE,2005-03-23 16:45:00.000,-122.4994591,55.20158281,,Kennedy,Winter,radio-transmitter,Rangifer tarandus,car024,KE_car024,Mountain caribou in British Columbia,0.041050375
2282779295,TRUE,2005-03-25 01:02:00.000,-122.4780232,55.18995461,,Kennedy,Winter,radio-transmitter,Rangifer tarandus,car024,KE_car024,Mountain caribou in British Columbia,0.03574858
2282779296,TRUE,2005-04-14 21:40:00.000,-122.4615038,55.14651487,,Kennedy,Summer,radio-transmitter,Rangifer tarandus,car024,KE_car024,Mountain caribou in British Columbia,0.088649789
2282779297,TRUE,2003-12-05 20:22:00.000,-122.8444463,55.11523655,,Kennedy,Winter,radio-transmitter,Rangifer tarandus,car025,KE_car025,Mountain caribou in British Columbia,0.299762786
2282779298,TRUE,2003-12-10 22:04:00.000,-122.8690739,55.10626126,,Kennedy,Winter,radio-transmitter,Rangifer tarandus,car025,KE_car025,Mountain caribou in British Columbia,0.126112164
2282779299,TRUE,2003-12-19 17:07:00.000,-122.8392457,55.12584257,,Kennedy,Winter,radio-transmitter,Rangifer tarandus,car025,KE_car025,Mountain caribou in British Columbia,0.388286492
2282779300,TRUE,2003-12-28 17:16:00.000,-122.8509674,55.12386252,,Kennedy,Winter,radio-transmitter,Rangifer tarandus,car025,KE_car025,Mountain caribou in British Columbia,0.418843594
2282779301,TRUE,2004-01-11 00:02:00.000,-122.6674343,55.16558253,,Kennedy,Winter,radio-transmitter,Rangifer tarandus,car025,KE_car025,Mountain caribou in British Columbia,0.008110931
2282779302,TRUE,2004-01-16 18:52:00.000,-122.5485259,55.20305929,,Kennedy,Winter,radio-transmitter,Rangifer tarandus,car025,KE_car025,Mountain caribou in British Columbia,-0.030668004
2282779303,TRUE,2004-01-25 17:37:00.000,-122.5444892,55.2194531,,Kennedy,Winter,radio-transmitter,Rangifer tarandus,car025,KE_car025,Mountain caribou in British Columbia,NaN
2282779304,TRUE,2004-02-01 21:17:00.000,-122.5760096,55.25009268,,Kennedy,Winter,radio-transmitter,Rangifer tarandus,car025,KE_car025,Mountain caribou in British Columbia,-0.008762054
2282779305,TRUE,2004-02-04 17:00:00.000,-122.6155487,55.25093351,,Kennedy,Winter,radio-transmitter,Rangifer tarandus,car025,KE_car025,Mountain caribou in British Columbia,NaN
2282779306,TRUE,2004-02-12 19:18:00.000,-122.6169251,55.24849361,,Kennedy,Winter,radio-transmitter,Rangifer tarandus,car025,KE_car025,Mountain caribou in British Columbia,NaN
2282779307,TRUE,2004-02-16 21:00:00.000,-122.6124322,55.25596487,,Kennedy,Winter,radio-transmitter,Rangifer tarandus,car025,KE_car025,Mountain caribou in British Columbia,-0.02368295
2282779308,TRUE,2004-02-21 21:44:00.000,-122.6014529,55.29344644,,Kennedy,Winter,radio-transmitter,Rangifer tarandus,car025,KE_car025,Mountain caribou in British Columbia,0.079416807
2282779309,TRUE,2004-02-26 21:51:00.000,-122.6097459,55.28765924,,Kennedy,Winter,radio-transmitter,Rangifer tarandus,car025,KE_car025,Mountain caribou in British Columbia,0.103137935
2282779310,TRUE,2004-03-06 22:05:00.000,-122.6084473,55.30120606,,Kennedy,Winter,radio-transmitter,Rangifer tarandus,car025,KE_car025,Mountain caribou in British Columbia,0.090215765
2282779311,TRUE,2004-03-13 19:55:00.000,-122.6108299,55.25731667,,Kennedy,Winter,radio-transmitter,Rangifer tarandus,car025,KE_car025,Mountain caribou in British Columbia,-0.013970145
2282779312,TRUE,2004-03-22 21:31:00.000,-122.6190629,55.25687536,,Kennedy,Winter,radio-transmitter,Rangifer tarandus,car025,KE_car025,Mountain caribou in British Columbia,-0.006371289
2282779313,TRUE,2004-03-28 20:18:00.000,-122.5707202,55.24022538,,Kennedy,Winter,radio-transmitter,Rangifer tarandus,car025,KE_car025,Mountain caribou in British Columbia,0.100638098
2282779314,TRUE,2004-03-29 23:05:00.000,-122.6151507,55.24653804,,Kennedy,Winter,radio-transmitter,Rangifer tarandus,car025,KE_car025,Mountain caribou in British Columbia,0.034003029
2282779315,TRUE,2004-04-15 22:43:00.000,-122.4456294,55.21975391,,Kennedy,Summer,radio-transmitter,Rangifer tarandus,car025,KE_car025,Mountain caribou in British Columbia,0.123066017
2282779316,TRUE,2004-04-28 19:46:00.000,-122.4187318,55.28567737,,Kennedy,Summer,radio-transmitter,Rangifer tarandus,car025,KE_car025,Mountain caribou in British Columbia,-0.044595502
2282779317,TRUE,2004-05-11 18:44:00.000,-122.3851944,55.27042533,,Kennedy,Summer,radio-transmitter,Rangifer tarandus,car025,KE_car025,Mountain caribou in British Columbia,0.008904928
2282779318,TRUE,2004-06-04 00:46:00.000,-122.612995,55.44716119,,Kennedy,Summer,radio-transmitter,Rangifer tarandus,car025,KE_car025,Mountain caribou in British Columbia,0.493899379
2282779319,TRUE,2004-06-17 20:27:00.000,-122.5080918,55.32965249,,Kennedy,Summer,radio-transmitter,Rangifer tarandus,car025,KE_car025,Mountain caribou in British Columbia,0.288031562
2282779320,TRUE,2004-06-30 17:36:00.000,-122.4285815,55.37816373,,Kennedy,Summer,radio-transmitter,Rangifer tarandus,car025,KE_car025,Mountain caribou in British Columbia,0.499931963
2282779321,TRUE,2004-07-28 21:03:00.000,-122.5678208,55.43482518,,Kennedy,Summer,radio-transmitter,Rangifer tarandus,car025,KE_car025,Mountain caribou in British Columbia,0.817417305
2282779322,TRUE,2004-08-25 20:53:00.000,-122.6919513,55.36520964,,Kennedy,Summer,radio-transmitter,Rangifer tarandus,car025,KE_car025,Mountain caribou in British Columbia,0.572946807
2282779323,TRUE,2004-09-12 19:11:00.000,-122.8089534,55.393736,,Kennedy,Summer,radio-transmitter,Rangifer tarandus,car025,KE_car025,Mountain caribou in British Columbia,0.467476627
2282779324,TRUE,2004-09-27 19:26:00.000,-122.7679491,55.46440139,,Kennedy,Summer,radio-transmitter,Rangifer tarandus,car025,KE_car025,Mountain caribou in British Columbia,0.680975149
2282779325,TRUE,2004-10-14 20:56:00.000,-122.7105937,55.35296245,,Kennedy,Summer,radio-transmitter,Rangifer tarandus,car025,KE_car025,Mountain caribou in British Columbia,0.453579046
2282779326,TRUE,2004-11-06 19:25:00.000,-122.8411204,55.12368833,,Kennedy,Winter,radio-transmitter,Rangifer tarandus,car025,KE_car025,Mountain caribou in British Columbia,0.62392741
2282779327,TRUE,2004-11-22 19:26:00.000,-122.8134822,55.11539079,,Kennedy,Winter,radio-transmitter,Rangifer tarandus,car025,KE_car025,Mountain caribou in British Columbia,0.055604308
2282779328,TRUE,2004-12-12 17:51:00.000,-122.8154223,55.11283266,,Kennedy,Winter,radio-transmitter,Rangifer tarandus,car025,KE_car025,Mountain caribou in British Columbia,0.142841193
2282779329,TRUE,2005-01-03 00:04:00.000,-122.6837019,55.16495185,,Kennedy,Winter,radio-transmitter,Rangifer tarandus,car025,KE_car025,Mountain caribou in British Columbia,0.015925746
2282779330,TRUE,2005-01-05 19:16:00.000,-122.6633722,55.17633688,,Kennedy,Winter,radio-transmitter,Rangifer tarandus,car025,KE_car025,Mountain caribou in British Columbia,0.064624611
2282779331,TRUE,2005-01-26 22:40:00.000,-122.817013,55.1215068,,Kennedy,Winter,radio-transmitter,Rangifer tarandus,car025,KE_car025,Mountain caribou in British Columbia,0.099050201
2282779332,TRUE,2005-02-07 18:55:00.000,-122.8042698,55.11413623,,Kennedy,Winter,radio-transmitter,Rangifer tarandus,car025,KE_car025,Mountain caribou in British Columbia,0.077153081
2282779333,TRUE,2005-02-14 23:42:00.000,-122.6811092,55.17314951,,Kennedy,Winter,radio-transmitter,Rangifer tarandus,car025,KE_car025,Mountain caribou in British Columbia,0.229845756
2282779334,TRUE,2005-02-15 16:34:00.000,-122.682887,55.17269585,,Kennedy,Winter,radio-transmitter,Rangifer tarandus,car025,KE_car025,Mountain caribou in British Columbia,0.184485991
2282779335,TRUE,2005-02-21 21:00:00.000,-122.5808337,55.18029566,,Kennedy,Winter,radio-transmitter,Rangifer tarandus,car025,KE_car025,Mountain caribou in British Columbia,0.105998409
2282779336,TRUE,2005-02-28 20:33:00.000,-122.5872314,55.22827683,,Kennedy,Winter,radio-transmitter,Rangifer tarandus,car025,KE_car025,Mountain caribou in British Columbia,0.130398485
2282779337,TRUE,2005-03-12 19:30:00.000,-122.5867808,55.23080041,,Kennedy,Winter,radio-transmitter,Rangifer tarandus,car025,KE_car025,Mountain caribou in British Columbia,0.010591616
2282779338,TRUE,2005-03-14 22:53:00.000,-122.5957094,55.23256465,,Kennedy,Winter,radio-transmitter,Rangifer tarandus,car025,KE_car025,Mountain caribou in British Columbia,0.123136265
2282779339,TRUE,2005-03-23 16:33:00.000,-122.5958138,55.2439774,,Kennedy,Winter,radio-transmitter,Rangifer tarandus,car025,KE_car025,Mountain caribou in British Columbia,0.067212462
2282779340,TRUE,2005-04-14 19:35:00.000,-122.5872192,55.24464057,,Kennedy,Summer,radio-transmitter,Rangifer tarandus,car025,KE_car025,Mountain caribou in British Columbia,0.019285374
2282779341,TRUE,2003-12-05 20:40:00.000,-122.8264708,55.12451306,,Kennedy,Winter,radio-transmitter,Rangifer tarandus,car026,KE_car026,Mountain caribou in British Columbia,0.319422457
2282779342,TRUE,2003-12-10 22:52:00.000,-122.798306,55.02511684,,Kennedy,Winter,radio-transmitter,Rangifer tarandus,car026,KE_car026,Mountain caribou in British Columbia,0.289248553
2282779343,TRUE,2003-12-19 17:33:00.000,-122.8262063,55.12404539,,Kennedy,Winter,radio-transmitter,Rangifer tarandus,car026,KE_car026,Mountain caribou in British Columbia,0.404650444
2282779344,TRUE,2003-12-28 18:22:00.000,-122.8246911,55.0618221,,Kennedy,Winter,radio-transmitter,Rangifer tarandus,car026,KE_car026,Mountain caribou in British Columbia,0.318896506
2282779345,TRUE,2004-01-10 23:47:00.000,-122.8405911,55.0597052,,Kennedy,Winter,radio-transmitter,Rangifer tarandus,car026,KE_car026,Mountain caribou in British Columbia,0.111799109
2282779346,TRUE,2004-01-15 19:04:00.000,-122.8509218,55.10243921,,Kennedy,Winter,radio-transmitter,Rangifer tarandus,car026,KE_car026,Mountain caribou in British Columbia,0.400855419
2282779347,TRUE,2004-01-25 18:37:00.000,-122.6629938,55.1876944,,Kennedy,Winter,radio-transmitter,Rangifer tarandus,car026,KE_car026,Mountain caribou in British Columbia,0.012197233
2282779348,TRUE,2004-02-01 21:17:00.000,-122.5760096,55.25009268,,Kennedy,Winter,radio-transmitter,Rangifer tarandus,car026,KE_car026,Mountain caribou in British Columbia,-0.008762054
2282779349,TRUE,2004-02-04 17:40:00.000,-122.5375137,55.22455798,,Kennedy,Winter,radio-transmitter,Rangifer tarandus,car026,KE_car026,Mountain caribou in British Columbia,-0.046932927
2282779350,TRUE,2004-02-12 20:01:00.000,-122.4504484,55.23050527,,Kennedy,Winter,radio-transmitter,Rangifer tarandus,car026,KE_car026,Mountain caribou in British Columbia,0.035364836
2282779351,TRUE,2004-02-21 20:10:00.000,-122.2991736,55.20910666,,Kennedy,Winter,radio-transmitter,Rangifer tarandus,car026,KE_car026,Mountain caribou in British Columbia,0.062810513
2282779352,TRUE,2004-02-27 17:31:00.000,-122.2767721,55.2077987,,Kennedy,Winter,radio-transmitter,Rangifer tarandus,car026,KE_car026,Mountain caribou in British Columbia,0.01550158
2282779353,TRUE,2004-03-06 21:47:00.000,-122.2950651,55.20148952,,Kennedy,Winter,radio-transmitter,Rangifer tarandus,car026,KE_car026,Mountain caribou in British Columbia,0.118888611
2282779354,TRUE,2004-03-13 18:31:00.000,-122.2772502,55.19962394,,Kennedy,Winter,radio-transmitter,Rangifer tarandus,car026,KE_car026,Mountain caribou in British Columbia,0.05348127
2282779355,TRUE,2004-03-22 21:07:00.000,-122.30085,55.19773955,,Kennedy,Winter,radio-transmitter,Rangifer tarandus,car026,KE_car026,Mountain caribou in British Columbia,0.113689246
2282779356,TRUE,2004-03-26 22:26:00.000,-122.2994221,55.20121807,,Kennedy,Winter,radio-transmitter,Rangifer tarandus,car026,KE_car026,Mountain caribou in British Columbia,0.233743215
2282779357,TRUE,2004-03-29 19:52:00.000,-122.3168024,55.18727097,,Kennedy,Winter,radio-transmitter,Rangifer tarandus,car026,KE_car026,Mountain caribou in British Columbia,0.011443323
2282779358,TRUE,2004-04-15 21:35:00.000,-122.3311628,55.26758023,,Kennedy,Summer,radio-transmitter,Rangifer tarandus,car026,KE_car026,Mountain caribou in British Columbia,-0.014290517
2282779359,TRUE,2004-04-28 19:33:00.000,-122.3267459,55.27842031,,Kennedy,Summer,radio-transmitter,Rangifer tarandus,car026,KE_car026,Mountain caribou in British Columbia,0.021681763
2282779360,TRUE,2004-05-11 18:32:00.000,-122.3334897,55.26771876,,Kennedy,Summer,radio-transmitter,Rangifer tarandus,car026,KE_car026,Mountain caribou in British Columbia,-0.008382813
2282779361,TRUE,2004-06-03 22:30:00.000,-122.357764,55.33752763,,Kennedy,Summer,radio-transmitter,Rangifer tarandus,car026,KE_car026,Mountain caribou in British Columbia,0.627563953
2282779362,TRUE,2004-06-17 20:36:00.000,-122.4669522,55.34020033,,Kennedy,Summer,radio-transmitter,Rangifer tarandus,car026,KE_car026,Mountain caribou in British Columbia,0.396341193
2282779363,TRUE,2004-06-30 17:43:00.000,-122.5200478,55.3746211,,Kennedy,Summer,radio-transmitter,Rangifer tarandus,car026,KE_car026,Mountain caribou in British Columbia,0.737143106
2282779364,TRUE,2004-07-14 23:12:00.000,-122.5917503,55.3043684,,Kennedy,Summer,radio-transmitter,Rangifer tarandus,car026,KE_car026,Mountain caribou in British Columbia,0.761266394
2282779365,TRUE,2004-07-28 20:50:00.000,-122.5980274,55.29581652,,Kennedy,Summer,radio-transmitter,Rangifer tarandus,car026,KE_car026,Mountain caribou in British Columbia,0.760523315
2282779366,TRUE,2004-08-12 00:25:00.000,-122.610095,55.30665687,,Kennedy,Summer,radio-transmitter,Rangifer tarandus,car026,KE_car026,Mountain caribou in British Columbia,0.766892423
2282779367,TRUE,2004-08-25 22:25:00.000,-122.6185548,55.30333179,,Kennedy,Summer,radio-transmitter,Rangifer tarandus,car026,KE_car026,Mountain caribou in British Columbia,0.777423594
2282779368,TRUE,2004-09-12 20:36:00.000,-122.5405513,55.26108023,,Kennedy,Summer,radio-transmitter,Rangifer tarandus,car026,KE_car026,Mountain caribou in British Columbia,0.620194103
2282779369,TRUE,2004-09-27 20:40:00.000,-122.5533551,55.24606697,,Kennedy,Summer,radio-transmitter,Rangifer tarandus,car026,KE_car026,Mountain caribou in British Columbia,0.704941478
2282779370,TRUE,2004-10-14 19:40:00.000,-122.58924,55.30338949,,Kennedy,Summer,radio-transmitter,Rangifer tarandus,car026,KE_car026,Mountain caribou in British Columbia,0.614558924
2282779371,TRUE,2004-11-06 19:42:00.000,-122.8445274,55.10242223,,Kennedy,Winter,radio-transmitter,Rangifer tarandus,car026,KE_car026,Mountain caribou in British Columbia,0.340725864
2282779372,TRUE,2004-11-22 18:55:00.000,-122.8036555,55.10512201,,Kennedy,Winter,radio-transmitter,Rangifer tarandus,car026,KE_car026,Mountain caribou in British Columbia,0.07252862
2282779373,TRUE,2004-12-12 20:00:00.000,-122.8183954,55.12441143,,Kennedy,Winter,radio-transmitter,Rangifer tarandus,car026,KE_car026,Mountain caribou in British Columbia,0.296325314
2282779374,TRUE,2005-01-02 23:42:00.000,-122.8043669,55.12954782,,Kennedy,Winter,radio-transmitter,Rangifer tarandus,car026,KE_car026,Mountain caribou in British Columbia,0.396689083
2282779375,TRUE,2005-02-07 18:55:00.000,-122.8042698,55.11413623,,Kennedy,Winter,radio-transmitter,Rangifer tarandus,car026,KE_car026,Mountain caribou in British Columbia,0.077153081
2282779376,TRUE,2005-02-14 23:30:00.000,-122.6660666,55.14139681,,Kennedy,Winter,radio-transmitter,Rangifer tarandus,car026,KE_car026,Mountain caribou in British Columbia,0.242057734
2282779377,TRUE,2005-02-15 15:40:00.000,-122.6632116,55.14324012,,Kennedy,Winter,radio-transmitter,Rangifer tarandus,car026,KE_car026,Mountain caribou in British Columbia,0.435117886
2282779378,TRUE,2005-02-21 20:45:00.000,-122.6191631,55.11794883,,Kennedy,Winter,radio-transmitter,Rangifer tarandus,car026,KE_car026,Mountain caribou in British Columbia,0.133346691
2282779379,TRUE,2005-02-28 20:15:00.000,-122.6106019,55.13412409,,Kennedy,Winter,radio-transmitter,Rangifer tarandus,car026,KE_car026,Mountain caribou in British Columbia,0.077529085
2282779380,TRUE,2005-03-12 19:09:00.000,-122.6310613,55.11306094,,Kennedy,Winter,radio-transmitter,Rangifer tarandus,car026,KE_car026,Mountain caribou in British Columbia,0.237415111
2282779381,TRUE,2005-03-14 23:12:00.000,-122.5279729,55.19386946,,Kennedy,Winter,radio-transmitter,Rangifer tarandus,car026,KE_car026,Mountain caribou in British Columbia,0.026344668
2282779382,TRUE,2005-03-23 19:03:00.000,-122.4102103,55.21153615,,Kennedy,Winter,radio-transmitter,Rangifer tarandus,car026,KE_car026,Mountain caribou in British Columbia,0.122475316
2282779383,TRUE,2005-04-14 19:50:00.000,-122.423303,55.21252433,,Kennedy,Summer,radio-transmitter,Rangifer tarandus,car026,KE_car026,Mountain caribou in British Columbia,0.046163342
2282779384,TRUE,2005-05-03 00:00:00.000,-122.5239163,55.24026745,,Kennedy,Summer,radio-transmitter,Rangifer tarandus,car026,KE_car026,Mountain caribou in British Columbia,0.287109841
2282779385,TRUE,2005-05-18 23:37:00.000,-122.3341121,55.24179681,,Kennedy,Summer,radio-transmitter,Rangifer tarandus,car026,KE_car026,Mountain caribou in British Columbia,-0.018887801
2282779386,TRUE,2005-06-08 21:06:00.000,-122.5621063,55.36423842,,Kennedy,Summer,radio-transmitter,Rangifer tarandus,car026,KE_car026,Mountain caribou in British Columbia,0.323865748
2282779387,TRUE,2005-06-28 19:00:00.000,-122.5274553,55.33698962,,Kennedy,Summer,radio-transmitter,Rangifer tarandus,car026,KE_car026,Mountain caribou in British Columbia,0.451635358
2282779388,TRUE,2005-07-21 19:00:00.000,-122.7147548,55.30942622,,Kennedy,Summer,radio-transmitter,Rangifer tarandus,car026,KE_car026,Mountain caribou in British Columbia,0.592605408
2282779389,TRUE,2005-08-10 20:49:00.000,-122.7313077,55.33343834,,Kennedy,Summer,radio-transmitter,Rangifer tarandus,car026,KE_car026,Mountain caribou in British Columbia,0.747623688
2282779390,TRUE,2005-08-25 01:55:00.000,-122.7038625,55.32927731,,Kennedy,Summer,radio-transmitter,Rangifer tarandus,car026,KE_car026,Mountain caribou in British Columbia,0.752036932
2282779391,TRUE,2005-09-07 00:25:00.000,-122.6687824,55.34741081,,Kennedy,Summer,radio-transmitter,Rangifer tarandus,car026,KE_car026,Mountain caribou in British Columbia,0.692923748
2282779392,TRUE,2005-10-19 00:26:00.000,-122.8174093,55.12400557,,Kennedy,Summer,radio-transmitter,Rangifer tarandus,car026,KE_car026,Mountain caribou in British Columbia,0.617648659
2282779393,TRUE,2005-11-24 00:39:00.000,-122.8222859,55.1134719,,Kennedy,Winter,radio-transmitter,Rangifer tarandus,car026,KE_car026,Mountain caribou in British Columbia,0.539338621
2282779394,TRUE,2005-12-03 23:55:00.000,-122.8580225,55.12867858,,Kennedy,Winter,radio-transmitter,Rangifer tarandus,car026,KE_car026,Mountain caribou in British Columbia,0.407688562
2282779395,TRUE,2006-01-03 23:56:00.000,-122.8202029,55.1060372,,Kennedy,Winter,radio-transmitter,Rangifer tarandus,car026,KE_car026,Mountain caribou in British Columbia,0.205414904
2282779396,TRUE,2006-01-29 23:59:00.000,-122.8185228,55.1308907,,Kennedy,Winter,radio-transmitter,Rangifer tarandus,car026,KE_car026,Mountain caribou in British Columbia,0.254637157
2282779397,TRUE,2006-02-16 20:00:00.000,-122.6305833,55.16315801,,Kennedy,Winter,radio-transmitter,Rangifer tarandus,car026,KE_car026,Mountain caribou in British Columbia,0.036552479
2282779398,TRUE,2006-03-19 20:00:00.000,-122.6582391,55.18168737,,Kennedy,Winter,radio-transmitter,Rangifer tarandus,car026,KE_car026,Mountain caribou in British Columbia,0.139088838
2282779399,TRUE,2006-04-04 19:00:00.000,-122.6713586,55.28193674,,Kennedy,Summer,radio-transmitter,Rangifer tarandus,car026,KE_car026,Mountain caribou in British Columbia,0.193497769
2282779400,TRUE,2006-04-24 19:00:00.000,-122.6941074,55.38021255,,Kennedy,Summer,radio-transmitter,Rangifer tarandus,car026,KE_car026,Mountain caribou in British Columbia,0.23094649
2282779401,TRUE,2006-05-13 19:00:00.000,-122.7247216,55.32616302,,Kennedy,Summer,radio-transmitter,Rangifer tarandus,car026,KE_car026,Mountain caribou in British Columbia,0.235817308
2282779402,TRUE,2006-05-30 19:00:00.000,-122.8207118,55.32816571,,Kennedy,Summer,radio-transmitter,Rangifer tarandus,car026,KE_car026,Mountain caribou in British Columbia,0.556114245
2282779403,TRUE,2006-06-24 19:00:00.000,-122.7241633,55.39290921,,Kennedy,Summer,radio-transmitter,Rangifer tarandus,car026,KE_car026,Mountain caribou in British Columbia,0.609976488
2282779404,TRUE,2006-07-16 19:00:00.000,-122.7295738,55.33341654,,Kennedy,Summer,radio-transmitter,Rangifer tarandus,car026,KE_car026,Mountain caribou in British Columbia,0.749220379
2282779405,TRUE,2006-08-16 19:00:00.000,-122.7215141,55.3070785,,Kennedy,Summer,radio-transmitter,Rangifer tarandus,car026,KE_car026,Mountain caribou in British Columbia,0.753363968
2282779406,TRUE,2006-09-02 21:33:00.000,-122.5450177,55.26542827,,Kennedy,Summer,radio-transmitter,Rangifer tarandus,car026,KE_car026,Mountain caribou in British Columbia,0.754268939
2282779407,TRUE,2006-10-04 19:58:00.000,-122.6137996,55.13434095,,Kennedy,Summer,radio-transmitter,Rangifer tarandus,car026,KE_car026,Mountain caribou in British Columbia,0.571445864
2282779408,TRUE,2006-12-16 21:15:00.000,-122.6209097,55.28268916,,Kennedy,Winter,radio-transmitter,Rangifer tarandus,car026,KE_car026,Mountain caribou in British Columbia,-0.01897118
2282779409,TRUE,2007-01-27 23:40:00.000,-122.6326378,55.26403396,,Kennedy,Winter,radio-transmitter,Rangifer tarandus,car026,KE_car026,Mountain caribou in British Columbia,0.005652402
2282779410,TRUE,2007-02-12 23:45:00.000,-122.63817,55.25614271,,Kennedy,Winter,radio-transmitter,Rangifer tarandus,car026,KE_car026,Mountain caribou in British Columbia,0.00818361
2282779411,TRUE,2007-03-15 21:40:00.000,-122.6152637,55.29996967,,Kennedy,Winter,radio-transmitter,Rangifer tarandus,car026,KE_car026,Mountain caribou in British Columbia,0.112595635
2282779412,TRUE,2007-03-18 23:51:00.000,-122.6132248,55.29584762,,Kennedy,Winter,radio-transmitter,Rangifer tarandus,car026,KE_car026,Mountain caribou in British Columbia,0.099019753
2282779413,TRUE,2007-03-22 19:00:00.000,-122.6420897,55.28740785,,Kennedy,Winter,radio-transmitter,Rangifer tarandus,car026,KE_car026,Mountain caribou in British Columbia,0.16099207
2282779414,TRUE,2007-04-02 19:00:00.000,-122.6461082,55.28702417,,Kennedy,Summer,radio-transmitter,Rangifer tarandus,car026,KE_car026,Mountain caribou in British Columbia,0.209598136
2282779415,TRUE,2007-04-30 19:00:00.000,-122.7370031,55.38982838,,Kennedy,Summer,radio-transmitter,Rangifer tarandus,car026,KE_car026,Mountain caribou in British Columbia,0.012733262
2282779416,TRUE,2007-05-14 22:21:00.000,-122.8546191,55.37441631,,Kennedy,Summer,radio-transmitter,Rangifer tarandus,car026,KE_car026,Mountain caribou in British Columbia,0.060989527
2282779417,TRUE,2007-05-29 20:38:00.000,-122.9069772,55.34071633,,Kennedy,Summer,radio-transmitter,Rangifer tarandus,car026,KE_car026,Mountain caribou in British Columbia,0.163252092
2282779418,TRUE,2007-06-25 01:49:00.000,-122.7456652,55.40284026,,Kennedy,Summer,radio-transmitter,Rangifer tarandus,car026,KE_car026,Mountain caribou in British Columbia,0.287803075
2282779419,TRUE,2007-07-07 21:27:00.000,-122.7354922,55.34656696,,Kennedy,Summer,radio-transmitter,Rangifer tarandus,car026,KE_car026,Mountain caribou in British Columbia,0.45612697
2282779420,TRUE,2007-07-28 02:39:00.000,-122.7284728,55.33305466,,Kennedy,Summer,radio-transmitter,Rangifer tarandus,car026,KE_car026,Mountain caribou in British Columbia,0.671994957
2282779421,TRUE,2007-09-02 02:47:00.000,-122.7466619,55.31609227,,Kennedy,Summer,radio-transmitter,Rangifer tarandus,car026,KE_car026,Mountain caribou in British Columbia,0.720286183
2282779422,TRUE,2007-09-16 00:20:00.000,-122.7480565,55.31979737,,Kennedy,Summer,radio-transmitter,Rangifer tarandus,car026,KE_car026,Mountain caribou in British Columbia,0.698282595
2282779423,TRUE,2007-10-12 19:00:00.000,-122.8521466,55.12726076,,Kennedy,Summer,radio-transmitter,Rangifer tarandus,car026,KE_car026,Mountain caribou in British Columbia,0.566345991
2282779424,TRUE,2007-12-21 20:00:00.000,-122.9929593,55.1231986,,Kennedy,Winter,radio-transmitter,Rangifer tarandus,car026,KE_car026,Mountain caribou in British Columbia,0.030300903
2282779425,TRUE,2015-01-06 22:35:00.000,-122.9933354,55.12493296,,Kennedy,Winter,radio-transmitter,Rangifer tarandus,car026,KE_car026,Mountain caribou in British Columbia,0.002020862
2282779426,TRUE,2015-01-23 17:13:00.000,-122.8834404,55.19466416,,Kennedy,Winter,radio-transmitter,Rangifer tarandus,car026,KE_car026,Mountain caribou in British Columbia,0.150658907
2282779427,TRUE,2015-02-17 20:20:00.000,-122.7314184,55.30773868,,Kennedy,Winter,radio-transmitter,Rangifer tarandus,car026,KE_car026,Mountain caribou in British Columbia,0.052674018
2282779428,TRUE,2015-03-04 22:12:00.000,-122.8069622,55.28062686,,Kennedy,Winter,radio-transmitter,Rangifer tarandus,car026,KE_car026,Mountain caribou in British Columbia,0.098629363
2282779429,TRUE,2015-03-22 19:46:00.000,-122.8184066,55.2773106,,Kennedy,Winter,radio-transmitter,Rangifer tarandus,car026,KE_car026,Mountain caribou in British Columbia,0.116421601
2282779430,TRUE,2003-12-05 20:11:00.000,-122.8519705,55.0985674,,Kennedy,Winter,radio-transmitter,Rangifer tarandus,car027,KE_car027,Mountain caribou in British Columbia,0.232253435
2282779431,TRUE,2003-12-10 22:13:00.000,-122.8556123,55.11860217,,Kennedy,Winter,radio-transmitter,Rangifer tarandus,car027,KE_car027,Mountain caribou in British Columbia,0.338567488
2282779432,TRUE,2003-12-19 17:15:00.000,-122.8403636,55.12864775,,Kennedy,Winter,radio-transmitter,Rangifer tarandus,car027,KE_car027,Mountain caribou in British Columbia,0.395737998
2282779433,TRUE,2003-12-28 18:01:00.000,-122.8655539,55.11359921,,Kennedy,Winter,radio-transmitter,Rangifer tarandus,car027,KE_car027,Mountain caribou in British Columbia,0.493893038
2282779434,TRUE,2004-01-10 23:30:00.000,-122.8341311,55.13019404,,Kennedy,Winter,radio-transmitter,Rangifer tarandus,car027,KE_car027,Mountain caribou in British Columbia,0.424332506
2282779435,TRUE,2004-01-15 19:13:00.000,-122.8355571,55.12667337,,Kennedy,Winter,radio-transmitter,Rangifer tarandus,car027,KE_car027,Mountain caribou in British Columbia,0.405430463
2282779436,TRUE,2004-01-25 18:01:00.000,-122.6498557,55.17245272,,Kennedy,Winter,radio-transmitter,Rangifer tarandus,car027,KE_car027,Mountain caribou in British Columbia,0.020326461
2282779437,TRUE,2004-02-01 20:57:00.000,-122.6372121,55.11591908,,Kennedy,Winter,radio-transmitter,Rangifer tarandus,car027,KE_car027,Mountain caribou in British Columbia,0.008793416
2282779438,TRUE,2004-02-12 19:10:00.000,-122.6338473,55.16668147,,Kennedy,Winter,radio-transmitter,Rangifer tarandus,car027,KE_car027,Mountain caribou in British Columbia,0.013097633
2282779439,TRUE,2004-02-21 21:30:00.000,-122.5542342,55.22231974,,Kennedy,Winter,radio-transmitter,Rangifer tarandus,car027,KE_car027,Mountain caribou in British Columbia,NaN
2282779440,TRUE,2004-02-26 21:40:00.000,-122.6292981,55.29483711,,Kennedy,Winter,radio-transmitter,Rangifer tarandus,car027,KE_car027,Mountain caribou in British Columbia,0.067497646
2282779441,TRUE,2004-03-06 22:16:00.000,-122.6282946,55.2943578,,Kennedy,Winter,radio-transmitter,Rangifer tarandus,car027,KE_car027,Mountain caribou in British Columbia,0.097168599
2282779442,TRUE,2004-03-13 19:49:00.000,-122.6214253,55.25166178,,Kennedy,Winter,radio-transmitter,Rangifer tarandus,car027,KE_car027,Mountain caribou in British Columbia,-0.008553771
2282779443,TRUE,2004-03-23 21:37:00.000,-122.6266183,55.28671453,,Kennedy,Winter,radio-transmitter,Rangifer tarandus,car027,KE_car027,Mountain caribou in British Columbia,0.088734066
2282779444,TRUE,2004-03-28 20:25:00.000,-122.6296662,55.26544478,,Kennedy,Winter,radio-transmitter,Rangifer tarandus,car027,KE_car027,Mountain caribou in British Columbia,0.131988995
2282779445,TRUE,2004-03-29 23:19:00.000,-122.623747,55.26067304,,Kennedy,Winter,radio-transmitter,Rangifer tarandus,car027,KE_car027,Mountain caribou in British Columbia,0.010694062
2282779446,TRUE,2004-04-15 22:32:00.000,-122.6149872,55.25695244,,Kennedy,Summer,radio-transmitter,Rangifer tarandus,car027,KE_car027,Mountain caribou in British Columbia,-0.010116178
2282779447,TRUE,2004-04-28 19:55:00.000,-122.7433275,55.28831855,,Kennedy,Summer,radio-transmitter,Rangifer tarandus,car027,KE_car027,Mountain caribou in British Columbia,-0.036523029
2282779448,TRUE,2004-05-11 19:01:00.000,-122.7424393,55.28930515,,Kennedy,Summer,radio-transmitter,Rangifer tarandus,car027,KE_car027,Mountain caribou in British Columbia,-0.03823551
2282779449,TRUE,2004-06-03 23:07:00.000,-122.7648746,55.35373488,,Kennedy,Summer,radio-transmitter,Rangifer tarandus,car027,KE_car027,Mountain caribou in British Columbia,0.336406011
2282779450,TRUE,2004-06-17 23:10:00.000,-122.76178,55.23071933,,Kennedy,Summer,radio-transmitter,Rangifer tarandus,car027,KE_car027,Mountain caribou in British Columbia,0.686434155
2282779451,TRUE,2004-06-30 18:20:00.000,-122.7859463,55.33023943,,Kennedy,Summer,radio-transmitter,Rangifer tarandus,car027,KE_car027,Mountain caribou in British Columbia,0.732405362
2282779452,TRUE,2004-07-14 23:32:00.000,-122.8220933,55.2272996,,Kennedy,Summer,radio-transmitter,Rangifer tarandus,car027,KE_car027,Mountain caribou in British Columbia,0.787761356
2282779453,TRUE,2004-07-28 19:57:00.000,-122.8061571,55.28110184,,Kennedy,Summer,radio-transmitter,Rangifer tarandus,car027,KE_car027,Mountain caribou in British Columbia,0.742629609
2282779454,TRUE,2004-08-11 22:50:00.000,-122.8158786,55.27933766,,Kennedy,Summer,radio-transmitter,Rangifer tarandus,car027,KE_car027,Mountain caribou in British Columbia,0.733307381
2282779455,TRUE,2004-08-25 19:41:00.000,-122.7869335,55.27841894,,Kennedy,Summer,radio-transmitter,Rangifer tarandus,car027,KE_car027,Mountain caribou in British Columbia,0.65322594
2282779456,TRUE,2004-09-12 21:18:00.000,-122.6593555,55.16310699,,Kennedy,Summer,radio-transmitter,Rangifer tarandus,car027,KE_car027,Mountain caribou in British Columbia,0.623491587
2282779457,TRUE,2004-09-27 20:57:00.000,-122.6404416,55.12815901,,Kennedy,Summer,radio-transmitter,Rangifer tarandus,car027,KE_car027,Mountain caribou in British Columbia,0.684530161
2282779458,TRUE,2004-10-14 19:16:00.000,-122.8380794,55.11567757,,Kennedy,Summer,radio-transmitter,Rangifer tarandus,car027,KE_car027,Mountain caribou in British Columbia,0.679063014
2282779459,TRUE,2004-11-06 18:58:00.000,-122.8203039,55.10098705,,Kennedy,Winter,radio-transmitter,Rangifer tarandus,car027,KE_car027,Mountain caribou in British Columbia,0.507315383
2282779460,TRUE,2004-11-22 19:15:00.000,-122.8081912,55.10714216,,Kennedy,Winter,radio-transmitter,Rangifer tarandus,car027,KE_car027,Mountain caribou in British Columbia,0.045274659
2282779461,TRUE,2003-12-05 20:30:00.000,-122.8584638,55.11919861,,Kennedy,Winter,radio-transmitter,Rangifer tarandus,car028,KE_car028,Mountain caribou in British Columbia,0.340917927
2282779462,TRUE,2003-12-10 22:23:00.000,-122.8265565,55.12284174,,Kennedy,Winter,radio-transmitter,Rangifer tarandus,car028,KE_car028,Mountain caribou in British Columbia,0.290640545
2282779463,TRUE,2003-12-19 16:35:00.000,-122.8679902,55.12118627,,Kennedy,Winter,radio-transmitter,Rangifer tarandus,car028,KE_car028,Mountain caribou in British Columbia,0.350255285
2282779464,TRUE,2003-12-28 17:54:00.000,-122.8498992,55.12438241,,Kennedy,Winter,radio-transmitter,Rangifer tarandus,car028,KE_car028,Mountain caribou in British Columbia,0.397135824
2282779465,TRUE,2004-01-10 23:21:00.000,-122.8356054,55.11872959,,Kennedy,Winter,radio-transmitter,Rangifer tarandus,car028,KE_car028,Mountain caribou in British Columbia,0.438060703
2282779466,TRUE,2004-01-15 18:39:00.000,-122.8536412,55.12596854,,Kennedy,Winter,radio-transmitter,Rangifer tarandus,car028,KE_car028,Mountain caribou in British Columbia,0.256515966
2282779467,TRUE,2004-01-25 18:08:00.000,-122.6359187,55.17020129,,Kennedy,Winter,radio-transmitter,Rangifer tarandus,car028,KE_car028,Mountain caribou in British Columbia,0.010581805
2282779468,TRUE,2004-02-01 20:30:00.000,-122.5323132,55.22295659,,Kennedy,Winter,radio-transmitter,Rangifer tarandus,car028,KE_car028,Mountain caribou in British Columbia,-0.038830811
2282779469,TRUE,2004-02-12 19:52:00.000,-122.4256368,55.20215619,,Kennedy,Winter,radio-transmitter,Rangifer tarandus,car028,KE_car028,Mountain caribou in British Columbia,-0.023971753
2282779470,TRUE,2004-02-21 20:10:00.000,-122.2991736,55.20910666,,Kennedy,Winter,radio-transmitter,Rangifer tarandus,car028,KE_car028,Mountain caribou in British Columbia,0.062810513
2282779471,TRUE,2004-02-27 17:33:00.000,-122.2767721,55.2077987,,Kennedy,Winter,radio-transmitter,Rangifer tarandus,car028,KE_car028,Mountain caribou in British Columbia,0.015499463
2282779472,TRUE,2004-03-28 20:11:00.000,-122.5869298,55.26344755,,Kennedy,Winter,radio-transmitter,Rangifer tarandus,car039,KE_car039,Mountain caribou in British Columbia,0.134859208
2282779473,TRUE,2004-03-29 23:13:00.000,-122.6144839,55.25855936,,Kennedy,Winter,radio-transmitter,Rangifer tarandus,car039,KE_car039,Mountain caribou in British Columbia,-0.007976434
2282779474,TRUE,2004-04-15 22:26:00.000,-122.6339258,55.25914939,,Kennedy,Summer,radio-transmitter,Rangifer tarandus,car039,KE_car039,Mountain caribou in British Columbia,0.024306799
2282779475,TRUE,2004-04-28 21:12:00.000,-122.5862027,55.23044799,,Kennedy,Summer,radio-transmitter,Rangifer tarandus,car039,KE_car039,Mountain caribou in British Columbia,0.008568495
2282779476,TRUE,2004-05-11 21:28:00.000,-122.477402,55.28415428,,Kennedy,Summer,radio-transmitter,Rangifer tarandus,car039,KE_car039,Mountain caribou in British Columbia,0.091797559
2282779477,TRUE,2004-06-03 22:42:00.000,-122.3158677,55.26286756,,Kennedy,Summer,radio-transmitter,Rangifer tarandus,car039,KE_car039,Mountain caribou in British Columbia,0.30971447
2282779478,TRUE,2004-06-17 20:49:00.000,-122.4495069,55.28841697,,Kennedy,Summer,radio-transmitter,Rangifer tarandus,car039,KE_car039,Mountain caribou in British Columbia,0.521624298
2282779479,TRUE,2004-06-30 17:16:00.000,-122.4589029,55.19724902,,Kennedy,Summer,radio-transmitter,Rangifer tarandus,car039,KE_car039,Mountain caribou in British Columbia,0.736337993
2282779480,TRUE,2004-07-15 00:12:00.000,-122.5888386,55.17914571,,Kennedy,Summer,radio-transmitter,Rangifer tarandus,car039,KE_car039,Mountain caribou in British Columbia,0.772209905
2282779481,TRUE,2004-07-28 22:38:00.000,-122.4755049,55.19990957,,Kennedy,Summer,radio-transmitter,Rangifer tarandus,car039,KE_car039,Mountain caribou in British Columbia,0.807835075
2282779482,TRUE,2004-08-12 00:36:00.000,-122.5100098,55.1970786,,Kennedy,Summer,radio-transmitter,Rangifer tarandus,car039,KE_car039,Mountain caribou in British Columbia,0.791166406
2282779483,TRUE,2004-08-25 19:18:00.000,-122.4760303,55.15868275,,Kennedy,Summer,radio-transmitter,Rangifer tarandus,car039,KE_car039,Mountain caribou in British Columbia,0.650543741
2282779484,TRUE,2004-09-12 21:12:00.000,-122.6398282,55.15100031,,Kennedy,Summer,radio-transmitter,Rangifer tarandus,car039,KE_car039,Mountain caribou in British Columbia,0.634426259
2282779485,TRUE,2004-09-27 21:01:00.000,-122.6404416,55.12815901,,Kennedy,Summer,radio-transmitter,Rangifer tarandus,car039,KE_car039,Mountain caribou in British Columbia,0.68452961
2282779486,TRUE,2004-10-14 18:56:00.000,-122.6669531,55.15928187,,Kennedy,Summer,radio-transmitter,Rangifer tarandus,car039,KE_car039,Mountain caribou in British Columbia,0.654444466
2282779487,TRUE,2004-11-06 19:25:00.000,-122.8443277,55.12557958,,Kennedy,Winter,radio-transmitter,Rangifer tarandus,car039,KE_car039,Mountain caribou in British Columbia,0.626558169
2282779488,TRUE,2004-11-22 19:23:00.000,-122.8113967,55.10547572,,Kennedy,Winter,radio-transmitter,Rangifer tarandus,car039,KE_car039,Mountain caribou in British Columbia,0.042108624
2282779489,TRUE,2004-12-12 17:58:00.000,-122.8202546,55.11545488,,Kennedy,Winter,radio-transmitter,Rangifer tarandus,car039,KE_car039,Mountain caribou in British Columbia,0.171963345
2282779490,TRUE,2005-01-02 23:33:00.000,-122.8085595,55.11536518,,Kennedy,Winter,radio-transmitter,Rangifer tarandus,car039,KE_car039,Mountain caribou in British Columbia,0.178092372
2282779491,TRUE,2005-02-07 18:55:00.000,-122.8042698,55.11413623,,Kennedy,Winter,radio-transmitter,Rangifer tarandus,car039,KE_car039,Mountain caribou in British Columbia,0.077153081
2282779492,TRUE,2005-02-14 20:56:00.000,-122.7921165,55.10876029,,Kennedy,Winter,radio-transmitter,Rangifer tarandus,car039,KE_car039,Mountain caribou in British Columbia,0.201939214
2282779493,TRUE,2005-02-15 15:30:00.000,-122.7881078,55.116859,,Kennedy,Winter,radio-transmitter,Rangifer tarandus,car039,KE_car039,Mountain caribou in British Columbia,0.232426801
2282779494,TRUE,2005-02-21 20:32:00.000,-122.800293,55.10995116,,Kennedy,Winter,radio-transmitter,Rangifer tarandus,car039,KE_car039,Mountain caribou in British Columbia,0.17747166
2282779495,TRUE,2005-02-28 20:50:00.000,-122.8086235,55.11509569,,Kennedy,Winter,radio-transmitter,Rangifer tarandus,car039,KE_car039,Mountain caribou in British Columbia,0.191823075
2282779496,TRUE,2005-03-12 19:48:00.000,-122.818134,55.1094579,,Kennedy,Winter,radio-transmitter,Rangifer tarandus,car039,KE_car039,Mountain caribou in British Columbia,0.328338487
2282779497,TRUE,2005-03-14 23:18:00.000,-122.8165739,55.10441426,,Kennedy,Winter,radio-transmitter,Rangifer tarandus,car039,KE_car039,Mountain caribou in British Columbia,0.381841263
2282779498,TRUE,2005-03-22 22:26:00.000,-122.8160274,55.10736992,,Kennedy,Winter,radio-transmitter,Rangifer tarandus,car039,KE_car039,Mountain caribou in British Columbia,0.344394126
2282779499,TRUE,2005-03-23 19:27:00.000,-122.8082845,55.11712606,,Kennedy,Winter,radio-transmitter,Rangifer tarandus,car039,KE_car039,Mountain caribou in British Columbia,0.388971835
2282779500,TRUE,2005-04-14 21:20:00.000,-122.7904227,55.12090682,,Kennedy,Summer,radio-transmitter,Rangifer tarandus,car039,KE_car039,Mountain caribou in British Columbia,0.520341772
2282779501,TRUE,2005-04-18 20:25:00.000,-122.8292429,55.11797498,,Kennedy,Summer,radio-transmitter,Rangifer tarandus,car039,KE_car039,Mountain caribou in British Columbia,0.517174044
2282779502,TRUE,2005-05-02 23:33:00.000,-122.5996787,55.40704139,,Kennedy,Summer,radio-transmitter,Rangifer tarandus,car039,KE_car039,Mountain caribou in British Columbia,-0.007586834
2282779503,TRUE,2005-05-18 23:46:00.000,-122.3027821,55.25439137,,Kennedy,Summer,radio-transmitter,Rangifer tarandus,car039,KE_car039,Mountain caribou in British Columbia,0.297155024
2282779504,TRUE,2005-06-09 00:05:00.000,-122.3171205,55.25405007,,Kennedy,Summer,radio-transmitter,Rangifer tarandus,car039,KE_car039,Mountain caribou in British Columbia,0.393845725
2282779505,TRUE,2005-06-28 19:00:00.000,-122.3058247,55.22695558,,Kennedy,Summer,radio-transmitter,Rangifer tarandus,car039,KE_car039,Mountain caribou in British Columbia,0.265394341
2282779506,TRUE,2005-07-21 19:00:00.000,-122.374553,55.26052239,,Kennedy,Summer,radio-transmitter,Rangifer tarandus,car039,KE_car039,Mountain caribou in British Columbia,0.621431342
2282779507,TRUE,2005-08-10 23:15:00.000,-122.4371179,55.14341225,,Kennedy,Summer,radio-transmitter,Rangifer tarandus,car039,KE_car039,Mountain caribou in British Columbia,0.811795705
2282779508,TRUE,2005-08-25 02:25:00.000,-122.4474388,55.16288793,,Kennedy,Summer,radio-transmitter,Rangifer tarandus,car039,KE_car039,Mountain caribou in British Columbia,0.722063614
2282779509,TRUE,2005-09-07 02:43:00.000,-122.6333096,55.15000138,,Kennedy,Summer,radio-transmitter,Rangifer tarandus,car039,KE_car039,Mountain caribou in British Columbia,0.655185637
2282779510,TRUE,2005-10-19 00:53:00.000,-122.8161764,55.09540939,,Kennedy,Summer,radio-transmitter,Rangifer tarandus,car039,KE_car039,Mountain caribou in British Columbia,0.519380554
2282779511,TRUE,2005-11-24 01:00:00.000,-122.7793652,55.01330279,,Kennedy,Winter,radio-transmitter,Rangifer tarandus,car039,KE_car039,Mountain caribou in British Columbia,0.519492067
2282779512,TRUE,2005-12-04 00:00:00.000,-122.8218815,55.03871408,,Kennedy,Winter,radio-transmitter,Rangifer tarandus,car039,KE_car039,Mountain caribou in British Columbia,0.376792865
2282779513,TRUE,2006-01-04 00:02:00.000,-122.8178472,55.10013869,,Kennedy,Winter,radio-transmitter,Rangifer tarandus,car039,KE_car039,Mountain caribou in British Columbia,0.370330439
2282779514,TRUE,2006-01-30 00:06:00.000,-122.8430895,55.09739706,,Kennedy,Winter,radio-transmitter,Rangifer tarandus,car039,KE_car039,Mountain caribou in British Columbia,0.317547036
2282779515,TRUE,2006-02-16 20:00:00.000,-122.6821356,55.1743833,,Kennedy,Winter,radio-transmitter,Rangifer tarandus,car039,KE_car039,Mountain caribou in British Columbia,0.166396208
2282779516,TRUE,2006-03-19 20:00:00.000,-122.6049356,55.29320615,,Kennedy,Winter,radio-transmitter,Rangifer tarandus,car039,KE_car039,Mountain caribou in British Columbia,0.156575384
2282779517,TRUE,2006-04-04 19:00:00.000,-122.6109926,55.25676904,,Kennedy,Summer,radio-transmitter,Rangifer tarandus,car039,KE_car039,Mountain caribou in British Columbia,-0.016151595
2282779518,TRUE,2006-04-24 19:00:00.000,-122.5642364,55.37856965,,Kennedy,Summer,radio-transmitter,Rangifer tarandus,car039,KE_car039,Mountain caribou in British Columbia,-0.009944465
2282779519,TRUE,2006-05-13 19:00:00.000,-122.3813402,55.27638168,,Kennedy,Summer,radio-transmitter,Rangifer tarandus,car039,KE_car039,Mountain caribou in British Columbia,-0.011392862
2282779520,TRUE,2006-05-30 19:00:00.000,-122.2587873,55.23357146,,Kennedy,Summer,radio-transmitter,Rangifer tarandus,car039,KE_car039,Mountain caribou in British Columbia,0.124341148
2282779521,TRUE,2006-07-16 19:00:00.000,-122.4616488,55.15905144,,Kennedy,Summer,radio-transmitter,Rangifer tarandus,car039,KE_car039,Mountain caribou in British Columbia,0.79892631
2282779522,TRUE,2006-08-16 19:00:00.000,-122.7089989,55.1529733,,Kennedy,Summer,radio-transmitter,Rangifer tarandus,car039,KE_car039,Mountain caribou in British Columbia,0.792158986
2282779523,TRUE,2006-09-02 21:06:00.000,-122.6173517,55.15489478,,Kennedy,Summer,radio-transmitter,Rangifer tarandus,car039,KE_car039,Mountain caribou in British Columbia,0.717073058
2282779524,TRUE,2006-10-04 19:18:00.000,-122.8295766,55.14638993,,Kennedy,Summer,radio-transmitter,Rangifer tarandus,car039,KE_car039,Mountain caribou in British Columbia,0.653099598
2282779525,TRUE,2006-12-16 20:45:00.000,-122.6537591,55.19487546,,Kennedy,Winter,radio-transmitter,Rangifer tarandus,car039,KE_car039,Mountain caribou in British Columbia,0.019712773
2282779526,TRUE,2007-01-28 00:03:00.000,-122.5569144,55.36579226,,Kennedy,Winter,radio-transmitter,Rangifer tarandus,car039,KE_car039,Mountain caribou in British Columbia,-0.013037421
2282779527,TRUE,2007-02-13 01:00:00.000,-122.5655428,55.41199297,,Kennedy,Winter,radio-transmitter,Rangifer tarandus,car039,KE_car039,Mountain caribou in British Columbia,0.084429435
2282779528,TRUE,2007-03-18 22:16:00.000,-122.5738615,55.41248949,,Kennedy,Winter,radio-transmitter,Rangifer tarandus,car039,KE_car039,Mountain caribou in British Columbia,0.012086701
2282779529,TRUE,2007-03-22 19:00:00.000,-122.5581805,55.39375214,,Kennedy,Winter,radio-transmitter,Rangifer tarandus,car039,KE_car039,Mountain caribou in British Columbia,0.022243609
2282779530,TRUE,2007-04-02 19:00:00.000,-122.4963094,55.38990961,,Kennedy,Summer,radio-transmitter,Rangifer tarandus,car039,KE_car039,Mountain caribou in British Columbia,0.148494189
2282779531,TRUE,2007-04-30 19:00:00.000,-122.2686354,55.2110392,,Kennedy,Summer,radio-transmitter,Rangifer tarandus,car039,KE_car039,Mountain caribou in British Columbia,-0.038806638
2282779532,TRUE,2007-05-14 22:00:00.000,-122.4414185,55.16911498,,Kennedy,Summer,radio-transmitter,Rangifer tarandus,car039,KE_car039,Mountain caribou in British Columbia,-0.050469156
2282779533,TRUE,2007-05-29 19:59:00.000,-122.3953972,55.20590114,,Kennedy,Summer,radio-transmitter,Rangifer tarandus,car039,KE_car039,Mountain caribou in British Columbia,0.065929642
2282779534,TRUE,2007-06-25 01:27:00.000,-122.3926092,55.14851853,,Kennedy,Summer,radio-transmitter,Rangifer tarandus,car039,KE_car039,Mountain caribou in British Columbia,0.373802312
2282779535,TRUE,2007-07-07 22:00:00.000,-122.3630789,55.18986685,,Kennedy,Summer,radio-transmitter,Rangifer tarandus,car039,KE_car039,Mountain caribou in British Columbia,0.05624718
2282779536,TRUE,2007-07-28 02:02:00.000,-122.5369527,55.19705804,,Kennedy,Summer,radio-transmitter,Rangifer tarandus,car039,KE_car039,Mountain caribou in British Columbia,0.613647555
2282779537,TRUE,2007-09-16 00:30:00.000,-122.6304528,55.1568942,,Kennedy,Summer,radio-transmitter,Rangifer tarandus,car039,KE_car039,Mountain caribou in British Columbia,0.604336987
2282779538,TRUE,2007-10-12 19:00:00.000,-122.8646355,55.09776438,,Kennedy,Summer,radio-transmitter,Rangifer tarandus,car039,KE_car039,Mountain caribou in British Columbia,0.448506572
2282779539,TRUE,2007-11-14 20:57:00.000,-122.8386176,55.10660215,,Kennedy,Winter,radio-transmitter,Rangifer tarandus,car039,KE_car039,Mountain caribou in British Columbia,0.521976117
2282779540,TRUE,2007-12-21 20:00:00.000,-122.853405,55.11337852,,Kennedy,Winter,radio-transmitter,Rangifer tarandus,car039,KE_car039,Mountain caribou in British Columbia,0.059111808
2282779541,TRUE,2015-01-06 22:19:00.000,-122.709949,55.23610665,,Kennedy,Winter,radio-transmitter,Rangifer tarandus,car039,KE_car039,Mountain caribou in British Columbia,0.142695754
2282779542,TRUE,2015-01-23 17:05:00.000,-122.7679923,55.31954032,,Kennedy,Winter,radio-transmitter,Rangifer tarandus,car039,KE_car039,Mountain caribou in British Columbia,0.135791529
2282779543,TRUE,2015-02-17 20:27:00.000,-122.8371811,55.25932007,,Kennedy,Winter,radio-transmitter,Rangifer tarandus,car039,KE_car039,Mountain caribou in British Columbia,-0.005486873
2282779544,TRUE,2015-03-22 19:56:00.000,-122.6660571,55.35082705,,Kennedy,Winter,radio-transmitter,Rangifer tarandus,car039,KE_car039,Mountain caribou in British Columbia,0.07095655
2282779545,TRUE,2005-04-14 19:27:00.000,-122.6033618,55.25993455,,Kennedy,Summer,radio-transmitter,Rangifer tarandus,car044,KE_car044,Mountain caribou in British Columbia,0.008111718
2282779546,TRUE,2005-05-02 23:43:00.000,-122.5354921,55.35210795,,Kennedy,Summer,radio-transmitter,Rangifer tarandus,car044,KE_car044,Mountain caribou in British Columbia,-0.033391287
2282779547,TRUE,2005-05-18 23:22:00.000,-122.4573893,55.30504062,,Kennedy,Summer,radio-transmitter,Rangifer tarandus,car044,KE_car044,Mountain caribou in British Columbia,0.168737048
2282779548,TRUE,2005-06-08 23:55:00.000,-122.3528447,55.29014463,,Kennedy,Summer,radio-transmitter,Rangifer tarandus,car044,KE_car044,Mountain caribou in British Columbia,0.53005841
2282779549,TRUE,2005-06-28 19:00:00.000,-122.499709,55.37071154,,Kennedy,Summer,radio-transmitter,Rangifer tarandus,car044,KE_car044,Mountain caribou in British Columbia,0.692201929
2282779550,TRUE,2005-07-21 19:00:00.000,-122.5165649,55.37554192,,Kennedy,Summer,radio-transmitter,Rangifer tarandus,car044,KE_car044,Mountain caribou in British Columbia,0.804396628
2282779551,TRUE,2005-08-10 22:11:00.000,-122.5959772,55.43857862,,Kennedy,Summer,radio-transmitter,Rangifer tarandus,car044,KE_car044,Mountain caribou in British Columbia,0.751393392
2282779552,TRUE,2005-08-25 01:06:00.000,-122.6160589,55.4393262,,Kennedy,Summer,radio-transmitter,Rangifer tarandus,car044,KE_car044,Mountain caribou in British Columbia,0.764076511
2282779553,TRUE,2005-09-07 01:15:00.000,-122.542727,55.37435757,,Kennedy,Summer,radio-transmitter,Rangifer tarandus,car044,KE_car044,Mountain caribou in British Columbia,0.697636123
2282779554,TRUE,2005-10-19 00:40:00.000,-122.8246347,55.11410434,,Kennedy,Summer,radio-transmitter,Rangifer tarandus,car044,KE_car044,Mountain caribou in British Columbia,0.613582374
2282779555,TRUE,2005-11-24 00:30:00.000,-122.815824,55.10390091,,Kennedy,Winter,radio-transmitter,Rangifer tarandus,car044,KE_car044,Mountain caribou in British Columbia,0.483641514
2282779556,TRUE,2005-12-03 23:45:00.000,-122.8427115,55.06993441,,Kennedy,Winter,radio-transmitter,Rangifer tarandus,car044,KE_car044,Mountain caribou in British Columbia,0.214627586
2282779557,TRUE,2006-01-04 00:10:00.000,-122.8122979,55.10715754,,Kennedy,Winter,radio-transmitter,Rangifer tarandus,car044,KE_car044,Mountain caribou in British Columbia,0.163878769
2282779558,TRUE,2006-01-29 23:45:00.000,-122.8166445,55.09927421,,Kennedy,Winter,radio-transmitter,Rangifer tarandus,car044,KE_car044,Mountain caribou in British Columbia,0.266700623
2282779559,TRUE,2006-02-16 20:00:00.000,-122.5862932,55.1777712,,Kennedy,Winter,radio-transmitter,Rangifer tarandus,car044,KE_car044,Mountain caribou in British Columbia,0.097158275
2282779560,TRUE,2006-03-19 20:00:00.000,-122.6111147,55.29098845,,Kennedy,Winter,radio-transmitter,Rangifer tarandus,car044,KE_car044,Mountain caribou in British Columbia,0.120370662
2282779561,TRUE,2006-04-04 19:00:00.000,-122.614266,55.2664305,,Kennedy,Summer,radio-transmitter,Rangifer tarandus,car044,KE_car044,Mountain caribou in British Columbia,0.155695391
2282779562,TRUE,2006-04-24 19:00:00.000,-122.6527558,55.34978356,,Kennedy,Summer,radio-transmitter,Rangifer tarandus,car044,KE_car044,Mountain caribou in British Columbia,0.047635264
2282779563,TRUE,2006-05-13 19:00:00.000,-122.4542695,55.32919033,,Kennedy,Summer,radio-transmitter,Rangifer tarandus,car044,KE_car044,Mountain caribou in British Columbia,0.069200686
2282779564,TRUE,2006-05-30 19:00:00.000,-122.632132,55.44289802,,Kennedy,Summer,radio-transmitter,Rangifer tarandus,car044,KE_car044,Mountain caribou in British Columbia,0.052891255
2282779565,TRUE,2006-06-24 19:00:00.000,-122.5441284,55.36638325,,Kennedy,Summer,radio-transmitter,Rangifer tarandus,car044,KE_car044,Mountain caribou in British Columbia,0.338628815
2282779566,TRUE,2006-07-16 19:00:00.000,-122.5890861,55.41573157,,Kennedy,Summer,radio-transmitter,Rangifer tarandus,car044,KE_car044,Mountain caribou in British Columbia,0.766120025
2282779567,TRUE,2006-08-16 19:00:00.000,-122.6152153,55.44968422,,Kennedy,Summer,radio-transmitter,Rangifer tarandus,car044,KE_car044,Mountain caribou in British Columbia,0.670785032
2282779568,TRUE,2006-09-02 20:02:00.000,-122.4452478,55.3916386,,Kennedy,Summer,radio-transmitter,Rangifer tarandus,car044,KE_car044,Mountain caribou in British Columbia,0.714292399
2282779569,TRUE,2006-10-04 19:31:00.000,-122.7197412,55.1517404,,Kennedy,Summer,radio-transmitter,Rangifer tarandus,car044,KE_car044,Mountain caribou in British Columbia,0.695534927
2282779570,TRUE,2006-12-16 20:30:00.000,-122.6587994,55.19514128,,Kennedy,Winter,radio-transmitter,Rangifer tarandus,car044,KE_car044,Mountain caribou in British Columbia,0.063032319
2282779571,TRUE,2007-01-27 23:50:00.000,-122.6102117,55.29154271,,Kennedy,Winter,radio-transmitter,Rangifer tarandus,car044,KE_car044,Mountain caribou in British Columbia,0.139545905
2282779572,TRUE,2007-03-15 21:51:00.000,-122.6126139,55.28903425,,Kennedy,Winter,radio-transmitter,Rangifer tarandus,car044,KE_car044,Mountain caribou in British Columbia,0.089983928
2282779573,TRUE,2006-04-04 19:00:00.000,-122.6303436,55.25689207,,Kennedy,Summer,radio-transmitter,Rangifer tarandus,car047,KE_car047,Mountain caribou in British Columbia,0.011398929
2282779574,TRUE,2006-04-24 19:00:00.000,-122.637544,55.34734014,,Kennedy,Summer,radio-transmitter,Rangifer tarandus,car047,KE_car047,Mountain caribou in British Columbia,0.02884549
2282779575,TRUE,2006-05-13 19:00:00.000,-122.5446357,55.40738803,,Kennedy,Summer,radio-transmitter,Rangifer tarandus,car047,KE_car047,Mountain caribou in British Columbia,0.305504176
2282779576,TRUE,2006-05-30 19:00:00.000,-122.5148377,55.39804491,,Kennedy,Summer,radio-transmitter,Rangifer tarandus,car047,KE_car047,Mountain caribou in British Columbia,0.613408125
2282779577,TRUE,2006-06-24 19:00:00.000,-122.6256044,55.4678498,,Kennedy,Summer,radio-transmitter,Rangifer tarandus,car047,KE_car047,Mountain caribou in British Columbia,0.796756288
2282779578,TRUE,2006-07-16 19:00:00.000,-122.6053023,55.43701856,,Kennedy,Summer,radio-transmitter,Rangifer tarandus,car047,KE_car047,Mountain caribou in British Columbia,0.801000075
2282779579,TRUE,2006-08-16 19:00:00.000,-122.5467565,55.26889439,,Kennedy,Summer,radio-transmitter,Rangifer tarandus,car047,KE_car047,Mountain caribou in British Columbia,0.766394612
2282779580,TRUE,2006-09-02 20:39:00.000,-122.6105156,55.31678547,,Kennedy,Summer,radio-transmitter,Rangifer tarandus,car047,KE_car047,Mountain caribou in British Columbia,0.792635846
2282779581,TRUE,2006-10-04 19:40:00.000,-122.6622407,55.18574231,,Kennedy,Summer,radio-transmitter,Rangifer tarandus,car047,KE_car047,Mountain caribou in British Columbia,0.698969211
2282779582,TRUE,2006-12-16 20:18:00.000,-122.6790858,55.17095157,,Kennedy,Winter,radio-transmitter,Rangifer tarandus,car047,KE_car047,Mountain caribou in British Columbia,0.009637832
2282779583,TRUE,2007-01-27 22:00:00.000,-122.4654133,55.16039798,,Kennedy,Winter,radio-transmitter,Rangifer tarandus,car047,KE_car047,Mountain caribou in British Columbia,0.035785349
2282779584,TRUE,2007-03-22 19:00:00.000,-122.605002,55.28652073,,Kennedy,Winter,radio-transmitter,Rangifer tarandus,car047,KE_car047,Mountain caribou in British Columbia,0.111216189
2282779585,TRUE,2007-05-29 19:18:00.000,-122.4930639,55.34002387,,Kennedy,Summer,radio-transmitter,Rangifer tarandus,car047,KE_car047,Mountain caribou in British Columbia,0.010804697
2282779586,TRUE,2007-07-07 21:42:00.000,-122.4364665,55.39189499,,Kennedy,Summer,radio-transmitter,Rangifer tarandus,car047,KE_car047,Mountain caribou in British Columbia,0.536443068
2282779587,TRUE,2007-10-12 19:00:00.000,-122.6946673,55.15764704,,Kennedy,Summer,radio-transmitter,Rangifer tarandus,car047,KE_car047,Mountain caribou in British Columbia,0.398021016
2282779588,TRUE,2007-11-14 21:00:00.000,-122.8300078,55.10769576,,Kennedy,Winter,radio-transmitter,Rangifer tarandus,car047,KE_car047,Mountain caribou in British Columbia,0.465899187
2282779589,TRUE,2006-03-19 20:00:00.000,-122.6820566,55.174446,,Kennedy,Winter,radio-transmitter,Rangifer tarandus,car048,KE_car048,Mountain caribou in British Columbia,0.161524523
2282779590,TRUE,2006-04-04 19:00:00.000,-122.6094541,55.25643164,,Kennedy,Summer,radio-transmitter,Rangifer tarandus,car048,KE_car048,Mountain caribou in British Columbia,-0.019865021
2282779591,TRUE,2006-04-24 19:00:00.000,-122.4139433,55.28367753,,Kennedy,Summer,radio-transmitter,Rangifer tarandus,car048,KE_car048,Mountain caribou in British Columbia,-0.026063513
2282779592,TRUE,2006-05-13 19:00:00.000,-122.3645099,55.26570949,,Kennedy,Summer,radio-transmitter,Rangifer tarandus,car048,KE_car048,Mountain caribou in British Columbia,-0.005942121
2282779593,TRUE,2006-05-30 19:00:00.000,-122.2446723,55.2822087,,Kennedy,Summer,radio-transmitter,Rangifer tarandus,car048,KE_car048,Mountain caribou in British Columbia,0.04240195
2282779594,TRUE,2006-06-24 19:00:00.000,-122.237102,55.28289852,,Kennedy,Summer,radio-transmitter,Rangifer tarandus,car048,KE_car048,Mountain caribou in British Columbia,0.416355062
2282779595,TRUE,2006-07-16 19:00:00.000,-122.2858107,55.2962501,,Kennedy,Summer,radio-transmitter,Rangifer tarandus,car048,KE_car048,Mountain caribou in British Columbia,0.673096412
2282779596,TRUE,2006-08-16 19:00:00.000,-122.495634,55.3623468,,Kennedy,Summer,radio-transmitter,Rangifer tarandus,car048,KE_car048,Mountain caribou in British Columbia,0.724525473
2282779597,TRUE,2006-09-02 20:16:00.000,-122.7751177,55.27172113,,Kennedy,Summer,radio-transmitter,Rangifer tarandus,car048,KE_car048,Mountain caribou in British Columbia,0.676738774
2282779598,TRUE,2006-10-04 20:28:00.000,-122.7855993,55.2455546,,Kennedy,Summer,radio-transmitter,Rangifer tarandus,car048,KE_car048,Mountain caribou in British Columbia,0.624618793
2282779599,TRUE,2006-12-16 21:26:00.000,-122.5942667,55.26153115,,Kennedy,Winter,radio-transmitter,Rangifer tarandus,car048,KE_car048,Mountain caribou in British Columbia,0.007899955
2282779600,TRUE,2007-01-28 00:05:00.000,-122.3973109,55.30488479,,Kennedy,Winter,radio-transmitter,Rangifer tarandus,car048,KE_car048,Mountain caribou in British Columbia,-0.002718129
2282779601,TRUE,2007-02-13 00:30:00.000,-122.2767609,55.29418393,,Kennedy,Winter,radio-transmitter,Rangifer tarandus,car048,KE_car048,Mountain caribou in British Columbia,-0.021830877
2282779602,TRUE,2007-03-22 19:00:00.000,-122.2643252,55.31090493,,Kennedy,Winter,radio-transmitter,Rangifer tarandus,car048,KE_car048,Mountain caribou in British Columbia,0.006847452
2282779603,TRUE,2007-05-29 19:51:00.000,-122.3688977,55.25397827,,Kennedy,Summer,radio-transmitter,Rangifer tarandus,car048,KE_car048,Mountain caribou in British Columbia,-0.022193957
2282779604,TRUE,2007-10-12 19:00:00.000,-122.8142754,55.12351558,,Kennedy,Summer,radio-transmitter,Rangifer tarandus,car048,KE_car048,Mountain caribou in British Columbia,0.552418068
2282779605,TRUE,2015-01-23 17:16:00.000,-122.7798907,55.22544255,,Kennedy,Winter,radio-transmitter,Rangifer tarandus,car048,KE_car048,Mountain caribou in British Columbia,-0.024481382
2282779606,TRUE,2006-03-19 20:00:00.000,-122.6820566,55.174446,,Kennedy,Winter,radio-transmitter,Rangifer tarandus,car049,KE_car049,Mountain caribou in British Columbia,0.161524523
2282779607,TRUE,2006-04-04 19:00:00.000,-122.639477,55.26296703,,Kennedy,Summer,radio-transmitter,Rangifer tarandus,car049,KE_car049,Mountain caribou in British Columbia,0.139363791
2282779608,TRUE,2006-04-24 19:00:00.000,-122.3951587,55.28896866,,Kennedy,Summer,radio-transmitter,Rangifer tarandus,car049,KE_car049,Mountain caribou in British Columbia,-0.003923581
2282779609,TRUE,2006-05-13 19:00:00.000,-122.3645099,55.26570949,,Kennedy,Summer,radio-transmitter,Rangifer tarandus,car049,KE_car049,Mountain caribou in British Columbia,-0.005942121
2282779610,TRUE,2006-05-30 19:00:00.000,-122.3224205,55.3160935,,Kennedy,Summer,radio-transmitter,Rangifer tarandus,car049,KE_car049,Mountain caribou in British Columbia,0.57956767
2282779611,TRUE,2006-06-24 19:00:00.000,-122.6400001,55.45202405,,Kennedy,Summer,radio-transmitter,Rangifer tarandus,car049,KE_car049,Mountain caribou in British Columbia,0.596097038
2282779612,TRUE,2006-07-16 19:00:00.000,-122.8963183,55.39528799,,Kennedy,Summer,radio-transmitter,Rangifer tarandus,car049,KE_car049,Mountain caribou in British Columbia,0.767850297
2282779613,TRUE,2006-08-16 19:00:00.000,-122.7590385,55.32524705,,Kennedy,Summer,radio-transmitter,Rangifer tarandus,car049,KE_car049,Mountain caribou in British Columbia,0.698507217
2282779614,TRUE,2006-09-02 18:27:00.000,-122.947,55.45329679,,Kennedy,Summer,radio-transmitter,Rangifer tarandus,car049,KE_car049,Mountain caribou in British Columbia,0.73645005
2282779615,TRUE,2006-10-04 17:36:00.000,-122.8755755,55.50485001,,Kennedy,Summer,radio-transmitter,Rangifer tarandus,car049,KE_car049,Mountain caribou in British Columbia,0.609004311
2282779616,TRUE,2006-12-16 21:00:00.000,-122.6365764,55.16693226,,Kennedy,Winter,radio-transmitter,Rangifer tarandus,car049,KE_car049,Mountain caribou in British Columbia,0.014995421
2282779617,TRUE,2007-01-27 22:15:00.000,-122.3413131,55.147695,,Kennedy,Winter,radio-transmitter,Rangifer tarandus,car049,KE_car049,Mountain caribou in British Columbia,0.148776595
2282779618,TRUE,2007-03-22 19:00:00.000,-122.4583471,55.17452922,,Kennedy,Winter,radio-transmitter,Rangifer tarandus,car049,KE_car049,Mountain caribou in British Columbia,0.039409459
2282779619,TRUE,2007-05-29 19:31:00.000,-122.3722292,55.34698428,,Kennedy,Summer,radio-transmitter,Rangifer tarandus,car049,KE_car049,Mountain caribou in British Columbia,0.424332802
2282779620,TRUE,2007-06-25 00:34:00.000,-122.4592411,55.3564941,,Kennedy,Summer,radio-transmitter,Rangifer tarandus,car049,KE_car049,Mountain caribou in British Columbia,0.464344546
2282779621,TRUE,2007-09-02 01:15:00.000,-122.9841472,55.51708776,,Kennedy,Summer,radio-transmitter,Rangifer tarandus,car049,KE_car049,Mountain caribou in British Columbia,0.72453244
2282779622,TRUE,2007-10-12 19:00:00.000,-122.7950005,55.11798509,,Kennedy,Summer,radio-transmitter,Rangifer tarandus,car049,KE_car049,Mountain caribou in British Columbia,0.526867821
2282779623,TRUE,2006-03-19 20:00:00.000,-122.6820566,55.174446,,Kennedy,Winter,radio-transmitter,Rangifer tarandus,car050,KE_car050,Mountain caribou in British Columbia,0.161524523
2282779624,TRUE,2006-04-04 19:00:00.000,-122.6004997,55.24409167,,Kennedy,Summer,radio-transmitter,Rangifer tarandus,car050,KE_car050,Mountain caribou in British Columbia,0.081158963
2282779625,TRUE,2006-04-24 19:00:00.000,-122.5642364,55.37856965,,Kennedy,Summer,radio-transmitter,Rangifer tarandus,car050,KE_car050,Mountain caribou in British Columbia,-0.009944465
2282779626,TRUE,2006-05-13 19:00:00.000,-122.3842269,55.27802277,,Kennedy,Summer,radio-transmitter,Rangifer tarandus,car050,KE_car050,Mountain caribou in British Columbia,-0.010201194
2282779627,TRUE,2006-05-30 19:00:00.000,-122.5658218,55.24666909,,Kennedy,Summer,radio-transmitter,Rangifer tarandus,car050,KE_car050,Mountain caribou in British Columbia,0.345504939
2282779628,TRUE,2006-06-24 19:00:00.000,-122.5886283,55.26507079,,Kennedy,Summer,radio-transmitter,Rangifer tarandus,car050,KE_car050,Mountain caribou in British Columbia,0.636074301
2282779629,TRUE,2006-07-16 19:00:00.000,-122.5394091,55.23875432,,Kennedy,Summer,radio-transmitter,Rangifer tarandus,car050,KE_car050,Mountain caribou in British Columbia,0.794556004
2282779630,TRUE,2006-08-16 19:00:00.000,-122.6679087,55.17650208,,Kennedy,Summer,radio-transmitter,Rangifer tarandus,car050,KE_car050,Mountain caribou in British Columbia,0.64694499
2282779631,TRUE,2006-09-02 20:23:00.000,-122.7575366,55.27436532,,Kennedy,Summer,radio-transmitter,Rangifer tarandus,car050,KE_car050,Mountain caribou in British Columbia,0.679425629
2282779632,TRUE,2006-10-04 19:46:00.000,-122.6618183,55.18554344,,Kennedy,Summer,radio-transmitter,Rangifer tarandus,car050,KE_car050,Mountain caribou in British Columbia,0.697940888
2282779633,TRUE,2006-12-16 20:48:00.000,-122.6820308,55.17177703,,Kennedy,Winter,radio-transmitter,Rangifer tarandus,car050,KE_car050,Mountain caribou in British Columbia,0.022471242
2282779634,TRUE,2007-01-27 23:50:00.000,-122.6102117,55.29154271,,Kennedy,Winter,radio-transmitter,Rangifer tarandus,car050,KE_car050,Mountain caribou in British Columbia,0.139545905
2282779635,TRUE,2007-03-22 19:00:00.000,-122.5892352,55.23674855,,Kennedy,Winter,radio-transmitter,Rangifer tarandus,car050,KE_car050,Mountain caribou in British Columbia,0.089023151
2282779636,TRUE,2007-11-14 21:03:00.000,-122.8321395,55.11145497,,Kennedy,Winter,radio-transmitter,Rangifer tarandus,car050,KE_car050,Mountain caribou in British Columbia,0.454569088
2282779637,TRUE,2015-01-23 17:02:00.000,-122.7050525,55.32821984,,Kennedy,Winter,radio-transmitter,Rangifer tarandus,car050,KE_car050,Mountain caribou in British Columbia,0.037625639
2282779638,TRUE,2006-03-19 20:00:00.000,-122.6820566,55.174446,,Kennedy,Winter,radio-transmitter,Rangifer tarandus,car051,KE_car051,Mountain caribou in British Columbia,0.161524523
2282779639,TRUE,2006-04-04 19:00:00.000,-122.5721876,55.22513377,,Kennedy,Summer,radio-transmitter,Rangifer tarandus,car051,KE_car051,Mountain caribou in British Columbia,0.011583666
2282779640,TRUE,2006-04-24 19:00:00.000,-122.5924512,55.23596855,,Kennedy,Summer,radio-transmitter,Rangifer tarandus,car051,KE_car051,Mountain caribou in British Columbia,0.031092463
2282779641,TRUE,2006-05-13 19:00:00.000,-122.2912915,55.22641374,,Kennedy,Summer,radio-transmitter,Rangifer tarandus,car051,KE_car051,Mountain caribou in British Columbia,-0.010780161
2282779642,TRUE,2006-05-30 19:00:00.000,-122.3478233,55.25545806,,Kennedy,Summer,radio-transmitter,Rangifer tarandus,car051,KE_car051,Mountain caribou in British Columbia,0.010546845
2282779643,TRUE,2006-06-24 19:00:00.000,-122.3452499,55.38604004,,Kennedy,Summer,radio-transmitter,Rangifer tarandus,car051,KE_car051,Mountain caribou in British Columbia,0.603637108
2282779644,TRUE,2006-07-16 19:00:00.000,-122.3717985,55.32338453,,Kennedy,Summer,radio-transmitter,Rangifer tarandus,car051,KE_car051,Mountain caribou in British Columbia,0.788238823
2282779645,TRUE,2006-08-16 19:00:00.000,-122.6014565,55.19245126,,Kennedy,Summer,radio-transmitter,Rangifer tarandus,car051,KE_car051,Mountain caribou in British Columbia,0.779628463
2282779646,TRUE,2006-09-02 20:57:00.000,-122.5929437,55.18465007,,Kennedy,Summer,radio-transmitter,Rangifer tarandus,car051,KE_car051,Mountain caribou in British Columbia,0.741193249
2282779647,TRUE,2006-10-04 20:04:00.000,-122.6555254,55.1121171,,Kennedy,Summer,radio-transmitter,Rangifer tarandus,car051,KE_car051,Mountain caribou in British Columbia,0.653074619
2282779648,TRUE,2006-12-16 20:14:00.000,-122.6790858,55.17095157,,Kennedy,Winter,radio-transmitter,Rangifer tarandus,car051,KE_car051,Mountain caribou in British Columbia,0.009620948
2282779649,TRUE,2007-01-27 21:30:00.000,-122.5512917,55.2379449,,Kennedy,Winter,radio-transmitter,Rangifer tarandus,car051,KE_car051,Mountain caribou in British Columbia,0.145897585
2282779650,TRUE,2007-03-22 19:00:00.000,-122.5892352,55.23674855,,Kennedy,Winter,radio-transmitter,Rangifer tarandus,car051,KE_car051,Mountain caribou in British Columbia,0.089023151
2282779651,TRUE,2007-06-25 00:54:00.000,-122.3642336,55.25344185,,Kennedy,Summer,radio-transmitter,Rangifer tarandus,car051,KE_car051,Mountain caribou in British Columbia,0.190046327
2282779652,TRUE,2007-11-14 21:09:00.000,-122.850096,55.13045735,,Kennedy,Winter,radio-transmitter,Rangifer tarandus,car051,KE_car051,Mountain caribou in British Columbia,0.516868838
2282779653,TRUE,2015-02-17 20:06:00.000,-122.5651936,55.23505674,,Kennedy,Winter,radio-transmitter,Rangifer tarandus,car051,KE_car051,Mountain caribou in British Columbia,0.020013488
2282779654,TRUE,2006-05-13 19:00:00.000,-122.3985363,55.4756701,,Kennedy,Summer,radio-transmitter,Rangifer tarandus,car053,KE_car053,Mountain caribou in British Columbia,0.404784367
2282779655,TRUE,2006-05-30 19:00:00.000,-122.686355,55.468344,,Kennedy,Summer,radio-transmitter,Rangifer tarandus,car053,KE_car053,Mountain caribou in British Columbia,0.094723055
2282779656,TRUE,2006-06-24 19:00:00.000,-122.6859496,55.46960097,,Kennedy,Summer,radio-transmitter,Rangifer tarandus,car053,KE_car053,Mountain caribou in British Columbia,0.510830343
2282779657,TRUE,2006-07-16 19:00:00.000,-122.5034559,55.33231158,,Kennedy,Summer,radio-transmitter,Rangifer tarandus,car053,KE_car053,Mountain caribou in British Columbia,0.492296803
2282779658,TRUE,2006-08-16 19:00:00.000,-122.4888763,55.3603508,,Kennedy,Summer,radio-transmitter,Rangifer tarandus,car053,KE_car053,Mountain caribou in British Columbia,0.736945551
2282779659,TRUE,2006-09-02 20:34:00.000,-122.6127643,55.31078097,,Kennedy,Summer,radio-transmitter,Rangifer tarandus,car053,KE_car053,Mountain caribou in British Columbia,0.763089132
2282779660,TRUE,2006-10-04 19:52:00.000,-122.6585862,55.17782427,,Kennedy,Summer,radio-transmitter,Rangifer tarandus,car053,KE_car053,Mountain caribou in British Columbia,0.674590091
2282779661,TRUE,2006-12-26 21:30:00.000,-122.624731,55.28982691,,Kennedy,Winter,radio-transmitter,Rangifer tarandus,car053,KE_car053,Mountain caribou in British Columbia,0.051995509
2282779662,TRUE,2007-01-27 21:35:00.000,-122.606096,55.28734199,,Kennedy,Winter,radio-transmitter,Rangifer tarandus,car053,KE_car053,Mountain caribou in British Columbia,0.227426262
2282779663,TRUE,2007-02-13 19:25:00.000,-122.6049087,55.29591086,,Kennedy,Winter,radio-transmitter,Rangifer tarandus,car053,KE_car053,Mountain caribou in British Columbia,0.039462686
2282779664,TRUE,2007-03-15 22:25:00.000,-122.6121681,55.28631006,,Kennedy,Winter,radio-transmitter,Rangifer tarandus,car053,KE_car053,Mountain caribou in British Columbia,0.078864228
2282779665,TRUE,2007-03-22 19:00:00.000,-122.6022728,55.28074281,,Kennedy,Winter,radio-transmitter,Rangifer tarandus,car053,KE_car053,Mountain caribou in British Columbia,0.150691458
2282779666,TRUE,2007-06-25 00:58:00.000,-122.3642336,55.25344185,,Kennedy,Summer,radio-transmitter,Rangifer tarandus,car053,KE_car053,Mountain caribou in British Columbia,0.190069003
2282779667,TRUE,2007-07-07 22:50:00.000,-122.9177788,55.46930223,,Kennedy,Summer,radio-transmitter,Rangifer tarandus,car053,KE_car053,Mountain caribou in British Columbia,0.539335418
2282779668,TRUE,2007-07-28 21:40:00.000,-122.9420023,55.5619223,,Kennedy,Summer,radio-transmitter,Rangifer tarandus,car053,KE_car053,Mountain caribou in British Columbia,0.594533793
2282779669,TRUE,2007-10-12 19:00:00.000,-122.8365348,55.1214986,,Kennedy,Summer,radio-transmitter,Rangifer tarandus,car053,KE_car053,Mountain caribou in British Columbia,0.567960557
2282779670,TRUE,2015-02-17 20:14:00.000,-122.6123116,55.26188633,,Kennedy,Winter,radio-transmitter,Rangifer tarandus,car053,KE_car053,Mountain caribou in British Columbia,-0.018223191
2282779671,TRUE,2007-03-15 21:30:00.000,-122.52173,55.2455248,,Kennedy,Winter,radio-transmitter,Rangifer tarandus,car061,KE_car061,Mountain caribou in British Columbia,0.193642674
2282779672,TRUE,2007-03-22 19:00:00.000,-122.5223138,55.25062224,,Kennedy,Winter,radio-transmitter,Rangifer tarandus,car061,KE_car061,Mountain caribou in British Columbia,0.194851152
2282779673,TRUE,2007-06-25 00:54:00.000,-122.3642336,55.25344185,,Kennedy,Summer,radio-transmitter,Rangifer tarandus,car061,KE_car061,Mountain caribou in British Columbia,0.190046327
2282779674,TRUE,2007-07-28 02:13:00.000,-122.4266956,55.20500982,,Kennedy,Summer,radio-transmitter,Rangifer tarandus,car061,KE_car061,Mountain caribou in British Columbia,0.45900961
2282779675,TRUE,2007-11-14 21:12:00.000,-122.8551394,55.07597066,,Kennedy,Winter,radio-transmitter,Rangifer tarandus,car061,KE_car061,Mountain caribou in British Columbia,0.415833884
2282779677,TRUE,2007-03-15 21:35:00.000,-122.5845928,55.26875041,,Kennedy,Winter,radio-transmitter,Rangifer tarandus,car062,KE_car062,Mountain caribou in British Columbia,0.125420533
2282779678,TRUE,2007-03-22 19:00:00.000,-122.6112495,55.26590873,,Kennedy,Winter,radio-transmitter,Rangifer tarandus,car062,KE_car062,Mountain caribou in British Columbia,0.097234641
2282779679,TRUE,2007-09-02 02:57:00.000,-122.6275282,55.25848304,,Kennedy,Summer,radio-transmitter,Rangifer tarandus,car062,KE_car062,Mountain caribou in British Columbia,0.61118389
2282779680,TRUE,2007-11-14 20:52:00.000,-122.8219231,55.12806505,,Kennedy,Winter,radio-transmitter,Rangifer tarandus,car062,KE_car062,Mountain caribou in British Columbia,0.514959002
2282779681,TRUE,2007-12-21 20:00:00.000,-122.6179033,55.26458182,,Kennedy,Winter,radio-transmitter,Rangifer tarandus,car062,KE_car062,Mountain caribou in British Columbia,-0.052079978
2282779682,TRUE,2007-03-15 22:00:00.000,-122.6059079,55.27612676,,Kennedy,Winter,radio-transmitter,Rangifer tarandus,car063,KE_car063,Mountain caribou in British Columbia,0.048305175
2282779683,TRUE,2007-03-22 19:00:00.000,-122.6040203,55.28391159,,Kennedy,Winter,radio-transmitter,Rangifer tarandus,car063,KE_car063,Mountain caribou in British Columbia,0.1051976
2282779684,TRUE,2007-05-29 19:43:00.000,-122.3119036,55.31466882,,Kennedy,Summer,radio-transmitter,Rangifer tarandus,car063,KE_car063,Mountain caribou in British Columbia,0.130782887
2282779685,TRUE,2007-11-14 21:14:00.000,-122.8324493,55.0673686,,Kennedy,Winter,radio-transmitter,Rangifer tarandus,car063,KE_car063,Mountain caribou in British Columbia,0.045609427
2282779686,TRUE,2015-01-23 16:59:00.000,-122.6188523,55.28545047,,Kennedy,Winter,radio-transmitter,Rangifer tarandus,car063,KE_car063,Mountain caribou in British Columbia,-0.009390465
2282779687,TRUE,2007-03-15 22:05:00.000,-122.6063056,55.2852579,,Kennedy,Winter,radio-transmitter,Rangifer tarandus,car064,KE_car064,Mountain caribou in British Columbia,0.097672259
2282779688,TRUE,2007-03-22 19:00:00.000,-122.6270681,55.26728801,,Kennedy,Winter,radio-transmitter,Rangifer tarandus,car064,KE_car064,Mountain caribou in British Columbia,0.077517342
2282779689,TRUE,2007-07-28 02:24:00.000,-122.3686641,55.19226827,,Kennedy,Summer,radio-transmitter,Rangifer tarandus,car064,KE_car064,Mountain caribou in British Columbia,0.332558236
2282779690,TRUE,2007-10-12 19:00:00.000,-122.7928156,55.05844709,,Kennedy,Summer,radio-transmitter,Rangifer tarandus,car064,KE_car064,Mountain caribou in British Columbia,0.549583767
2282779691,TRUE,2015-01-23 16:46:00.000,-122.6499269,55.17327965,,Kennedy,Winter,radio-transmitter,Rangifer tarandus,car064,KE_car064,Mountain caribou in British Columbia,0.009226664
2282779692,TRUE,2007-03-15 22:15:00.000,-122.5983274,55.29106388,,Kennedy,Winter,radio-transmitter,Rangifer tarandus,car065,KE_car065,Mountain caribou in British Columbia,0.162386505
2282779693,TRUE,2007-03-22 19:00:00.000,-122.6002871,55.29506012,,Kennedy,Winter,radio-transmitter,Rangifer tarandus,car065,KE_car065,Mountain caribou in British Columbia,0.127307076
2282779694,TRUE,2007-11-14 21:17:00.000,-122.815421,55.08931554,,Kennedy,Winter,radio-transmitter,Rangifer tarandus,car065,KE_car065,Mountain caribou in British Columbia,0.361340436
2282779695,TRUE,2007-12-21 20:00:00.000,-122.6179033,55.26458182,,Kennedy,Winter,radio-transmitter,Rangifer tarandus,car065,KE_car065,Mountain caribou in British Columbia,-0.052079978
2282779696,TRUE,2002-05-02 19:00:00.000,-122.4344265,55.64061289,,Moberly,Summer,radio-transmitter,Rangifer tarandus,car005,MO_car005,Mountain caribou in British Columbia,-0.02545457
2282779697,TRUE,2002-05-15 19:00:00.000,-122.410025,55.60671187,,Moberly,Summer,radio-transmitter,Rangifer tarandus,car005,MO_car005,Mountain caribou in British Columbia,-0.021494657
2282779698,TRUE,2002-05-27 19:00:00.000,-122.4937318,55.55318979,,Moberly,Summer,radio-transmitter,Rangifer tarandus,car005,MO_car005,Mountain caribou in British Columbia,0.385119745
2282779699,TRUE,2002-06-10 19:00:00.000,-122.4505686,55.59968469,,Moberly,Summer,radio-transmitter,Rangifer tarandus,car005,MO_car005,Mountain caribou in British Columbia,0.571643516
2282779700,TRUE,2002-06-24 19:00:00.000,-122.414981,55.595809,,Moberly,Summer,radio-transmitter,Rangifer tarandus,car005,MO_car005,Mountain caribou in British Columbia,0.602383944
2282779701,TRUE,2002-07-02 19:00:00.000,-122.4487839,55.60019785,,Moberly,Summer,radio-transmitter,Rangifer tarandus,car005,MO_car005,Mountain caribou in British Columbia,0.466004214
2282779702,TRUE,2002-07-08 19:00:00.000,-122.4298356,55.62417487,,Moberly,Summer,radio-transmitter,Rangifer tarandus,car005,MO_car005,Mountain caribou in British Columbia,0.508233367
2282779703,TRUE,2002-07-22 19:00:00.000,-122.5003072,55.55343243,,Moberly,Summer,radio-transmitter,Rangifer tarandus,car005,MO_car005,Mountain caribou in British Columbia,0.724853484
2282779704,TRUE,2002-08-11 19:00:00.000,-122.4189684,55.6298747,,Moberly,Summer,radio-transmitter,Rangifer tarandus,car005,MO_car005,Mountain caribou in British Columbia,0.719351706
2282779705,TRUE,2002-08-23 19:00:00.000,-122.5028313,55.55314617,,Moberly,Summer,radio-transmitter,Rangifer tarandus,car005,MO_car005,Mountain caribou in British Columbia,0.769812381
2282779706,TRUE,2002-09-14 19:00:00.000,-122.4367968,55.61824953,,Moberly,Summer,radio-transmitter,Rangifer tarandus,car005,MO_car005,Mountain caribou in British Columbia,0.537456874
2282779707,TRUE,2002-09-30 19:00:00.000,-122.4276542,55.62783984,,Moberly,Summer,radio-transmitter,Rangifer tarandus,car005,MO_car005,Mountain caribou in British Columbia,0.38099722
2282779708,TRUE,2002-10-21 19:00:00.000,-122.5587925,55.56828561,,Moberly,Summer,radio-transmitter,Rangifer tarandus,car005,MO_car005,Mountain caribou in British Columbia,0.679289357
2282779709,TRUE,2002-11-05 20:00:00.000,-122.4327183,55.62139369,,Moberly,Winter,radio-transmitter,Rangifer tarandus,car005,MO_car005,Mountain caribou in British Columbia,0.44621178
2282779710,TRUE,2002-12-09 20:00:00.000,-122.4561217,55.5997993,,Moberly,Winter,radio-transmitter,Rangifer tarandus,car005,MO_car005,Mountain caribou in British Columbia,0.446334016
2282779711,TRUE,2003-01-08 20:00:00.000,-122.4634991,55.61741674,,Moberly,Winter,radio-transmitter,Rangifer tarandus,car005,MO_car005,Mountain caribou in British Columbia,0.599467134
2282779712,TRUE,2003-01-21 20:00:00.000,-122.4598745,55.60503656,,Moberly,Winter,radio-transmitter,Rangifer tarandus,car005,MO_car005,Mountain caribou in British Columbia,0.231906457
2282779713,TRUE,2003-01-29 20:00:00.000,-122.4503318,55.58937705,,Moberly,Winter,radio-transmitter,Rangifer tarandus,car005,MO_car005,Mountain caribou in British Columbia,0.256211067
2282779714,TRUE,2003-02-03 20:00:00.000,-122.4480271,55.6088836,,Moberly,Winter,radio-transmitter,Rangifer tarandus,car005,MO_car005,Mountain caribou in British Columbia,0.22069113
2282779715,TRUE,2003-03-07 20:00:00.000,-122.4513822,55.63349238,,Moberly,Winter,radio-transmitter,Rangifer tarandus,car005,MO_car005,Mountain caribou in British Columbia,0.04394043
2282779716,TRUE,2003-03-27 20:00:00.000,-122.4230626,55.61606509,,Moberly,Winter,radio-transmitter,Rangifer tarandus,car005,MO_car005,Mountain caribou in British Columbia,0.005658524
2282779717,TRUE,2003-04-17 19:00:00.000,-122.4127794,55.60402938,,Moberly,Summer,radio-transmitter,Rangifer tarandus,car005,MO_car005,Mountain caribou in British Columbia,-0.005461099
2282779718,TRUE,2003-05-08 19:00:00.000,-122.4115078,55.60202846,,Moberly,Summer,radio-transmitter,Rangifer tarandus,car005,MO_car005,Mountain caribou in British Columbia,0.020305998
2282779719,TRUE,2003-05-21 19:00:00.000,-122.4209604,55.60572165,,Moberly,Summer,radio-transmitter,Rangifer tarandus,car005,MO_car005,Mountain caribou in British Columbia,0.046594744
2282779720,TRUE,2003-06-04 22:42:00.000,-122.433296,55.5692254,,Moberly,Summer,radio-transmitter,Rangifer tarandus,car005,MO_car005,Mountain caribou in British Columbia,0.701047836
2282779721,TRUE,2003-06-19 18:32:00.000,-122.4380011,55.57844844,,Moberly,Summer,radio-transmitter,Rangifer tarandus,car005,MO_car005,Mountain caribou in British Columbia,0.552380666
2282779722,TRUE,2003-07-06 18:40:00.000,-122.5662761,55.54537186,,Moberly,Summer,radio-transmitter,Rangifer tarandus,car005,MO_car005,Mountain caribou in British Columbia,0.743904706
2282779723,TRUE,2003-07-16 21:50:00.000,-122.4266439,55.61980195,,Moberly,Summer,radio-transmitter,Rangifer tarandus,car005,MO_car005,Mountain caribou in British Columbia,0.605822937
2282779724,TRUE,2003-07-31 22:26:00.000,-122.418641,55.58761347,,Moberly,Summer,radio-transmitter,Rangifer tarandus,car005,MO_car005,Mountain caribou in British Columbia,0.809931053
2282779725,TRUE,2003-08-25 18:49:00.000,-122.4551915,55.57414999,,Moberly,Summer,radio-transmitter,Rangifer tarandus,car005,MO_car005,Mountain caribou in British Columbia,0.742345221
2282779726,TRUE,2003-09-14 18:33:00.000,-122.5476901,55.53947294,,Moberly,Summer,radio-transmitter,Rangifer tarandus,car005,MO_car005,Mountain caribou in British Columbia,0.737778847
2282779727,TRUE,2003-09-27 21:02:00.000,-122.5653652,55.57477877,,Moberly,Summer,radio-transmitter,Rangifer tarandus,car005,MO_car005,Mountain caribou in British Columbia,0.673715593
2282779728,TRUE,2003-10-11 21:06:00.000,-122.5418678,55.55776419,,Moberly,Summer,radio-transmitter,Rangifer tarandus,car005,MO_car005,Mountain caribou in British Columbia,0.604557982
2282779729,TRUE,2003-11-02 21:25:00.000,-122.46125,55.65174096,,Moberly,Winter,radio-transmitter,Rangifer tarandus,car005,MO_car005,Mountain caribou in British Columbia,0.166367156
2282779730,TRUE,2003-11-08 20:00:00.000,-122.4517828,55.61503765,,Moberly,Winter,radio-transmitter,Rangifer tarandus,car005,MO_car005,Mountain caribou in British Columbia,0.356833847
2282779731,TRUE,2003-11-29 21:22:00.000,-122.4692251,55.63077633,,Moberly,Winter,radio-transmitter,Rangifer tarandus,car005,MO_car005,Mountain caribou in British Columbia,0.107250514
2282779732,TRUE,2003-12-10 19:07:00.000,-122.4297549,55.62864036,,Moberly,Winter,radio-transmitter,Rangifer tarandus,car005,MO_car005,Mountain caribou in British Columbia,-0.009251253
2282779733,TRUE,2003-12-21 17:16:00.000,-122.4428414,55.64322127,,Moberly,Winter,radio-transmitter,Rangifer tarandus,car005,MO_car005,Mountain caribou in British Columbia,0.006076308
2282779734,TRUE,2003-12-27 17:22:00.000,-122.4324469,55.63468221,,Moberly,Winter,radio-transmitter,Rangifer tarandus,car005,MO_car005,Mountain caribou in British Columbia,0.040398944
2282779735,TRUE,2004-01-02 18:15:00.000,-122.4519944,55.64311872,,Moberly,Winter,radio-transmitter,Rangifer tarandus,car005,MO_car005,Mountain caribou in British Columbia,0.07203284
2282779736,TRUE,2004-01-11 18:19:00.000,-122.4214259,55.62478246,,Moberly,Winter,radio-transmitter,Rangifer tarandus,car005,MO_car005,Mountain caribou in British Columbia,-0.049844477
2282779737,TRUE,2004-01-16 20:16:00.000,-122.4223903,55.6175176,,Moberly,Winter,radio-transmitter,Rangifer tarandus,car005,MO_car005,Mountain caribou in British Columbia,-0.005154084
2282779738,TRUE,2004-01-26 20:52:00.000,-122.5323575,55.61899249,,Moberly,Winter,radio-transmitter,Rangifer tarandus,car005,MO_car005,Mountain caribou in British Columbia,-0.041558107
2282779739,TRUE,2004-02-01 18:57:00.000,-122.5158215,55.62856092,,Moberly,Winter,radio-transmitter,Rangifer tarandus,car005,MO_car005,Mountain caribou in British Columbia,0.031968526
2282779740,TRUE,2004-02-08 20:44:00.000,-122.5102278,55.62244647,,Moberly,Winter,radio-transmitter,Rangifer tarandus,car005,MO_car005,Mountain caribou in British Columbia,0.080111157
2282779741,TRUE,2004-02-12 21:31:00.000,-122.5133408,55.60317569,,Moberly,Winter,radio-transmitter,Rangifer tarandus,car005,MO_car005,Mountain caribou in British Columbia,0.021348901
2282779742,TRUE,2004-02-21 23:12:00.000,-122.5134213,55.60051626,,Moberly,Winter,radio-transmitter,Rangifer tarandus,car005,MO_car005,Mountain caribou in British Columbia,0.008370193
2282779743,TRUE,2004-02-27 15:55:00.000,-122.5733645,55.63567543,,Moberly,Winter,radio-transmitter,Rangifer tarandus,car005,MO_car005,Mountain caribou in British Columbia,-0.011432689
2282779744,TRUE,2004-03-06 20:18:00.000,-122.5320076,55.6177152,,Moberly,Winter,radio-transmitter,Rangifer tarandus,car005,MO_car005,Mountain caribou in British Columbia,-0.022529371
2282779745,TRUE,2004-03-13 17:12:00.000,-122.5538979,55.630745,,Moberly,Winter,radio-transmitter,Rangifer tarandus,car005,MO_car005,Mountain caribou in British Columbia,-0.028671204
2282779746,TRUE,2004-03-23 20:14:00.000,-122.5352468,55.63917614,,Moberly,Winter,radio-transmitter,Rangifer tarandus,car005,MO_car005,Mountain caribou in British Columbia,0.086137848
2282779747,TRUE,2004-03-29 21:41:00.000,-122.5527802,55.62289651,,Moberly,Winter,radio-transmitter,Rangifer tarandus,car005,MO_car005,Mountain caribou in British Columbia,-0.021533441
2282779748,TRUE,2004-04-15 20:50:00.000,-122.5702339,55.63288796,,Moberly,Summer,radio-transmitter,Rangifer tarandus,car005,MO_car005,Mountain caribou in British Columbia,0.005767368
2282779749,TRUE,2004-04-28 19:03:00.000,-122.5360731,55.62302317,,Moberly,Summer,radio-transmitter,Rangifer tarandus,car005,MO_car005,Mountain caribou in British Columbia,-0.002215924
2282779750,TRUE,2004-05-11 21:01:00.000,-122.5022641,55.58296741,,Moberly,Summer,radio-transmitter,Rangifer tarandus,car005,MO_car005,Mountain caribou in British Columbia,0.072163319
2282779751,TRUE,2004-06-03 20:54:00.000,-122.4343065,55.59270076,,Moberly,Summer,radio-transmitter,Rangifer tarandus,car005,MO_car005,Mountain caribou in British Columbia,0.699164072
2282779752,TRUE,2004-06-17 21:38:00.000,-122.4332424,55.60928343,,Moberly,Summer,radio-transmitter,Rangifer tarandus,car005,MO_car005,Mountain caribou in British Columbia,0.706751633
2282779753,TRUE,2004-06-30 20:24:00.000,-122.5284781,55.5731059,,Moberly,Summer,radio-transmitter,Rangifer tarandus,car005,MO_car005,Mountain caribou in British Columbia,0.690275821
2282779754,TRUE,2004-07-14 21:36:00.000,-122.4403358,55.58938575,,Moberly,Summer,radio-transmitter,Rangifer tarandus,car005,MO_car005,Mountain caribou in British Columbia,0.778841282
2282779755,TRUE,2004-07-28 21:20:00.000,-122.5131782,55.57912941,,Moberly,Summer,radio-transmitter,Rangifer tarandus,car005,MO_car005,Mountain caribou in British Columbia,0.725312094
2282779756,TRUE,2004-08-11 23:17:00.000,-122.5285006,55.56593541,,Moberly,Summer,radio-transmitter,Rangifer tarandus,car005,MO_car005,Mountain caribou in British Columbia,0.74871117
2282779757,TRUE,2004-08-25 21:19:00.000,-122.4428084,55.61084584,,Moberly,Summer,radio-transmitter,Rangifer tarandus,car005,MO_car005,Mountain caribou in British Columbia,0.63064598
2282779758,TRUE,2004-09-12 19:24:00.000,-122.5698518,55.61411573,,Moberly,Summer,radio-transmitter,Rangifer tarandus,car005,MO_car005,Mountain caribou in British Columbia,0.428595321
2282779759,TRUE,2004-09-27 18:34:00.000,-122.5786568,55.62359014,,Moberly,Summer,radio-transmitter,Rangifer tarandus,car005,MO_car005,Mountain caribou in British Columbia,0.53293625
2282779760,TRUE,2004-10-14 20:33:00.000,-122.4987657,55.58860515,,Moberly,Summer,radio-transmitter,Rangifer tarandus,car005,MO_car005,Mountain caribou in British Columbia,0.39171748
2282779761,TRUE,2004-11-06 20:32:00.000,-122.4546718,55.64824346,,Moberly,Winter,radio-transmitter,Rangifer tarandus,car005,MO_car005,Mountain caribou in British Columbia,0.09288507
2282779762,TRUE,2004-12-06 23:30:00.000,-122.4249177,55.67045485,,Moberly,Winter,radio-transmitter,Rangifer tarandus,car005,MO_car005,Mountain caribou in British Columbia,0.018287186
2282779763,TRUE,2004-12-12 20:00:00.000,-122.4110693,55.65247188,,Moberly,Winter,radio-transmitter,Rangifer tarandus,car005,MO_car005,Mountain caribou in British Columbia,0.055409523
2282779764,TRUE,2005-01-02 22:16:00.000,-122.4154043,55.65270826,,Moberly,Winter,radio-transmitter,Rangifer tarandus,car005,MO_car005,Mountain caribou in British Columbia,NaN
2282779765,TRUE,2005-01-25 23:40:00.000,-122.4289753,55.65166692,,Moberly,Winter,radio-transmitter,Rangifer tarandus,car005,MO_car005,Mountain caribou in British Columbia,NaN
2282779766,TRUE,2005-02-07 21:08:00.000,-122.4594446,55.65244288,,Moberly,Winter,radio-transmitter,Rangifer tarandus,car005,MO_car005,Mountain caribou in British Columbia,0.164175985
2282779767,TRUE,2005-02-14 22:49:00.000,-122.4384745,55.63195136,,Moberly,Winter,radio-transmitter,Rangifer tarandus,car005,MO_car005,Mountain caribou in British Columbia,0.021117573
2282779768,TRUE,2005-02-21 22:07:00.000,-122.4462699,55.63670424,,Moberly,Winter,radio-transmitter,Rangifer tarandus,car005,MO_car005,Mountain caribou in British Columbia,0.073581426
2282779769,TRUE,2005-02-28 22:17:00.000,-122.4374326,55.63593621,,Moberly,Winter,radio-transmitter,Rangifer tarandus,car005,MO_car005,Mountain caribou in British Columbia,-0.021479325
2282779770,TRUE,2005-03-12 21:40:00.000,-122.4423773,55.67476761,,Moberly,Winter,radio-transmitter,Rangifer tarandus,car005,MO_car005,Mountain caribou in British Columbia,0.048922417
2282779771,TRUE,2005-03-14 22:26:00.000,-122.4385257,55.67390541,,Moberly,Winter,radio-transmitter,Rangifer tarandus,car005,MO_car005,Mountain caribou in British Columbia,0.035847816
2282779772,TRUE,2005-03-24 16:26:00.000,-122.415126,55.66178241,,Moberly,Winter,radio-transmitter,Rangifer tarandus,car005,MO_car005,Mountain caribou in British Columbia,0.006918514
2282779773,TRUE,2005-04-18 18:34:00.000,-122.4416258,55.67728914,,Moberly,Summer,radio-transmitter,Rangifer tarandus,car005,MO_car005,Mountain caribou in British Columbia,0.026691886
2282779774,TRUE,2005-05-02 22:28:00.000,-122.5646927,55.64271661,,Moberly,Summer,radio-transmitter,Rangifer tarandus,car005,MO_car005,Mountain caribou in British Columbia,4.97E-04
2282779775,TRUE,2005-05-18 21:08:00.000,-122.4365309,55.63568047,,Moberly,Summer,radio-transmitter,Rangifer tarandus,car005,MO_car005,Mountain caribou in British Columbia,0.056865597
2282779776,TRUE,2005-06-08 21:48:00.000,-122.4712611,55.66239648,,Moberly,Summer,radio-transmitter,Rangifer tarandus,car005,MO_car005,Mountain caribou in British Columbia,0.568116551
2282779777,TRUE,2005-06-28 19:00:00.000,-122.5753538,55.62505239,,Moberly,Summer,radio-transmitter,Rangifer tarandus,car005,MO_car005,Mountain caribou in British Columbia,0.393482963
2282779778,TRUE,2005-07-21 19:00:00.000,-122.46184,55.63421262,,Moberly,Summer,radio-transmitter,Rangifer tarandus,car005,MO_car005,Mountain caribou in British Columbia,0.65046558
2282779779,TRUE,2005-08-10 22:45:00.000,-122.4659935,55.64883238,,Moberly,Summer,radio-transmitter,Rangifer tarandus,car005,MO_car005,Mountain caribou in British Columbia,0.722930266
2282779780,TRUE,2005-08-25 00:30:00.000,-122.4598891,55.65363094,,Moberly,Summer,radio-transmitter,Rangifer tarandus,car005,MO_car005,Mountain caribou in British Columbia,0.784102515
2282779781,TRUE,2005-09-07 01:42:00.000,-122.45927,55.65819289,,Moberly,Summer,radio-transmitter,Rangifer tarandus,car005,MO_car005,Mountain caribou in British Columbia,0.746869647
2282779782,TRUE,2005-10-18 23:30:00.000,-122.4684171,55.65291338,,Moberly,Summer,radio-transmitter,Rangifer tarandus,car005,MO_car005,Mountain caribou in British Columbia,0.183470701
2282779783,TRUE,2005-11-23 23:40:00.000,-122.3921739,55.63605283,,Moberly,Winter,radio-transmitter,Rangifer tarandus,car005,MO_car005,Mountain caribou in British Columbia,0.480074977
2282779784,TRUE,2005-12-03 22:19:00.000,-122.32104,55.693871,,Moberly,Winter,radio-transmitter,Rangifer tarandus,car005,MO_car005,Mountain caribou in British Columbia,0.349444199
2282779785,TRUE,2006-01-03 22:20:00.000,-122.3124428,55.6579704,,Moberly,Winter,radio-transmitter,Rangifer tarandus,car005,MO_car005,Mountain caribou in British Columbia,0.176737582
2282779786,TRUE,2006-01-29 20:35:00.000,-122.311753,55.69365756,,Moberly,Winter,radio-transmitter,Rangifer tarandus,car005,MO_car005,Mountain caribou in British Columbia,0.241959541
2282779787,TRUE,2006-02-16 20:00:00.000,-122.3163366,55.6607238,,Moberly,Winter,radio-transmitter,Rangifer tarandus,car005,MO_car005,Mountain caribou in British Columbia,0.16147274
2282779788,TRUE,2006-03-19 20:00:00.000,-122.4628821,55.65440785,,Moberly,Winter,radio-transmitter,Rangifer tarandus,car005,MO_car005,Mountain caribou in British Columbia,0.124355919
2282779789,TRUE,2006-04-04 19:00:00.000,-122.422432,55.65787232,,Moberly,Summer,radio-transmitter,Rangifer tarandus,car005,MO_car005,Mountain caribou in British Columbia,0.001793826
2282779790,TRUE,2006-04-24 19:00:00.000,-122.4172128,55.6047604,,Moberly,Summer,radio-transmitter,Rangifer tarandus,car005,MO_car005,Mountain caribou in British Columbia,0.036634172
2282779791,TRUE,2006-05-13 19:00:00.000,-122.4110385,55.61322238,,Moberly,Summer,radio-transmitter,Rangifer tarandus,car005,MO_car005,Mountain caribou in British Columbia,0.018762985
2282779792,TRUE,2006-05-30 19:00:00.000,-122.4342471,55.57697549,,Moberly,Summer,radio-transmitter,Rangifer tarandus,car005,MO_car005,Mountain caribou in British Columbia,0.739831469
2282779793,TRUE,2002-05-02 19:00:00.000,-122.4784705,55.87070046,,Moberly,Summer,radio-transmitter,Rangifer tarandus,car006,MO_car006,Mountain caribou in British Columbia,-0.026018007
2282779794,TRUE,2002-05-15 19:00:00.000,-122.4890387,55.85450838,,Moberly,Summer,radio-transmitter,Rangifer tarandus,car006,MO_car006,Mountain caribou in British Columbia,0.011960301
2282779795,TRUE,2002-05-27 19:00:00.000,-122.4760102,55.85283625,,Moberly,Summer,radio-transmitter,Rangifer tarandus,car006,MO_car006,Mountain caribou in British Columbia,-0.007598791
2282779796,TRUE,2002-06-10 19:00:00.000,-122.4328973,55.86821669,,Moberly,Summer,radio-transmitter,Rangifer tarandus,car006,MO_car006,Mountain caribou in British Columbia,0.691369734
2282779797,TRUE,2002-06-24 19:00:00.000,-122.5026673,55.85054778,,Moberly,Summer,radio-transmitter,Rangifer tarandus,car006,MO_car006,Mountain caribou in British Columbia,0.634512585
2282779798,TRUE,2002-07-02 19:00:00.000,-122.5025937,55.85131124,,Moberly,Summer,radio-transmitter,Rangifer tarandus,car006,MO_car006,Mountain caribou in British Columbia,0.65283148
2282779799,TRUE,2002-07-08 19:00:00.000,-122.4988237,55.85382081,,Moberly,Summer,radio-transmitter,Rangifer tarandus,car006,MO_car006,Mountain caribou in British Columbia,0.522404919
2282779800,TRUE,2002-07-22 19:00:00.000,-122.5212607,55.7373161,,Moberly,Summer,radio-transmitter,Rangifer tarandus,car006,MO_car006,Mountain caribou in British Columbia,0.665539904
2282779801,TRUE,2002-08-11 19:00:00.000,-122.4342747,55.73597596,,Moberly,Summer,radio-transmitter,Rangifer tarandus,car006,MO_car006,Mountain caribou in British Columbia,0.657889667
2282779802,TRUE,2002-08-23 19:00:00.000,-122.4432276,55.74697914,,Moberly,Summer,radio-transmitter,Rangifer tarandus,car006,MO_car006,Mountain caribou in British Columbia,0.773984891
2282779803,TRUE,2002-09-30 19:00:00.000,-122.4309383,55.74965443,,Moberly,Summer,radio-transmitter,Rangifer tarandus,car006,MO_car006,Mountain caribou in British Columbia,0.326322337
2282779804,TRUE,2002-10-21 19:00:00.000,-122.4139368,55.82312927,,Moberly,Summer,radio-transmitter,Rangifer tarandus,car006,MO_car006,Mountain caribou in British Columbia,0.650159078
2282779805,TRUE,2002-11-05 20:00:00.000,-122.4052156,55.78377624,,Moberly,Winter,radio-transmitter,Rangifer tarandus,car006,MO_car006,Mountain caribou in British Columbia,0.727810296
2282779806,TRUE,2002-12-09 20:00:00.000,-122.4198587,55.8627917,,Moberly,Winter,radio-transmitter,Rangifer tarandus,car006,MO_car006,Mountain caribou in British Columbia,0.600145578
2282779807,TRUE,2003-01-08 20:00:00.000,-122.431288,55.85368001,,Moberly,Winter,radio-transmitter,Rangifer tarandus,car006,MO_car006,Mountain caribou in British Columbia,0.559216614
2282779808,TRUE,2003-01-21 20:00:00.000,-122.4342008,55.8587971,,Moberly,Winter,radio-transmitter,Rangifer tarandus,car006,MO_car006,Mountain caribou in British Columbia,0.235666212
2282779809,TRUE,2003-01-29 20:00:00.000,-122.4491341,55.84780392,,Moberly,Winter,radio-transmitter,Rangifer tarandus,car006,MO_car006,Mountain caribou in British Columbia,0.192156
2282779810,TRUE,2003-02-03 20:00:00.000,-122.4158743,55.85786687,,Moberly,Winter,radio-transmitter,Rangifer tarandus,car006,MO_car006,Mountain caribou in British Columbia,0.488430511
2282779811,TRUE,2003-03-07 20:00:00.000,-122.4098732,55.84905058,,Moberly,Winter,radio-transmitter,Rangifer tarandus,car006,MO_car006,Mountain caribou in British Columbia,0.094269443
2282779812,TRUE,2003-03-27 20:00:00.000,-122.4178242,55.85887348,,Moberly,Winter,radio-transmitter,Rangifer tarandus,car006,MO_car006,Mountain caribou in British Columbia,0.219233845
2282779813,TRUE,2003-04-17 19:00:00.000,-122.433557,55.8602228,,Moberly,Summer,radio-transmitter,Rangifer tarandus,car006,MO_car006,Mountain caribou in British Columbia,0.167879939
2282779814,TRUE,2003-05-08 19:00:00.000,-122.4364122,55.86605838,,Moberly,Summer,radio-transmitter,Rangifer tarandus,car006,MO_car006,Mountain caribou in British Columbia,0.434994964
2282779815,TRUE,2003-05-21 19:00:00.000,-122.4009609,55.86150613,,Moberly,Summer,radio-transmitter,Rangifer tarandus,car006,MO_car006,Mountain caribou in British Columbia,0.519838844
2282779816,TRUE,2003-06-04 22:27:00.000,-122.5066316,55.86290951,,Moberly,Summer,radio-transmitter,Rangifer tarandus,car006,MO_car006,Mountain caribou in British Columbia,0.324511736
2282779817,TRUE,2003-06-19 19:32:00.000,-122.4463547,55.74214111,,Moberly,Summer,radio-transmitter,Rangifer tarandus,car006,MO_car006,Mountain caribou in British Columbia,0.679035992
2282779818,TRUE,2003-07-06 18:49:00.000,-122.4948322,55.72180919,,Moberly,Summer,radio-transmitter,Rangifer tarandus,car006,MO_car006,Mountain caribou in British Columbia,0.685695466
2282779819,TRUE,2003-07-16 21:44:00.000,-122.4239099,55.75848136,,Moberly,Summer,radio-transmitter,Rangifer tarandus,car006,MO_car006,Mountain caribou in British Columbia,0.618316211
2282779820,TRUE,2003-07-31 21:45:00.000,-122.6142276,55.73837096,,Moberly,Summer,radio-transmitter,Rangifer tarandus,car006,MO_car006,Mountain caribou in British Columbia,0.765347212
2282779821,TRUE,2003-08-25 18:36:00.000,-122.5648739,55.73237456,,Moberly,Summer,radio-transmitter,Rangifer tarandus,car006,MO_car006,Mountain caribou in British Columbia,0.763707599
2282779822,TRUE,2003-09-14 19:14:00.000,-122.711295,55.76063351,,Moberly,Summer,radio-transmitter,Rangifer tarandus,car006,MO_car006,Mountain caribou in British Columbia,0.729343167
2282779823,TRUE,2003-09-27 21:58:00.000,-122.70166,55.75984674,,Moberly,Summer,radio-transmitter,Rangifer tarandus,car006,MO_car006,Mountain caribou in British Columbia,0.748492316
2282779824,TRUE,2003-10-11 21:59:00.000,-122.5197127,55.7907283,,Moberly,Summer,radio-transmitter,Rangifer tarandus,car006,MO_car006,Mountain caribou in British Columbia,0.732900781
2282779825,TRUE,2003-11-02 22:11:00.000,-122.5452506,55.79302681,,Moberly,Winter,radio-transmitter,Rangifer tarandus,car006,MO_car006,Mountain caribou in British Columbia,0.241776335
2282779826,TRUE,2003-11-29 20:58:00.000,-122.5073243,55.81953126,,Moberly,Winter,radio-transmitter,Rangifer tarandus,car006,MO_car006,Mountain caribou in British Columbia,0.070699661
2282779827,TRUE,2003-12-10 20:14:00.000,-122.4328587,55.86757855,,Moberly,Winter,radio-transmitter,Rangifer tarandus,car006,MO_car006,Mountain caribou in British Columbia,0.196023004
2282779828,TRUE,2003-12-19 19:38:00.000,-122.4911977,55.87875959,,Moberly,Winter,radio-transmitter,Rangifer tarandus,car006,MO_car006,Mountain caribou in British Columbia,-0.02117496
2282779829,TRUE,2003-12-27 16:51:00.000,-122.5309384,55.87576359,,Moberly,Winter,radio-transmitter,Rangifer tarandus,car006,MO_car006,Mountain caribou in British Columbia,0.487910591
2282779830,TRUE,2004-01-02 17:35:00.000,-122.4994341,55.8398871,,Moberly,Winter,radio-transmitter,Rangifer tarandus,car006,MO_car006,Mountain caribou in British Columbia,0.346600917
2282779831,TRUE,2004-01-11 19:04:00.000,-122.5052894,55.84027918,,Moberly,Winter,radio-transmitter,Rangifer tarandus,car006,MO_car006,Mountain caribou in British Columbia,0.379705807
2282779832,TRUE,2004-01-16 19:59:00.000,-122.5045655,55.83693373,,Moberly,Winter,radio-transmitter,Rangifer tarandus,car006,MO_car006,Mountain caribou in British Columbia,0.369658984
2282779833,TRUE,2004-01-26 20:29:00.000,-122.3853852,55.85733202,,Moberly,Winter,radio-transmitter,Rangifer tarandus,car006,MO_car006,Mountain caribou in British Columbia,0.119618518
2282779834,TRUE,2004-02-01 19:50:00.000,-122.5396813,55.82439185,,Moberly,Winter,radio-transmitter,Rangifer tarandus,car006,MO_car006,Mountain caribou in British Columbia,0.554729815
2282779835,TRUE,2004-02-04 22:42:00.000,-122.5477647,55.80317155,,Moberly,Winter,radio-transmitter,Rangifer tarandus,car006,MO_car006,Mountain caribou in British Columbia,0.023281466
2282779836,TRUE,2004-02-08 21:42:00.000,-122.5323352,55.85795115,,Moberly,Winter,radio-transmitter,Rangifer tarandus,car006,MO_car006,Mountain caribou in British Columbia,0.638731321
2282779837,TRUE,2004-02-12 22:22:00.000,-122.5248044,55.83883757,,Moberly,Winter,radio-transmitter,Rangifer tarandus,car006,MO_car006,Mountain caribou in British Columbia,0.655388798
2282779838,TRUE,2004-02-21 22:39:00.000,-122.5328889,55.85041462,,Moberly,Winter,radio-transmitter,Rangifer tarandus,car006,MO_car006,Mountain caribou in British Columbia,0.720588199
2282779839,TRUE,2004-02-27 16:48:00.000,-122.5355574,55.84764826,,Moberly,Winter,radio-transmitter,Rangifer tarandus,car006,MO_car006,Mountain caribou in British Columbia,0.675584024
2282779840,TRUE,2004-03-06 20:52:00.000,-122.5352094,55.85405345,,Moberly,Winter,radio-transmitter,Rangifer tarandus,car006,MO_car006,Mountain caribou in British Columbia,0.594483383
2282779841,TRUE,2004-03-13 17:42:00.000,-122.5449795,55.8504689,,Moberly,Winter,radio-transmitter,Rangifer tarandus,car006,MO_car006,Mountain caribou in British Columbia,0.362097725
2282779842,TRUE,2004-03-23 20:55:00.000,-122.5505779,55.84561945,,Moberly,Winter,radio-transmitter,Rangifer tarandus,car006,MO_car006,Mountain caribou in British Columbia,0.547874606
2282779843,TRUE,2004-03-28 18:20:00.000,-122.5441208,55.84741073,,Moberly,Winter,radio-transmitter,Rangifer tarandus,car006,MO_car006,Mountain caribou in British Columbia,0.652213185
2282779844,TRUE,2004-03-29 22:18:00.000,-122.5527389,55.85074893,,Moberly,Winter,radio-transmitter,Rangifer tarandus,car006,MO_car006,Mountain caribou in British Columbia,0.672476538
2282779845,TRUE,2004-03-31 18:20:00.000,-122.5434169,55.85023848,,Moberly,Winter,radio-transmitter,Rangifer tarandus,car006,MO_car006,Mountain caribou in British Columbia,0.616394271
2282779846,TRUE,2004-04-15 20:35:00.000,-122.5115727,55.84730382,,Moberly,Summer,radio-transmitter,Rangifer tarandus,car006,MO_car006,Mountain caribou in British Columbia,0.392148511
2282779847,TRUE,2004-04-28 18:39:00.000,-122.4863608,55.83105456,,Moberly,Summer,radio-transmitter,Rangifer tarandus,car006,MO_car006,Mountain caribou in British Columbia,0.524157032
2282779848,TRUE,2004-05-11 20:22:00.000,-122.4890682,55.82912501,,Moberly,Summer,radio-transmitter,Rangifer tarandus,car006,MO_car006,Mountain caribou in British Columbia,0.602717106
2282779849,TRUE,2004-06-03 21:28:00.000,-122.4035196,55.77997616,,Moberly,Summer,radio-transmitter,Rangifer tarandus,car006,MO_car006,Mountain caribou in British Columbia,0.675000527
2282779850,TRUE,2004-06-17 21:29:00.000,-122.4449788,55.74705895,,Moberly,Summer,radio-transmitter,Rangifer tarandus,car006,MO_car006,Mountain caribou in British Columbia,0.708797919
2282779851,TRUE,2004-07-14 21:39:00.000,-122.5591488,55.73310893,,Moberly,Summer,radio-transmitter,Rangifer tarandus,car006,MO_car006,Mountain caribou in British Columbia,0.798761845
2282779852,TRUE,2004-07-28 21:46:00.000,-122.5553469,55.74116414,,Moberly,Summer,radio-transmitter,Rangifer tarandus,car006,MO_car006,Mountain caribou in British Columbia,0.67120167
2282779853,TRUE,2004-08-11 23:36:00.000,-122.5778168,55.72384761,,Moberly,Summer,radio-transmitter,Rangifer tarandus,car006,MO_car006,Mountain caribou in British Columbia,0.72963614
2282779854,TRUE,2004-08-25 21:40:00.000,-122.6812199,55.71430244,,Moberly,Summer,radio-transmitter,Rangifer tarandus,car006,MO_car006,Mountain caribou in British Columbia,0.741118171
2282779855,TRUE,2004-09-12 19:46:00.000,-122.6440341,55.77075433,,Moberly,Summer,radio-transmitter,Rangifer tarandus,car006,MO_car006,Mountain caribou in British Columbia,0.738453267
2282779856,TRUE,2004-09-27 19:05:00.000,-122.561284,55.73583915,,Moberly,Summer,radio-transmitter,Rangifer tarandus,car006,MO_car006,Mountain caribou in British Columbia,0.717071335
2282779857,TRUE,2004-10-14 20:42:00.000,-122.5787898,55.72811005,,Moberly,Summer,radio-transmitter,Rangifer tarandus,car006,MO_car006,Mountain caribou in British Columbia,0.41984441
2282779858,TRUE,2004-11-06 20:00:00.000,-122.5164136,55.75450422,,Moberly,Winter,radio-transmitter,Rangifer tarandus,car006,MO_car006,Mountain caribou in British Columbia,-0.066984867
2282779859,TRUE,2004-12-06 23:45:00.000,-122.5407383,55.75360913,,Moberly,Winter,radio-transmitter,Rangifer tarandus,car006,MO_car006,Mountain caribou in British Columbia,-0.022774041
2282779860,TRUE,2004-12-12 23:04:00.000,-122.4463712,55.75560142,,Moberly,Winter,radio-transmitter,Rangifer tarandus,car006,MO_car006,Mountain caribou in British Columbia,0.012851967
2282779861,TRUE,2005-01-02 21:45:00.000,-122.4539439,55.83624327,,Moberly,Winter,radio-transmitter,Rangifer tarandus,car006,MO_car006,Mountain caribou in British Columbia,0.060169652
2282779862,TRUE,2005-01-25 23:13:00.000,-122.4388985,55.88756254,,Moberly,Winter,radio-transmitter,Rangifer tarandus,car006,MO_car006,Mountain caribou in British Columbia,0.306245746
2282779863,TRUE,2005-02-07 20:50:00.000,-122.4406729,55.8975802,,Moberly,Winter,radio-transmitter,Rangifer tarandus,car006,MO_car006,Mountain caribou in British Columbia,0.647832003
2282779864,TRUE,2005-02-14 22:21:00.000,-122.4763244,55.8924177,,Moberly,Winter,radio-transmitter,Rangifer tarandus,car006,MO_car006,Mountain caribou in British Columbia,0.100928333
2282779865,TRUE,2005-02-16 00:50:00.000,-122.4730245,55.8916848,,Moberly,Winter,radio-transmitter,Rangifer tarandus,car006,MO_car006,Mountain caribou in British Columbia,0.136931094
2282779866,TRUE,2005-02-21 22:46:00.000,-122.4975468,55.92056694,,Moberly,Winter,radio-transmitter,Rangifer tarandus,car006,MO_car006,Mountain caribou in British Columbia,0.521947758
2282779867,TRUE,2005-02-22 17:13:00.000,-122.5051159,55.92053468,,Moberly,Winter,radio-transmitter,Rangifer tarandus,car006,MO_car006,Mountain caribou in British Columbia,0.517604721
2282779868,TRUE,2005-02-28 22:45:00.000,-122.5400765,55.94504688,,Moberly,Winter,radio-transmitter,Rangifer tarandus,car006,MO_car006,Mountain caribou in British Columbia,0.229983633
2282779869,TRUE,2005-03-02 00:30:00.000,-122.5268796,55.95583299,,Moberly,Winter,radio-transmitter,Rangifer tarandus,car006,MO_car006,Mountain caribou in British Columbia,0.657731445
2282779870,TRUE,2005-03-12 21:21:00.000,-122.4818713,55.87693263,,Moberly,Winter,radio-transmitter,Rangifer tarandus,car006,MO_car006,Mountain caribou in British Columbia,0.031942852
2282779871,TRUE,2005-03-14 22:05:00.000,-122.485009,55.86569623,,Moberly,Winter,radio-transmitter,Rangifer tarandus,car006,MO_car006,Mountain caribou in British Columbia,-0.018077295
2282779872,TRUE,2005-03-24 15:47:00.000,-122.4641657,55.8673594,,Moberly,Winter,radio-transmitter,Rangifer tarandus,car006,MO_car006,Mountain caribou in British Columbia,0.032928243
2282779873,TRUE,2005-04-18 18:10:00.000,-122.4675344,55.88859722,,Moberly,Summer,radio-transmitter,Rangifer tarandus,car006,MO_car006,Mountain caribou in British Columbia,0.146763788
2282779874,TRUE,2005-05-02 22:04:00.000,-122.4835329,55.87939258,,Moberly,Summer,radio-transmitter,Rangifer tarandus,car006,MO_car006,Mountain caribou in British Columbia,0.070412659
2282779875,TRUE,2005-06-08 22:32:00.000,-122.4498514,55.75060316,,Moberly,Summer,radio-transmitter,Rangifer tarandus,car006,MO_car006,Mountain caribou in British Columbia,0.464650598
2282779876,TRUE,2005-06-28 19:00:00.000,-122.4475911,55.74820289,,Moberly,Summer,radio-transmitter,Rangifer tarandus,car006,MO_car006,Mountain caribou in British Columbia,0.689155696
2282779877,TRUE,2005-07-21 19:00:00.000,-122.5630377,55.73138863,,Moberly,Summer,radio-transmitter,Rangifer tarandus,car006,MO_car006,Mountain caribou in British Columbia,0.606706498
2282779878,TRUE,2005-08-10 22:55:00.000,-122.557638,55.7357542,,Moberly,Summer,radio-transmitter,Rangifer tarandus,car006,MO_car006,Mountain caribou in British Columbia,0.725804527
2282779879,TRUE,2005-08-25 00:50:00.000,-122.667568,55.72123894,,Moberly,Summer,radio-transmitter,Rangifer tarandus,car006,MO_car006,Mountain caribou in British Columbia,0.747241236
2282779880,TRUE,2005-09-07 01:55:00.000,-122.6518313,55.72215679,,Moberly,Summer,radio-transmitter,Rangifer tarandus,car006,MO_car006,Mountain caribou in British Columbia,0.754901114
2282779881,TRUE,2005-10-18 23:45:00.000,-122.4903785,55.78994531,,Moberly,Summer,radio-transmitter,Rangifer tarandus,car006,MO_car006,Mountain caribou in British Columbia,0.664246182
2282779882,TRUE,2005-11-23 23:56:00.000,-122.4832009,55.7767787,,Moberly,Winter,radio-transmitter,Rangifer tarandus,car006,MO_car006,Mountain caribou in British Columbia,0.413812536
2282779883,TRUE,2005-12-03 22:32:00.000,-122.5218938,55.78583079,,Moberly,Winter,radio-transmitter,Rangifer tarandus,car006,MO_car006,Mountain caribou in British Columbia,0.291003669
2282779884,TRUE,2006-01-03 22:43:00.000,-122.4975736,55.86157001,,Moberly,Winter,radio-transmitter,Rangifer tarandus,car006,MO_car006,Mountain caribou in British Columbia,0.111449036
2282779885,TRUE,2006-01-29 20:50:00.000,-122.5397837,55.93867532,,Moberly,Winter,radio-transmitter,Rangifer tarandus,car006,MO_car006,Mountain caribou in British Columbia,0.085078249
2282779886,TRUE,2006-02-16 20:00:00.000,-122.5406223,55.93004372,,Moberly,Winter,radio-transmitter,Rangifer tarandus,car006,MO_car006,Mountain caribou in British Columbia,0.056485916
2282779887,TRUE,2006-03-19 20:00:00.000,-122.5315609,55.93820406,,Moberly,Winter,radio-transmitter,Rangifer tarandus,car006,MO_car006,Mountain caribou in British Columbia,0.183353785
2282779888,TRUE,2006-04-04 19:00:00.000,-122.5704069,55.97063809,,Moberly,Summer,radio-transmitter,Rangifer tarandus,car006,MO_car006,Mountain caribou in British Columbia,0.383177776
2282779889,TRUE,2006-04-24 19:00:00.000,-122.512611,55.91108519,,Moberly,Summer,radio-transmitter,Rangifer tarandus,car006,MO_car006,Mountain caribou in British Columbia,0.390393036
2282779890,TRUE,2006-05-13 19:00:00.000,-122.4909458,55.88945997,,Moberly,Summer,radio-transmitter,Rangifer tarandus,car006,MO_car006,Mountain caribou in British Columbia,0.605188607
2282779891,TRUE,2006-05-30 19:00:00.000,-122.446229,55.74989501,,Moberly,Summer,radio-transmitter,Rangifer tarandus,car006,MO_car006,Mountain caribou in British Columbia,0.441499386
2282779892,TRUE,2006-06-24 19:00:00.000,-122.4495751,55.74985613,,Moberly,Summer,radio-transmitter,Rangifer tarandus,car006,MO_car006,Mountain caribou in British Columbia,0.727980466
2282779893,TRUE,2006-07-16 19:00:00.000,-122.5601564,55.73272616,,Moberly,Summer,radio-transmitter,Rangifer tarandus,car006,MO_car006,Mountain caribou in British Columbia,0.815189177
2282779894,TRUE,2006-08-16 19:00:00.000,-122.5419587,55.71199312,,Moberly,Summer,radio-transmitter,Rangifer tarandus,car006,MO_car006,Mountain caribou in British Columbia,0.722084959
2282779895,TRUE,2006-09-02 19:14:00.000,-122.5754175,55.71754054,,Moberly,Summer,radio-transmitter,Rangifer tarandus,car006,MO_car006,Mountain caribou in British Columbia,0.684085498
2282779896,TRUE,2006-10-04 18:17:00.000,-122.5520706,55.73656967,,Moberly,Summer,radio-transmitter,Rangifer tarandus,car006,MO_car006,Mountain caribou in British Columbia,0.619089058
2282779897,TRUE,2006-12-16 22:55:00.000,-122.5638901,55.8134461,,Moberly,Winter,radio-transmitter,Rangifer tarandus,car006,MO_car006,Mountain caribou in British Columbia,-0.019949157
2282779898,TRUE,2007-01-27 18:12:00.000,-122.5876294,55.79732745,,Moberly,Winter,radio-transmitter,Rangifer tarandus,car006,MO_car006,Mountain caribou in British Columbia,0.092125217
2282779899,TRUE,2007-02-13 19:43:00.000,-122.5866436,55.79702762,,Moberly,Winter,radio-transmitter,Rangifer tarandus,car006,MO_car006,Mountain caribou in British Columbia,0.054574889
2282779900,TRUE,2007-03-18 22:45:00.000,-122.5896688,55.80209649,,Moberly,Winter,radio-transmitter,Rangifer tarandus,car006,MO_car006,Mountain caribou in British Columbia,0.087655031
2282779901,TRUE,2007-03-22 19:00:00.000,-122.5837068,55.79870696,,Moberly,Winter,radio-transmitter,Rangifer tarandus,car006,MO_car006,Mountain caribou in British Columbia,0.034648083
2282779902,TRUE,2007-04-02 19:00:00.000,-122.5811627,55.80984012,,Moberly,Summer,radio-transmitter,Rangifer tarandus,car006,MO_car006,Mountain caribou in British Columbia,0.026990775
2282779903,TRUE,2007-04-30 19:00:00.000,-122.5731347,55.81003715,,Moberly,Summer,radio-transmitter,Rangifer tarandus,car006,MO_car006,Mountain caribou in British Columbia,0.027173511
2282779904,TRUE,2007-05-14 20:55:00.000,-122.5612737,55.81623122,,Moberly,Summer,radio-transmitter,Rangifer tarandus,car006,MO_car006,Mountain caribou in British Columbia,0.216120061
2282779905,TRUE,2007-05-29 18:39:00.000,-122.5675347,55.80999063,,Moberly,Summer,radio-transmitter,Rangifer tarandus,car006,MO_car006,Mountain caribou in British Columbia,0.078578366
2282779906,TRUE,2007-06-25 02:10:00.000,-122.5702827,55.785039,,Moberly,Summer,radio-transmitter,Rangifer tarandus,car006,MO_car006,Mountain caribou in British Columbia,0.389969689
2282779907,TRUE,2007-07-07 19:38:00.000,-122.4992781,55.73392183,,Moberly,Summer,radio-transmitter,Rangifer tarandus,car006,MO_car006,Mountain caribou in British Columbia,0.525937821
2282779908,TRUE,2007-07-28 03:35:00.000,-122.4492949,55.75165196,,Moberly,Summer,radio-transmitter,Rangifer tarandus,car006,MO_car006,Mountain caribou in British Columbia,0.716421227
2282779909,TRUE,2007-09-02 01:12:00.000,-122.4854517,55.78502775,,Moberly,Summer,radio-transmitter,Rangifer tarandus,car006,MO_car006,Mountain caribou in British Columbia,0.638194412
2282779910,TRUE,2007-09-16 01:55:00.000,-122.4824643,55.78544651,,Moberly,Summer,radio-transmitter,Rangifer tarandus,car006,MO_car006,Mountain caribou in British Columbia,0.640820924
2282779911,TRUE,2007-10-12 19:00:00.000,-122.4818619,55.78036723,,Moberly,Summer,radio-transmitter,Rangifer tarandus,car006,MO_car006,Mountain caribou in British Columbia,0.451727327
2282779912,TRUE,2007-11-14 20:15:00.000,-122.4582013,55.77806381,,Moberly,Winter,radio-transmitter,Rangifer tarandus,car006,MO_car006,Mountain caribou in British Columbia,0.299605992
2282779913,TRUE,2015-01-06 21:55:00.000,-122.4643154,55.77748858,,Moberly,Winter,radio-transmitter,Rangifer tarandus,car006,MO_car006,Mountain caribou in British Columbia,0.095292424
2282779914,TRUE,2015-01-23 18:14:00.000,-122.4727983,55.8009951,,Moberly,Winter,radio-transmitter,Rangifer tarandus,car006,MO_car006,Mountain caribou in British Columbia,0.075905269
2282779915,TRUE,2003-01-08 20:00:00.000,-122.4642643,55.61835459,,Moberly,Winter,radio-transmitter,Rangifer tarandus,car009,MO_car009,Mountain caribou in British Columbia,0.608996927
2282779916,TRUE,2003-01-21 20:00:00.000,-122.4068313,55.62374231,,Moberly,Winter,radio-transmitter,Rangifer tarandus,car009,MO_car009,Mountain caribou in British Columbia,0.064559324
2282779917,TRUE,2003-01-29 20:00:00.000,-122.4503318,55.58937705,,Moberly,Winter,radio-transmitter,Rangifer tarandus,car009,MO_car009,Mountain caribou in British Columbia,0.256211067
2282779918,TRUE,2003-02-03 20:00:00.000,-122.4033208,55.62589982,,Moberly,Winter,radio-transmitter,Rangifer tarandus,car009,MO_car009,Mountain caribou in British Columbia,0.117075426
2282779919,TRUE,2003-03-07 20:00:00.000,-122.4513822,55.63349238,,Moberly,Winter,radio-transmitter,Rangifer tarandus,car009,MO_car009,Mountain caribou in British Columbia,0.04394043
2282779920,TRUE,2003-03-27 20:00:00.000,-122.4149252,55.60702289,,Moberly,Winter,radio-transmitter,Rangifer tarandus,car009,MO_car009,Mountain caribou in British Columbia,0.004472476
2282779921,TRUE,2003-04-22 19:00:00.000,-122.4360177,55.63601957,,Moberly,Summer,radio-transmitter,Rangifer tarandus,car009,MO_car009,Mountain caribou in British Columbia,3.36E-04
2282779922,TRUE,2003-05-21 19:00:00.000,-122.5726505,55.64143269,,Moberly,Summer,radio-transmitter,Rangifer tarandus,car009,MO_car009,Mountain caribou in British Columbia,0.00548738
2282779923,TRUE,2003-06-04 21:46:00.000,-122.5814654,55.53880221,,Moberly,Summer,radio-transmitter,Rangifer tarandus,car009,MO_car009,Mountain caribou in British Columbia,0.611414623
2282779924,TRUE,2003-07-06 18:30:00.000,-122.5673831,55.57589115,,Moberly,Summer,radio-transmitter,Rangifer tarandus,car009,MO_car009,Mountain caribou in British Columbia,0.741994285
2282779925,TRUE,2003-07-16 21:59:00.000,-122.5328751,55.55541194,,Moberly,Summer,radio-transmitter,Rangifer tarandus,car009,MO_car009,Mountain caribou in British Columbia,0.679863255
2282779926,TRUE,2003-07-31 22:13:00.000,-122.5141319,55.54300167,,Moberly,Summer,radio-transmitter,Rangifer tarandus,car009,MO_car009,Mountain caribou in British Columbia,0.781394342
2282779927,TRUE,2003-08-25 17:59:00.000,-122.5603014,55.55102953,,Moberly,Summer,radio-transmitter,Rangifer tarandus,car009,MO_car009,Mountain caribou in British Columbia,0.736590041
2282779928,TRUE,2003-09-14 18:20:00.000,-122.5532415,55.54040086,,Moberly,Summer,radio-transmitter,Rangifer tarandus,car009,MO_car009,Mountain caribou in British Columbia,0.740235535
2282779929,TRUE,2003-09-27 21:19:00.000,-122.462869,55.63446872,,Moberly,Summer,radio-transmitter,Rangifer tarandus,car009,MO_car009,Mountain caribou in British Columbia,0.731602337
2282779930,TRUE,2003-10-11 21:16:00.000,-122.6240311,55.63136633,,Moberly,Summer,radio-transmitter,Rangifer tarandus,car009,MO_car009,Mountain caribou in British Columbia,0.493326858
2282779931,TRUE,2003-11-02 21:43:00.000,-122.5152236,55.62167558,,Moberly,Winter,radio-transmitter,Rangifer tarandus,car009,MO_car009,Mountain caribou in British Columbia,0.123659695
2282779932,TRUE,2003-11-08 20:00:00.000,-122.5094873,55.61434746,,Moberly,Winter,radio-transmitter,Rangifer tarandus,car009,MO_car009,Mountain caribou in British Columbia,0.098569077
2282779933,TRUE,2003-11-29 20:00:00.000,-122.4881032,55.58377173,,Moberly,Winter,radio-transmitter,Rangifer tarandus,car009,MO_car009,Mountain caribou in British Columbia,0.054680864
2282779934,TRUE,2003-12-10 19:12:00.000,-122.4297549,55.62864036,,Moberly,Winter,radio-transmitter,Rangifer tarandus,car009,MO_car009,Mountain caribou in British Columbia,-0.009254003
2282779935,TRUE,2003-12-21 17:22:00.000,-122.4126474,55.61923253,,Moberly,Winter,radio-transmitter,Rangifer tarandus,car009,MO_car009,Mountain caribou in British Columbia,0.036675267
2282779936,TRUE,2003-12-27 17:14:00.000,-122.4285755,55.65401929,,Moberly,Winter,radio-transmitter,Rangifer tarandus,car009,MO_car009,Mountain caribou in British Columbia,-0.024389924
2282779937,TRUE,2004-01-02 18:21:00.000,-122.4321868,55.66584314,,Moberly,Winter,radio-transmitter,Rangifer tarandus,car009,MO_car009,Mountain caribou in British Columbia,0.054850577
2282779938,TRUE,2004-01-03 17:50:00.000,-122.4336438,55.66622726,,Moberly,Winter,radio-transmitter,Rangifer tarandus,car009,MO_car009,Mountain caribou in British Columbia,0.058640041
2282779939,TRUE,2004-01-11 18:10:00.000,-122.4207797,55.63952487,,Moberly,Winter,radio-transmitter,Rangifer tarandus,car009,MO_car009,Mountain caribou in British Columbia,0.009046115
2282779940,TRUE,2004-01-16 20:25:00.000,-122.4385475,55.67349217,,Moberly,Winter,radio-transmitter,Rangifer tarandus,car009,MO_car009,Mountain caribou in British Columbia,0.002766521
2282779941,TRUE,2004-01-26 20:41:00.000,-122.5144183,55.60845454,,Moberly,Winter,radio-transmitter,Rangifer tarandus,car009,MO_car009,Mountain caribou in British Columbia,-0.013731679
2282779942,TRUE,2004-02-01 19:00:00.000,-122.5158215,55.62856092,,Moberly,Winter,radio-transmitter,Rangifer tarandus,car009,MO_car009,Mountain caribou in British Columbia,0.031976654
2282779943,TRUE,2004-02-04 20:41:00.000,-122.5118883,55.62427717,,Moberly,Winter,radio-transmitter,Rangifer tarandus,car009,MO_car009,Mountain caribou in British Columbia,0.05091158
2282779944,TRUE,2004-02-08 20:47:00.000,-122.5102278,55.62244647,,Moberly,Winter,radio-transmitter,Rangifer tarandus,car009,MO_car009,Mountain caribou in British Columbia,0.080125878
2282779945,TRUE,2004-02-12 21:42:00.000,-122.5824926,55.61978438,,Moberly,Winter,radio-transmitter,Rangifer tarandus,car009,MO_car009,Mountain caribou in British Columbia,NaN
2282779946,TRUE,2004-02-21 23:02:00.000,-122.5348169,55.62718773,,Moberly,Winter,radio-transmitter,Rangifer tarandus,car009,MO_car009,Mountain caribou in British Columbia,0.03477379
2282779947,TRUE,2004-02-27 16:11:00.000,-122.5404487,55.62635532,,Moberly,Winter,radio-transmitter,Rangifer tarandus,car009,MO_car009,Mountain caribou in British Columbia,0.016435927
2282779948,TRUE,2004-03-06 20:24:00.000,-122.5111075,55.60152244,,Moberly,Winter,radio-transmitter,Rangifer tarandus,car009,MO_car009,Mountain caribou in British Columbia,0.01368432
2282779949,TRUE,2004-03-13 16:58:00.000,-122.5181599,55.6179042,,Moberly,Winter,radio-transmitter,Rangifer tarandus,car009,MO_car009,Mountain caribou in British Columbia,0.017966082
2282779950,TRUE,2004-03-23 20:06:00.000,-122.5245034,55.63296187,,Moberly,Winter,radio-transmitter,Rangifer tarandus,car009,MO_car009,Mountain caribou in British Columbia,0.118277751
2282779951,TRUE,2004-03-28 18:05:00.000,-122.5335778,55.62988769,,Moberly,Winter,radio-transmitter,Rangifer tarandus,car009,MO_car009,Mountain caribou in British Columbia,0.016805357
2282779952,TRUE,2004-03-29 21:33:00.000,-122.5472473,55.62898642,,Moberly,Winter,radio-transmitter,Rangifer tarandus,car009,MO_car009,Mountain caribou in British Columbia,-0.005517338
2282779953,TRUE,2004-04-15 20:52:00.000,-122.5702339,55.63288796,,Moberly,Summer,radio-transmitter,Rangifer tarandus,car009,MO_car009,Mountain caribou in British Columbia,0.005764658
2282779954,TRUE,2004-04-28 19:05:00.000,-122.5360731,55.62302317,,Moberly,Summer,radio-transmitter,Rangifer tarandus,car009,MO_car009,Mountain caribou in British Columbia,-0.002214454
2282779955,TRUE,2004-05-11 20:45:00.000,-122.5440334,55.61442683,,Moberly,Summer,radio-transmitter,Rangifer tarandus,car009,MO_car009,Mountain caribou in British Columbia,-0.021340839
2282779956,TRUE,2004-06-03 21:00:00.000,-122.5146234,55.6034144,,Moberly,Summer,radio-transmitter,Rangifer tarandus,car009,MO_car009,Mountain caribou in British Columbia,0.099056325
2282779957,TRUE,2004-06-17 22:06:00.000,-122.5770546,55.54670347,,Moberly,Summer,radio-transmitter,Rangifer tarandus,car009,MO_car009,Mountain caribou in British Columbia,0.718056711
2282779958,TRUE,2004-06-30 20:10:00.000,-122.593673,55.55816253,,Moberly,Summer,radio-transmitter,Rangifer tarandus,car009,MO_car009,Mountain caribou in British Columbia,0.706189756
2282779959,TRUE,2004-07-14 21:11:00.000,-122.5683246,55.576811,,Moberly,Summer,radio-transmitter,Rangifer tarandus,car009,MO_car009,Mountain caribou in British Columbia,0.740530905
2282779960,TRUE,2004-07-28 21:14:00.000,-122.5172393,55.54548503,,Moberly,Summer,radio-transmitter,Rangifer tarandus,car009,MO_car009,Mountain caribou in British Columbia,0.752514016
2282779961,TRUE,2004-08-11 23:07:00.000,-122.5353827,55.55247416,,Moberly,Summer,radio-transmitter,Rangifer tarandus,car009,MO_car009,Mountain caribou in British Columbia,0.748014193
2282779962,TRUE,2004-08-25 22:11:00.000,-122.5485739,55.5632973,,Moberly,Summer,radio-transmitter,Rangifer tarandus,car009,MO_car009,Mountain caribou in British Columbia,0.675332406
2282779963,TRUE,2004-09-12 19:24:00.000,-122.5698518,55.61411573,,Moberly,Summer,radio-transmitter,Rangifer tarandus,car009,MO_car009,Mountain caribou in British Columbia,0.428595321
2282779964,TRUE,2004-09-27 18:43:00.000,-122.4882289,55.60702717,,Moberly,Summer,radio-transmitter,Rangifer tarandus,car009,MO_car009,Mountain caribou in British Columbia,0.730005815
2282779965,TRUE,2004-10-14 20:15:00.000,-122.5705526,55.6342459,,Moberly,Summer,radio-transmitter,Rangifer tarandus,car009,MO_car009,Mountain caribou in British Columbia,0.255512948
2282779966,TRUE,2004-11-06 20:32:00.000,-122.4546718,55.64824346,,Moberly,Winter,radio-transmitter,Rangifer tarandus,car009,MO_car009,Mountain caribou in British Columbia,0.09288507
2282779967,TRUE,2004-12-06 23:25:00.000,-122.4357715,55.6708287,,Moberly,Winter,radio-transmitter,Rangifer tarandus,car009,MO_car009,Mountain caribou in British Columbia,0.031046101
2282779968,TRUE,2004-12-12 22:41:00.000,-122.4110693,55.65247188,,Moberly,Winter,radio-transmitter,Rangifer tarandus,car009,MO_car009,Mountain caribou in British Columbia,0.05584467
2282779969,TRUE,2005-01-02 22:06:00.000,-122.4389695,55.65955745,,Moberly,Winter,radio-transmitter,Rangifer tarandus,car009,MO_car009,Mountain caribou in British Columbia,-0.005139551
2282779970,TRUE,2005-01-25 23:40:00.000,-122.4289753,55.65166692,,Moberly,Winter,radio-transmitter,Rangifer tarandus,car009,MO_car009,Mountain caribou in British Columbia,NaN
2282779971,TRUE,2005-02-07 21:15:00.000,-122.4109324,55.66265193,,Moberly,Winter,radio-transmitter,Rangifer tarandus,car009,MO_car009,Mountain caribou in British Columbia,0.048791328
2282779972,TRUE,2005-02-14 22:32:00.000,-122.438416,55.65825201,,Moberly,Winter,radio-transmitter,Rangifer tarandus,car009,MO_car009,Mountain caribou in British Columbia,0.031838778
2282779973,TRUE,2005-02-21 22:07:00.000,-122.4462699,55.63670424,,Moberly,Winter,radio-transmitter,Rangifer tarandus,car009,MO_car009,Mountain caribou in British Columbia,0.073581426
2282779974,TRUE,2005-02-22 20:53:00.000,-122.4437156,55.65104273,,Moberly,Winter,radio-transmitter,Rangifer tarandus,car009,MO_car009,Mountain caribou in British Columbia,NaN
2282779975,TRUE,2005-02-28 22:11:00.000,-122.4090491,55.65365726,,Moberly,Winter,radio-transmitter,Rangifer tarandus,car009,MO_car009,Mountain caribou in British Columbia,0.042834983
2282779976,TRUE,2005-03-12 21:45:00.000,-122.4339445,55.67073043,,Moberly,Winter,radio-transmitter,Rangifer tarandus,car009,MO_car009,Mountain caribou in British Columbia,0.029809417
2282779977,TRUE,2005-03-14 22:26:00.000,-122.4385257,55.67390541,,Moberly,Winter,radio-transmitter,Rangifer tarandus,car009,MO_car009,Mountain caribou in British Columbia,0.035847816
2282779978,TRUE,2005-03-24 16:51:00.000,-122.434395,55.66815364,,Moberly,Winter,radio-transmitter,Rangifer tarandus,car009,MO_car009,Mountain caribou in British Columbia,0.017601052
2282779979,TRUE,2005-04-18 18:34:00.000,-122.4416258,55.67728914,,Moberly,Summer,radio-transmitter,Rangifer tarandus,car009,MO_car009,Mountain caribou in British Columbia,0.026691886
2282779980,TRUE,2005-05-02 22:28:00.000,-122.5646927,55.64271661,,Moberly,Summer,radio-transmitter,Rangifer tarandus,car009,MO_car009,Mountain caribou in British Columbia,4.97E-04
2282779981,TRUE,2005-05-18 21:15:00.000,-122.4423916,55.63014513,,Moberly,Summer,radio-transmitter,Rangifer tarandus,car009,MO_car009,Mountain caribou in British Columbia,0.064720471
2282779982,TRUE,2005-06-08 21:42:00.000,-122.4273764,55.61421628,,Moberly,Summer,radio-transmitter,Rangifer tarandus,car009,MO_car009,Mountain caribou in British Columbia,0.51969058
2282779983,TRUE,2005-06-28 19:00:00.000,-122.5753537,55.62506138,,Moberly,Summer,radio-transmitter,Rangifer tarandus,car009,MO_car009,Mountain caribou in British Columbia,0.392650094
2282779984,TRUE,2005-07-21 19:00:00.000,-122.5596477,55.57546824,,Moberly,Summer,radio-transmitter,Rangifer tarandus,car009,MO_car009,Mountain caribou in British Columbia,0.660260523
2282779985,TRUE,2005-08-10 22:33:00.000,-122.5711412,55.54686263,,Moberly,Summer,radio-transmitter,Rangifer tarandus,car009,MO_car009,Mountain caribou in British Columbia,0.718254549
2282779986,TRUE,2005-08-25 00:26:00.000,-122.5051055,55.6181218,,Moberly,Summer,radio-transmitter,Rangifer tarandus,car009,MO_car009,Mountain caribou in British Columbia,0.736054795
2282779987,TRUE,2005-09-07 01:35:00.000,-122.4459654,55.63351297,,Moberly,Summer,radio-transmitter,Rangifer tarandus,car009,MO_car009,Mountain caribou in British Columbia,0.739985498
2282779988,TRUE,2005-10-18 23:25:00.000,-122.4684171,55.65291338,,Moberly,Summer,radio-transmitter,Rangifer tarandus,car009,MO_car009,Mountain caribou in British Columbia,0.183421826
2282779989,TRUE,2005-11-24 00:09:00.000,-122.468781,55.62368475,,Moberly,Winter,radio-transmitter,Rangifer tarandus,car009,MO_car009,Mountain caribou in British Columbia,0.326900706
2282779990,TRUE,2005-12-03 22:41:00.000,-122.5084823,55.62996045,,Moberly,Winter,radio-transmitter,Rangifer tarandus,car009,MO_car009,Mountain caribou in British Columbia,0.196056314
2282779991,TRUE,2006-01-03 22:27:00.000,-122.3145833,55.69282874,,Moberly,Winter,radio-transmitter,Rangifer tarandus,car009,MO_car009,Mountain caribou in British Columbia,0.333777266
2282779992,TRUE,2006-01-29 20:27:00.000,-122.4638589,55.63293651,,Moberly,Winter,radio-transmitter,Rangifer tarandus,car009,MO_car009,Mountain caribou in British Columbia,0.163625795
2282779993,TRUE,2006-02-16 20:00:00.000,-122.4557892,55.59056953,,Moberly,Winter,radio-transmitter,Rangifer tarandus,car009,MO_car009,Mountain caribou in British Columbia,0.385380562
2282779994,TRUE,2006-03-19 20:00:00.000,-122.3819415,55.67553853,,Moberly,Winter,radio-transmitter,Rangifer tarandus,car009,MO_car009,Mountain caribou in British Columbia,0.086101888
2282779995,TRUE,2006-04-04 19:00:00.000,-122.3911201,55.66916867,,Moberly,Summer,radio-transmitter,Rangifer tarandus,car009,MO_car009,Mountain caribou in British Columbia,0.097571716
2282779996,TRUE,2006-04-24 19:00:00.000,-122.4400618,55.67322952,,Moberly,Summer,radio-transmitter,Rangifer tarandus,car009,MO_car009,Mountain caribou in British Columbia,0.106039149
2282779997,TRUE,2006-05-13 19:00:00.000,-122.3416749,55.68621979,,Moberly,Summer,radio-transmitter,Rangifer tarandus,car009,MO_car009,Mountain caribou in British Columbia,0.35641121
2282779998,TRUE,2006-05-30 19:00:00.000,-122.5002371,55.61139878,,Moberly,Summer,radio-transmitter,Rangifer tarandus,car009,MO_car009,Mountain caribou in British Columbia,0.261797784
2282779999,TRUE,2006-06-24 19:00:00.000,-122.5693823,55.54392712,,Moberly,Summer,radio-transmitter,Rangifer tarandus,car009,MO_car009,Mountain caribou in British Columbia,0.740638669
2282780000,TRUE,2006-07-16 19:00:00.000,-122.5657596,55.54190154,,Moberly,Summer,radio-transmitter,Rangifer tarandus,car009,MO_car009,Mountain caribou in British Columbia,0.784368936
2282780001,TRUE,2006-08-16 19:00:00.000,-122.5772132,55.55851121,,Moberly,Summer,radio-transmitter,Rangifer tarandus,car009,MO_car009,Mountain caribou in British Columbia,0.607289134
2282780002,TRUE,2006-09-02 18:48:00.000,-122.5506171,55.56903767,,Moberly,Summer,radio-transmitter,Rangifer tarandus,car009,MO_car009,Mountain caribou in British Columbia,0.708995192
2282780003,TRUE,2006-10-04 17:54:00.000,-122.4861898,55.6087978,,Moberly,Summer,radio-transmitter,Rangifer tarandus,car009,MO_car009,Mountain caribou in British Columbia,0.719045404
2282780004,TRUE,2006-12-16 23:11:00.000,-122.3955576,55.76388924,,Moberly,Winter,radio-transmitter,Rangifer tarandus,car009,MO_car009,Mountain caribou in British Columbia,0.104834036
2282780005,TRUE,2007-01-27 18:40:00.000,-122.4024076,55.75053437,,Moberly,Winter,radio-transmitter,Rangifer tarandus,car009,MO_car009,Mountain caribou in British Columbia,NaN
2282780006,TRUE,2007-02-13 19:53:00.000,-122.4817471,55.73494537,,Moberly,Winter,radio-transmitter,Rangifer tarandus,car009,MO_car009,Mountain caribou in British Columbia,0.014370565
2282780007,TRUE,2007-03-18 22:35:00.000,-122.4822406,55.74218075,,Moberly,Winter,radio-transmitter,Rangifer tarandus,car009,MO_car009,Mountain caribou in British Columbia,0.043248407
2282780008,TRUE,2007-03-22 19:00:00.000,-122.4689709,55.73994065,,Moberly,Winter,radio-transmitter,Rangifer tarandus,car009,MO_car009,Mountain caribou in British Columbia,0.176330432
2282780009,TRUE,2007-04-02 19:00:00.000,-122.3995152,55.7583646,,Moberly,Summer,radio-transmitter,Rangifer tarandus,car009,MO_car009,Mountain caribou in British Columbia,0.0137373
2282780010,TRUE,2007-04-30 19:00:00.000,-122.4829956,55.75495225,,Moberly,Summer,radio-transmitter,Rangifer tarandus,car009,MO_car009,Mountain caribou in British Columbia,0.003910121
2282780011,TRUE,2007-05-14 21:09:00.000,-122.4153906,55.74210553,,Moberly,Summer,radio-transmitter,Rangifer tarandus,car009,MO_car009,Mountain caribou in British Columbia,0.011805058
2282780012,TRUE,2007-05-29 18:54:00.000,-122.2937803,55.70930733,,Moberly,Summer,radio-transmitter,Rangifer tarandus,car009,MO_car009,Mountain caribou in British Columbia,0.49922849
2282780013,TRUE,2007-06-25 02:24:00.000,-122.4901744,55.59899311,,Moberly,Summer,radio-transmitter,Rangifer tarandus,car009,MO_car009,Mountain caribou in British Columbia,0.297192299
2282780014,TRUE,2007-07-07 19:26:00.000,-122.5912584,55.5601583,,Moberly,Summer,radio-transmitter,Rangifer tarandus,car009,MO_car009,Mountain caribou in British Columbia,0.705481986
2282780015,TRUE,2007-07-28 03:25:00.000,-122.5723874,55.55324683,,Moberly,Summer,radio-transmitter,Rangifer tarandus,car009,MO_car009,Mountain caribou in British Columbia,0.700086895
2282780016,TRUE,2003-01-08 20:00:00.000,-122.4402867,55.6374229,,Moberly,Winter,radio-transmitter,Rangifer tarandus,car010,MO_car010,Mountain caribou in British Columbia,0.111763275
2282780017,TRUE,2003-01-21 20:00:00.000,-122.4068313,55.62374231,,Moberly,Winter,radio-transmitter,Rangifer tarandus,car010,MO_car010,Mountain caribou in British Columbia,0.064559324
2282780018,TRUE,2003-01-29 20:00:00.000,-122.4503318,55.58937705,,Moberly,Winter,radio-transmitter,Rangifer tarandus,car010,MO_car010,Mountain caribou in British Columbia,0.256211067
2282780019,TRUE,2003-02-03 20:00:00.000,-122.429237,55.62602313,,Moberly,Winter,radio-transmitter,Rangifer tarandus,car010,MO_car010,Mountain caribou in British Columbia,0.050869638
2282780020,TRUE,2003-11-02 20:00:00.000,-122.5504051,55.65419358,,Moberly,Winter,radio-transmitter,Rangifer tarandus,car010,MO_car010,Mountain caribou in British Columbia,0.070856337
2282780021,TRUE,2003-11-29 22:16:00.000,-122.6046761,55.74422604,,Moberly,Winter,radio-transmitter,Rangifer tarandus,car010,MO_car010,Mountain caribou in British Columbia,9.40E-04
2282780022,TRUE,2003-12-10 19:42:00.000,-122.5381796,55.61674119,,Moberly,Winter,radio-transmitter,Rangifer tarandus,car010,MO_car010,Mountain caribou in British Columbia,-0.034503778
2282780023,TRUE,2003-12-21 17:30:00.000,-122.5594803,55.62300162,,Moberly,Winter,radio-transmitter,Rangifer tarandus,car010,MO_car010,Mountain caribou in British Columbia,-0.020018706
2282780024,TRUE,2003-12-27 17:39:00.000,-122.526538,55.59858177,,Moberly,Winter,radio-transmitter,Rangifer tarandus,car010,MO_car010,Mountain caribou in British Columbia,8.79E-04
2282780025,TRUE,2004-01-02 18:49:00.000,-122.5337541,55.61236642,,Moberly,Winter,radio-transmitter,Rangifer tarandus,car010,MO_car010,Mountain caribou in British Columbia,-0.03454823
2282780026,TRUE,2004-01-11 18:06:00.000,-122.5519256,55.63098941,,Moberly,Winter,radio-transmitter,Rangifer tarandus,car010,MO_car010,Mountain caribou in British Columbia,-0.099182179
2282780027,TRUE,2004-01-16 20:37:00.000,-122.5725241,55.64866563,,Moberly,Winter,radio-transmitter,Rangifer tarandus,car010,MO_car010,Mountain caribou in British Columbia,-0.047242523
2282780028,TRUE,2004-01-26 20:58:00.000,-122.5710319,55.63835398,,Moberly,Winter,radio-transmitter,Rangifer tarandus,car010,MO_car010,Mountain caribou in British Columbia,NaN
2282780029,TRUE,2004-02-01 19:10:00.000,-122.5491741,55.62577667,,Moberly,Winter,radio-transmitter,Rangifer tarandus,car010,MO_car010,Mountain caribou in British Columbia,NaN
2282780030,TRUE,2004-02-08 21:07:00.000,-122.5328462,55.60860698,,Moberly,Winter,radio-transmitter,Rangifer tarandus,car010,MO_car010,Mountain caribou in British Columbia,-0.006499968
2282780031,TRUE,2004-02-12 21:48:00.000,-122.5126214,55.60231021,,Moberly,Winter,radio-transmitter,Rangifer tarandus,car010,MO_car010,Mountain caribou in British Columbia,0.018329207
2282780032,TRUE,2004-02-21 23:15:00.000,-122.5134213,55.60051626,,Moberly,Winter,radio-transmitter,Rangifer tarandus,car010,MO_car010,Mountain caribou in British Columbia,0.008372715
2282780033,TRUE,2004-02-27 16:23:00.000,-122.5619206,55.64624706,,Moberly,Winter,radio-transmitter,Rangifer tarandus,car010,MO_car010,Mountain caribou in British Columbia,0.006629027
2282780034,TRUE,2004-03-06 20:09:00.000,-122.5425519,55.63394702,,Moberly,Winter,radio-transmitter,Rangifer tarandus,car010,MO_car010,Mountain caribou in British Columbia,0.003781064
2282780035,TRUE,2004-03-13 17:12:00.000,-122.5538979,55.630745,,Moberly,Winter,radio-transmitter,Rangifer tarandus,car010,MO_car010,Mountain caribou in British Columbia,-0.028671204
2282780036,TRUE,2004-03-23 20:00:00.000,-122.5487823,55.62809352,,Moberly,Winter,radio-transmitter,Rangifer tarandus,car010,MO_car010,Mountain caribou in British Columbia,-5.98E-04
2282780037,TRUE,2004-03-28 18:00:00.000,-122.5403632,55.63366029,,Moberly,Winter,radio-transmitter,Rangifer tarandus,car010,MO_car010,Mountain caribou in British Columbia,0.003755567
2282780038,TRUE,2004-03-29 21:39:00.000,-122.5535961,55.63214565,,Moberly,Winter,radio-transmitter,Rangifer tarandus,car010,MO_car010,Mountain caribou in British Columbia,-0.012465875
2282780039,TRUE,2004-04-15 20:57:00.000,-122.5604698,55.64668217,,Moberly,Summer,radio-transmitter,Rangifer tarandus,car010,MO_car010,Mountain caribou in British Columbia,0.006984404
2282780040,TRUE,2004-04-28 19:12:00.000,-122.5727506,55.63953709,,Moberly,Summer,radio-transmitter,Rangifer tarandus,car010,MO_car010,Mountain caribou in British Columbia,0.020627879
2282780041,TRUE,2004-05-11 20:47:00.000,-122.5440334,55.61442683,,Moberly,Summer,radio-transmitter,Rangifer tarandus,car010,MO_car010,Mountain caribou in British Columbia,-0.021341846
2282780042,TRUE,2004-06-03 20:50:00.000,-122.4286863,55.60055516,,Moberly,Summer,radio-transmitter,Rangifer tarandus,car010,MO_car010,Mountain caribou in British Columbia,0.391657066
2282780043,TRUE,2004-06-17 21:49:00.000,-122.4584702,55.62631739,,Moberly,Summer,radio-transmitter,Rangifer tarandus,car010,MO_car010,Mountain caribou in British Columbia,0.713722986
2282780044,TRUE,2004-07-14 21:49:00.000,-122.4548472,55.61273301,,Moberly,Summer,radio-transmitter,Rangifer tarandus,car010,MO_car010,Mountain caribou in British Columbia,0.659661169
2282780045,TRUE,2004-07-28 21:59:00.000,-122.4622404,55.61309811,,Moberly,Summer,radio-transmitter,Rangifer tarandus,car010,MO_car010,Mountain caribou in British Columbia,0.64163769
2282780046,TRUE,2004-08-11 23:27:00.000,-122.4710894,55.6138195,,Moberly,Summer,radio-transmitter,Rangifer tarandus,car010,MO_car010,Mountain caribou in British Columbia,0.73553799
2282780047,TRUE,2004-08-25 21:27:00.000,-122.4527994,55.61386507,,Moberly,Summer,radio-transmitter,Rangifer tarandus,car010,MO_car010,Mountain caribou in British Columbia,0.746207203
2282780048,TRUE,2004-09-12 19:54:00.000,-122.6043019,55.65680527,,Moberly,Summer,radio-transmitter,Rangifer tarandus,car010,MO_car010,Mountain caribou in British Columbia,0.632136856
2282780049,TRUE,2004-09-27 18:36:00.000,-122.5786568,55.62359014,,Moberly,Summer,radio-transmitter,Rangifer tarandus,car010,MO_car010,Mountain caribou in British Columbia,0.532935312
2282780050,TRUE,2004-10-14 20:15:00.000,-122.5705526,55.6342459,,Moberly,Summer,radio-transmitter,Rangifer tarandus,car010,MO_car010,Mountain caribou in British Columbia,0.255512948
2282780051,TRUE,2004-11-06 20:47:00.000,-122.4267648,55.62239937,,Moberly,Winter,radio-transmitter,Rangifer tarandus,car010,MO_car010,Mountain caribou in British Columbia,0.061262695
2282780052,TRUE,2004-12-06 23:35:00.000,-122.4338411,55.67348853,,Moberly,Winter,radio-transmitter,Rangifer tarandus,car010,MO_car010,Mountain caribou in British Columbia,0.002125733
2282780053,TRUE,2004-12-12 23:13:00.000,-122.4137459,55.65414704,,Moberly,Winter,radio-transmitter,Rangifer tarandus,car010,MO_car010,Mountain caribou in British Columbia,0.01736693
2282780054,TRUE,2004-12-13 22:05:00.000,-122.4137459,55.65414704,,Moberly,Winter,radio-transmitter,Rangifer tarandus,car010,MO_car010,Mountain caribou in British Columbia,0.017927406
2282780055,TRUE,2005-01-02 22:06:00.000,-122.4389695,55.65955745,,Moberly,Winter,radio-transmitter,Rangifer tarandus,car010,MO_car010,Mountain caribou in British Columbia,-0.005139551
2282780056,TRUE,2005-01-25 23:40:00.000,-122.4289753,55.65166692,,Moberly,Winter,radio-transmitter,Rangifer tarandus,car010,MO_car010,Mountain caribou in British Columbia,NaN
2282780057,TRUE,2005-02-14 22:32:00.000,-122.438416,55.65825201,,Moberly,Winter,radio-transmitter,Rangifer tarandus,car010,MO_car010,Mountain caribou in British Columbia,0.031838778
2282780058,TRUE,2005-02-21 22:19:00.000,-122.4520822,55.64934614,,Moberly,Winter,radio-transmitter,Rangifer tarandus,car010,MO_car010,Mountain caribou in British Columbia,0.058336434
2282780059,TRUE,2005-02-22 20:53:00.000,-122.4437156,55.65104273,,Moberly,Winter,radio-transmitter,Rangifer tarandus,car010,MO_car010,Mountain caribou in British Columbia,NaN
2282780060,TRUE,2005-02-28 22:11:00.000,-122.4090491,55.65365726,,Moberly,Winter,radio-transmitter,Rangifer tarandus,car010,MO_car010,Mountain caribou in British Columbia,0.042834983
2282780061,TRUE,2005-03-12 21:59:00.000,-122.4331889,55.65480446,,Moberly,Winter,radio-transmitter,Rangifer tarandus,car010,MO_car010,Mountain caribou in British Columbia,0.012988788
2282780062,TRUE,2005-03-14 22:30:00.000,-122.4376961,55.67742396,,Moberly,Winter,radio-transmitter,Rangifer tarandus,car010,MO_car010,Mountain caribou in British Columbia,0.059921744
2282780063,TRUE,2005-03-24 16:56:00.000,-122.4437035,55.67655277,,Moberly,Winter,radio-transmitter,Rangifer tarandus,car010,MO_car010,Mountain caribou in British Columbia,0.067906068
2282780064,TRUE,2005-04-18 18:34:00.000,-122.4416258,55.67728914,,Moberly,Summer,radio-transmitter,Rangifer tarandus,car010,MO_car010,Mountain caribou in British Columbia,0.026691886
2282780065,TRUE,2003-03-27 20:00:00.000,-122.4149252,55.60702289,,Moberly,Winter,radio-transmitter,Rangifer tarandus,car020,MO_car020,Mountain caribou in British Columbia,0.004472476
2282780066,TRUE,2003-04-17 19:00:00.000,-122.421359,55.61315469,,Moberly,Summer,radio-transmitter,Rangifer tarandus,car020,MO_car020,Mountain caribou in British Columbia,0.026681219
2282780067,TRUE,2003-05-08 19:00:00.000,-122.4115011,55.60247772,,Moberly,Summer,radio-transmitter,Rangifer tarandus,car020,MO_car020,Mountain caribou in British Columbia,0.032806742
2282780068,TRUE,2003-06-04 21:58:00.000,-122.8384857,55.63122503,,Moberly,Summer,radio-transmitter,Rangifer tarandus,car020,MO_car020,Mountain caribou in British Columbia,0.270237814
2282780069,TRUE,2003-06-19 19:05:00.000,-122.6480603,55.60146174,,Moberly,Summer,radio-transmitter,Rangifer tarandus,car020,MO_car020,Mountain caribou in British Columbia,0.429820626
2282780070,TRUE,2003-07-06 19:06:00.000,-122.6603811,55.59722833,,Moberly,Summer,radio-transmitter,Rangifer tarandus,car020,MO_car020,Mountain caribou in British Columbia,0.743502271
2282780071,TRUE,2003-07-31 21:40:00.000,-122.6724471,55.63086716,,Moberly,Summer,radio-transmitter,Rangifer tarandus,car020,MO_car020,Mountain caribou in British Columbia,0.77115203
2282780072,TRUE,2003-08-25 18:07:00.000,-122.6492063,55.56373441,,Moberly,Summer,radio-transmitter,Rangifer tarandus,car020,MO_car020,Mountain caribou in British Columbia,0.524107083
2282780073,TRUE,2003-09-14 18:03:00.000,-122.6553909,55.61253483,,Moberly,Summer,radio-transmitter,Rangifer tarandus,car020,MO_car020,Mountain caribou in British Columbia,0.726667356
2282780074,TRUE,2003-09-27 21:46:00.000,-122.6117582,55.66942677,,Moberly,Summer,radio-transmitter,Rangifer tarandus,car020,MO_car020,Mountain caribou in British Columbia,0.642285867
2282780075,TRUE,2003-10-11 21:33:00.000,-122.5682298,55.63169483,,Moberly,Summer,radio-transmitter,Rangifer tarandus,car020,MO_car020,Mountain caribou in British Columbia,0.433265866
2282780076,TRUE,2003-11-02 22:00:00.000,-122.46125,55.65174096,,Moberly,Winter,radio-transmitter,Rangifer tarandus,car020,MO_car020,Mountain caribou in British Columbia,0.166504548
2282780077,TRUE,2003-11-08 23:34:00.000,-122.5082256,55.59591285,,Moberly,Winter,radio-transmitter,Rangifer tarandus,car020,MO_car020,Mountain caribou in British Columbia,0.064589316
2282780078,TRUE,2003-11-29 21:35:00.000,-122.4852646,55.5824749,,Moberly,Winter,radio-transmitter,Rangifer tarandus,car020,MO_car020,Mountain caribou in British Columbia,0.053165168
2282780079,TRUE,2003-12-10 19:23:00.000,-122.421947,55.61311253,,Moberly,Winter,radio-transmitter,Rangifer tarandus,car020,MO_car020,Mountain caribou in British Columbia,-0.002015131
2282780080,TRUE,2003-12-21 17:16:00.000,-122.4428414,55.64322127,,Moberly,Winter,radio-transmitter,Rangifer tarandus,car020,MO_car020,Mountain caribou in British Columbia,0.006076308
2282780081,TRUE,2003-12-27 17:28:00.000,-122.4455964,55.64389869,,Moberly,Winter,radio-transmitter,Rangifer tarandus,car020,MO_car020,Mountain caribou in British Columbia,0.019824014
2282780082,TRUE,2004-01-02 18:34:00.000,-122.5303687,55.60339483,,Moberly,Winter,radio-transmitter,Rangifer tarandus,car020,MO_car020,Mountain caribou in British Columbia,0.005324269
2282780083,TRUE,2004-01-11 19:26:00.000,-122.5106527,55.58578673,,Moberly,Winter,radio-transmitter,Rangifer tarandus,car020,MO_car020,Mountain caribou in British Columbia,0.015175131
2282780084,TRUE,2004-01-16 20:49:00.000,-122.5066771,55.58400062,,Moberly,Winter,radio-transmitter,Rangifer tarandus,car020,MO_car020,Mountain caribou in British Columbia,0.031737939
2282780085,TRUE,2004-01-26 21:09:00.000,-122.5035451,55.57573913,,Moberly,Winter,radio-transmitter,Rangifer tarandus,car020,MO_car020,Mountain caribou in British Columbia,0.032580775
2282780086,TRUE,2004-02-01 18:43:00.000,-122.5106696,55.59335273,,Moberly,Winter,radio-transmitter,Rangifer tarandus,car020,MO_car020,Mountain caribou in British Columbia,-0.005755649
2282780087,TRUE,2004-02-04 20:00:00.000,-122.5167732,55.59251431,,Moberly,Winter,radio-transmitter,Rangifer tarandus,car020,MO_car020,Mountain caribou in British Columbia,-0.004766889
2282780088,TRUE,2004-02-08 20:54:00.000,-122.5029905,55.59578392,,Moberly,Winter,radio-transmitter,Rangifer tarandus,car020,MO_car020,Mountain caribou in British Columbia,0.035992865
2282780089,TRUE,2004-02-12 21:50:00.000,-122.5126214,55.60231021,,Moberly,Winter,radio-transmitter,Rangifer tarandus,car020,MO_car020,Mountain caribou in British Columbia,0.01832791
2282780090,TRUE,2004-02-15 18:40:00.000,-122.5064262,55.59515083,,Moberly,Winter,radio-transmitter,Rangifer tarandus,car020,MO_car020,Mountain caribou in British Columbia,0.018583881
2282780091,TRUE,2004-02-21 23:15:00.000,-122.5134213,55.60051626,,Moberly,Winter,radio-transmitter,Rangifer tarandus,car020,MO_car020,Mountain caribou in British Columbia,0.008372715
2282780092,TRUE,2004-02-27 16:03:00.000,-122.5703049,55.63510765,,Moberly,Winter,radio-transmitter,Rangifer tarandus,car020,MO_car020,Mountain caribou in British Columbia,-0.019921696
2282780093,TRUE,2004-03-06 20:18:00.000,-122.5320076,55.6177152,,Moberly,Winter,radio-transmitter,Rangifer tarandus,car020,MO_car020,Mountain caribou in British Columbia,-0.022529371
2282780094,TRUE,2004-03-13 17:07:00.000,-122.5486526,55.64352128,,Moberly,Winter,radio-transmitter,Rangifer tarandus,car020,MO_car020,Mountain caribou in British Columbia,0.023297702
2282780095,TRUE,2004-03-23 20:27:00.000,-122.5581719,55.61084838,,Moberly,Winter,radio-transmitter,Rangifer tarandus,car020,MO_car020,Mountain caribou in British Columbia,0.08379102
2282780096,TRUE,2004-03-26 23:18:00.000,-122.5585715,55.60918748,,Moberly,Winter,radio-transmitter,Rangifer tarandus,car020,MO_car020,Mountain caribou in British Columbia,0.114482744
2282780097,TRUE,2004-03-29 21:29:00.000,-122.5472473,55.62898642,,Moberly,Winter,radio-transmitter,Rangifer tarandus,car020,MO_car020,Mountain caribou in British Columbia,-0.00551868
2282780098,TRUE,2004-04-15 20:45:00.000,-122.545975,55.63463365,,Moberly,Summer,radio-transmitter,Rangifer tarandus,car020,MO_car020,Mountain caribou in British Columbia,0.018467666
2282780099,TRUE,2004-04-28 19:00:00.000,-122.5744611,55.62389914,,Moberly,Summer,radio-transmitter,Rangifer tarandus,car020,MO_car020,Mountain caribou in British Columbia,-0.016073176
2282780100,TRUE,2004-05-11 20:37:00.000,-122.7705966,55.5940066,,Moberly,Summer,radio-transmitter,Rangifer tarandus,car020,MO_car020,Mountain caribou in British Columbia,0.007866082
2282780101,TRUE,2004-06-03 20:33:00.000,-122.6474466,55.56192325,,Moberly,Summer,radio-transmitter,Rangifer tarandus,car020,MO_car020,Mountain caribou in British Columbia,0.524008983
2282780102,TRUE,2004-06-17 22:24:00.000,-122.6708903,55.58351799,,Moberly,Summer,radio-transmitter,Rangifer tarandus,car020,MO_car020,Mountain caribou in British Columbia,0.617862517
2282780103,TRUE,2004-06-30 20:52:00.000,-122.6515047,55.59962953,,Moberly,Summer,radio-transmitter,Rangifer tarandus,car020,MO_car020,Mountain caribou in British Columbia,0.72068646
2282780104,TRUE,2004-07-14 21:18:00.000,-122.6550701,55.59481435,,Moberly,Summer,radio-transmitter,Rangifer tarandus,car020,MO_car020,Mountain caribou in British Columbia,0.700202598
2282780105,TRUE,2004-07-28 21:35:00.000,-122.6591309,55.59499643,,Moberly,Summer,radio-transmitter,Rangifer tarandus,car020,MO_car020,Mountain caribou in British Columbia,0.76103238
2282780106,TRUE,2004-08-11 23:48:00.000,-122.677291,55.60772422,,Moberly,Summer,radio-transmitter,Rangifer tarandus,car020,MO_car020,Mountain caribou in British Columbia,0.711433578
2282780107,TRUE,2004-08-25 21:52:00.000,-122.6698882,55.57627289,,Moberly,Summer,radio-transmitter,Rangifer tarandus,car020,MO_car020,Mountain caribou in British Columbia,0.650638276
2282780108,TRUE,2004-09-12 20:02:00.000,-122.6484486,55.65208747,,Moberly,Summer,radio-transmitter,Rangifer tarandus,car020,MO_car020,Mountain caribou in British Columbia,0.688660415
2282780109,TRUE,2004-09-27 18:58:00.000,-122.5927962,55.67199809,,Moberly,Summer,radio-transmitter,Rangifer tarandus,car020,MO_car020,Mountain caribou in British Columbia,0.675842109
2282780110,TRUE,2004-10-14 20:14:00.000,-122.5705526,55.6342459,,Moberly,Summer,radio-transmitter,Rangifer tarandus,car020,MO_car020,Mountain caribou in British Columbia,0.255532551
2282780111,TRUE,2004-11-06 20:32:00.000,-122.4546718,55.64824346,,Moberly,Winter,radio-transmitter,Rangifer tarandus,car020,MO_car020,Mountain caribou in British Columbia,0.09288507
2282780112,TRUE,2004-12-12 22:52:00.000,-122.4133773,55.67029242,,Moberly,Winter,radio-transmitter,Rangifer tarandus,car020,MO_car020,Mountain caribou in British Columbia,0.049624792
2282780113,TRUE,2004-12-13 21:30:00.000,-122.4343634,55.67365268,,Moberly,Winter,radio-transmitter,Rangifer tarandus,car020,MO_car020,Mountain caribou in British Columbia,0.016723035
2282780114,TRUE,2005-01-02 22:10:00.000,-122.4386357,55.67621521,,Moberly,Winter,radio-transmitter,Rangifer tarandus,car020,MO_car020,Mountain caribou in British Columbia,0.012303096
2282780115,TRUE,2005-01-25 23:33:00.000,-122.4376092,55.65798773,,Moberly,Winter,radio-transmitter,Rangifer tarandus,car020,MO_car020,Mountain caribou in British Columbia,0.023644247
2282780116,TRUE,2005-02-07 21:20:00.000,-122.4104302,55.64529828,,Moberly,Winter,radio-transmitter,Rangifer tarandus,car020,MO_car020,Mountain caribou in British Columbia,NaN
2282780117,TRUE,2005-02-14 22:41:00.000,-122.4138621,55.64636604,,Moberly,Winter,radio-transmitter,Rangifer tarandus,car020,MO_car020,Mountain caribou in British Columbia,NaN
2282780118,TRUE,2005-02-21 22:24:00.000,-122.4153317,55.64691218,,Moberly,Winter,radio-transmitter,Rangifer tarandus,car020,MO_car020,Mountain caribou in British Columbia,NaN
2282780119,TRUE,2005-02-28 22:22:00.000,-122.4362713,55.65596882,,Moberly,Winter,radio-transmitter,Rangifer tarandus,car020,MO_car020,Mountain caribou in British Columbia,0.022348178
2282780120,TRUE,2005-03-12 21:40:00.000,-122.4423773,55.67476761,,Moberly,Winter,radio-transmitter,Rangifer tarandus,car020,MO_car020,Mountain caribou in British Columbia,0.048922417
2282780121,TRUE,2005-03-14 22:30:00.000,-122.4376961,55.67742396,,Moberly,Winter,radio-transmitter,Rangifer tarandus,car020,MO_car020,Mountain caribou in British Columbia,0.059921744
2282780122,TRUE,2005-03-24 16:26:00.000,-122.415126,55.66178241,,Moberly,Winter,radio-transmitter,Rangifer tarandus,car020,MO_car020,Mountain caribou in British Columbia,0.006918514
2282780123,TRUE,2003-03-27 20:00:00.000,-122.5174459,55.75090513,,Moberly,Winter,radio-transmitter,Rangifer tarandus,car021,MO_car021,Mountain caribou in British Columbia,-0.014539034
2282780124,TRUE,2003-04-17 19:00:00.000,-122.5046392,55.7444206,,Moberly,Summer,radio-transmitter,Rangifer tarandus,car021,MO_car021,Mountain caribou in British Columbia,-0.024030855
2282780125,TRUE,2003-05-08 19:00:00.000,-122.5011689,55.73300402,,Moberly,Summer,radio-transmitter,Rangifer tarandus,car021,MO_car021,Mountain caribou in British Columbia,0.005407775
2282780126,TRUE,2003-05-21 19:00:00.000,-122.5450649,55.72135853,,Moberly,Summer,radio-transmitter,Rangifer tarandus,car021,MO_car021,Mountain caribou in British Columbia,-0.020457356
2282780127,TRUE,2003-06-04 19:00:00.000,-122.6621545,55.60876173,,Moberly,Summer,radio-transmitter,Rangifer tarandus,car021,MO_car021,Mountain caribou in British Columbia,0.24694356
2282780128,TRUE,2003-06-19 18:52:00.000,-122.6373221,55.61967119,,Moberly,Summer,radio-transmitter,Rangifer tarandus,car021,MO_car021,Mountain caribou in British Columbia,0.19960745
2282780129,TRUE,2003-07-06 18:59:00.000,-122.5760974,55.65326065,,Moberly,Summer,radio-transmitter,Rangifer tarandus,car021,MO_car021,Mountain caribou in British Columbia,0.655325938
2282780130,TRUE,2003-07-16 21:22:00.000,-122.6333284,55.61885062,,Moberly,Summer,radio-transmitter,Rangifer tarandus,car021,MO_car021,Mountain caribou in British Columbia,0.760268106
2282780131,TRUE,2003-07-31 22:00:00.000,-122.5725725,55.6019048,,Moberly,Summer,radio-transmitter,Rangifer tarandus,car021,MO_car021,Mountain caribou in British Columbia,0.722116731
2282780132,TRUE,2003-08-25 18:21:00.000,-122.6107606,55.6465914,,Moberly,Summer,radio-transmitter,Rangifer tarandus,car021,MO_car021,Mountain caribou in British Columbia,0.762036634
2282780133,TRUE,2003-09-14 18:50:00.000,-122.5752935,55.59684637,,Moberly,Summer,radio-transmitter,Rangifer tarandus,car021,MO_car021,Mountain caribou in British Columbia,0.711449132
2282780134,TRUE,2003-09-27 21:36:00.000,-122.5651469,55.67341283,,Moberly,Summer,radio-transmitter,Rangifer tarandus,car021,MO_car021,Mountain caribou in British Columbia,0.741243829
2282780135,TRUE,2003-10-11 21:39:00.000,-122.579369,55.61787775,,Moberly,Summer,radio-transmitter,Rangifer tarandus,car021,MO_car021,Mountain caribou in British Columbia,0.467281244
2282780136,TRUE,2003-11-02 21:48:00.000,-122.575088,55.61732386,,Moberly,Winter,radio-transmitter,Rangifer tarandus,car021,MO_car021,Mountain caribou in British Columbia,0.110583696
2282780137,TRUE,2003-11-09 00:04:00.000,-122.5771426,55.62263246,,Moberly,Winter,radio-transmitter,Rangifer tarandus,car021,MO_car021,Mountain caribou in British Columbia,NaN
2282780138,TRUE,2003-11-29 22:03:00.000,-122.4487293,55.66518172,,Moberly,Winter,radio-transmitter,Rangifer tarandus,car021,MO_car021,Mountain caribou in British Columbia,0.023722844
2282780139,TRUE,2003-12-10 20:03:00.000,-122.4810094,55.79412925,,Moberly,Winter,radio-transmitter,Rangifer tarandus,car021,MO_car021,Mountain caribou in British Columbia,-0.001910309
2282780140,TRUE,2003-12-19 19:57:00.000,-122.4895222,55.79566544,,Moberly,Winter,radio-transmitter,Rangifer tarandus,car021,MO_car021,Mountain caribou in British Columbia,0.185481746
2282780141,TRUE,2003-12-27 17:07:00.000,-122.4789886,55.79018511,,Moberly,Winter,radio-transmitter,Rangifer tarandus,car021,MO_car021,Mountain caribou in British Columbia,0.052717329
2282780142,TRUE,2004-01-02 18:00:00.000,-122.4869458,55.78660644,,Moberly,Winter,radio-transmitter,Rangifer tarandus,car021,MO_car021,Mountain caribou in British Columbia,0.247398957
2282780143,TRUE,2004-01-11 18:51:00.000,-122.4990813,55.79652242,,Moberly,Winter,radio-transmitter,Rangifer tarandus,car021,MO_car021,Mountain caribou in British Columbia,0.406458464
2282780144,TRUE,2004-01-16 19:59:00.000,-122.5045655,55.83693373,,Moberly,Winter,radio-transmitter,Rangifer tarandus,car021,MO_car021,Mountain caribou in British Columbia,0.369658984
2282780145,TRUE,2004-01-26 20:16:00.000,-122.4862306,55.79126687,,Moberly,Winter,radio-transmitter,Rangifer tarandus,car021,MO_car021,Mountain caribou in British Columbia,0.098078678
2282780146,TRUE,2004-02-01 19:22:00.000,-122.5455873,55.77095999,,Moberly,Winter,radio-transmitter,Rangifer tarandus,car021,MO_car021,Mountain caribou in British Columbia,0.054083566
2282780147,TRUE,2004-02-08 21:27:00.000,-122.5012928,55.79321581,,Moberly,Winter,radio-transmitter,Rangifer tarandus,car021,MO_car021,Mountain caribou in British Columbia,0.514097336
2282780148,TRUE,2004-02-12 22:07:00.000,-122.4837582,55.77682597,,Moberly,Winter,radio-transmitter,Rangifer tarandus,car021,MO_car021,Mountain caribou in British Columbia,0.27768954
2282780149,TRUE,2004-02-21 22:49:00.000,-122.4861615,55.77713256,,Moberly,Winter,radio-transmitter,Rangifer tarandus,car021,MO_car021,Mountain caribou in British Columbia,0.381557169
2282780150,TRUE,2004-02-27 16:39:00.000,-122.5091715,55.78561892,,Moberly,Winter,radio-transmitter,Rangifer tarandus,car021,MO_car021,Mountain caribou in British Columbia,0.514730161
2282780151,TRUE,2004-03-06 20:41:00.000,-122.5447029,55.82630644,,Moberly,Winter,radio-transmitter,Rangifer tarandus,car021,MO_car021,Mountain caribou in British Columbia,0.485144899
2282780152,TRUE,2004-03-13 17:32:00.000,-122.5307114,55.82433999,,Moberly,Winter,radio-transmitter,Rangifer tarandus,car021,MO_car021,Mountain caribou in British Columbia,0.482766554
2282780153,TRUE,2004-03-23 20:46:00.000,-122.5314486,55.82542104,,Moberly,Winter,radio-transmitter,Rangifer tarandus,car021,MO_car021,Mountain caribou in British Columbia,0.590818904
2282780154,TRUE,2004-03-28 18:36:00.000,-122.530831,55.82633519,,Moberly,Winter,radio-transmitter,Rangifer tarandus,car021,MO_car021,Mountain caribou in British Columbia,0.630785441
2282780155,TRUE,2004-03-29 22:02:00.000,-122.5426804,55.81773593,,Moberly,Winter,radio-transmitter,Rangifer tarandus,car021,MO_car021,Mountain caribou in British Columbia,0.474639734
2282780156,TRUE,2004-04-15 20:28:00.000,-122.4964193,55.87422553,,Moberly,Summer,radio-transmitter,Rangifer tarandus,car021,MO_car021,Mountain caribou in British Columbia,0.009301168
2282780157,TRUE,2004-04-28 18:50:00.000,-122.4896275,55.86564359,,Moberly,Summer,radio-transmitter,Rangifer tarandus,car021,MO_car021,Mountain caribou in British Columbia,0.033312183
2282780158,TRUE,2004-05-11 20:14:00.000,-122.5665941,55.77832298,,Moberly,Summer,radio-transmitter,Rangifer tarandus,car021,MO_car021,Mountain caribou in British Columbia,0.082495805
2282780159,TRUE,2004-06-03 21:12:00.000,-122.6388687,55.61206497,,Moberly,Summer,radio-transmitter,Rangifer tarandus,car021,MO_car021,Mountain caribou in British Columbia,0.238825139
2282780160,TRUE,2004-06-17 22:14:00.000,-122.6028307,55.58230105,,Moberly,Summer,radio-transmitter,Rangifer tarandus,car021,MO_car021,Mountain caribou in British Columbia,0.631240406
2282780161,TRUE,2004-06-30 20:18:00.000,-122.6102016,55.58767116,,Moberly,Summer,radio-transmitter,Rangifer tarandus,car021,MO_car021,Mountain caribou in British Columbia,0.70501529
2282780162,TRUE,2004-07-14 21:24:00.000,-122.5700427,55.61408045,,Moberly,Summer,radio-transmitter,Rangifer tarandus,car021,MO_car021,Mountain caribou in British Columbia,0.778864576
2282780163,TRUE,2004-07-28 21:28:00.000,-122.5963286,55.57902702,,Moberly,Summer,radio-transmitter,Rangifer tarandus,car021,MO_car021,Mountain caribou in British Columbia,0.75726655
2282780164,TRUE,2004-08-11 23:53:00.000,-122.6050639,55.58739413,,Moberly,Summer,radio-transmitter,Rangifer tarandus,car021,MO_car021,Mountain caribou in British Columbia,0.742400821
2282780165,TRUE,2004-08-25 22:03:00.000,-122.5773024,55.6033589,,Moberly,Summer,radio-transmitter,Rangifer tarandus,car021,MO_car021,Mountain caribou in British Columbia,0.571611164
2282780166,TRUE,2004-09-12 19:30:00.000,-122.5466169,55.60654703,,Moberly,Summer,radio-transmitter,Rangifer tarandus,car021,MO_car021,Mountain caribou in British Columbia,0.480002302
2282780167,TRUE,2004-09-27 18:50:00.000,-122.5501739,55.63277113,,Moberly,Summer,radio-transmitter,Rangifer tarandus,car021,MO_car021,Mountain caribou in British Columbia,0.442492237
2282780168,TRUE,2004-10-14 20:15:00.000,-122.5705526,55.6342459,,Moberly,Summer,radio-transmitter,Rangifer tarandus,car021,MO_car021,Mountain caribou in British Columbia,0.255512948
2282780169,TRUE,2004-11-06 20:58:00.000,-122.5164136,55.75450422,,Moberly,Winter,radio-transmitter,Rangifer tarandus,car021,MO_car021,Mountain caribou in British Columbia,-0.067172522
2282780170,TRUE,2004-12-06 23:45:00.000,-122.5407383,55.75360913,,Moberly,Winter,radio-transmitter,Rangifer tarandus,car021,MO_car021,Mountain caribou in British Columbia,-0.022774041
2282780171,TRUE,2004-12-12 23:02:00.000,-122.4463712,55.75560142,,Moberly,Winter,radio-transmitter,Rangifer tarandus,car021,MO_car021,Mountain caribou in British Columbia,0.012846134
2282780172,TRUE,2005-01-02 21:56:00.000,-122.532147,55.74857185,,Moberly,Winter,radio-transmitter,Rangifer tarandus,car021,MO_car021,Mountain caribou in British Columbia,0.12650827
2282780173,TRUE,2005-01-25 23:24:00.000,-122.445705,55.78908712,,Moberly,Winter,radio-transmitter,Rangifer tarandus,car021,MO_car021,Mountain caribou in British Columbia,-0.007296306
2282780174,TRUE,2005-02-07 19:39:00.000,-122.48104,55.80022147,,Moberly,Winter,radio-transmitter,Rangifer tarandus,car021,MO_car021,Mountain caribou in British Columbia,0.330818477
2282780175,TRUE,2005-02-14 22:13:00.000,-122.4730443,55.80522826,,Moberly,Winter,radio-transmitter,Rangifer tarandus,car021,MO_car021,Mountain caribou in British Columbia,0.173233721
2282780176,TRUE,2005-02-21 22:35:00.000,-122.4610788,55.78789751,,Moberly,Winter,radio-transmitter,Rangifer tarandus,car021,MO_car021,Mountain caribou in British Columbia,0.074926564
2282780177,TRUE,2005-02-28 22:32:00.000,-122.4785679,55.78705641,,Moberly,Winter,radio-transmitter,Rangifer tarandus,car021,MO_car021,Mountain caribou in British Columbia,0.159129991
2282780178,TRUE,2005-03-12 21:33:00.000,-122.5174878,55.75138152,,Moberly,Winter,radio-transmitter,Rangifer tarandus,car021,MO_car021,Mountain caribou in British Columbia,-0.015245854
2282780179,TRUE,2005-03-14 22:18:00.000,-122.4995029,55.74622383,,Moberly,Winter,radio-transmitter,Rangifer tarandus,car021,MO_car021,Mountain caribou in British Columbia,-0.031883391
2282780180,TRUE,2005-03-24 16:17:00.000,-122.4754519,55.75548636,,Moberly,Winter,radio-transmitter,Rangifer tarandus,car021,MO_car021,Mountain caribou in British Columbia,0.01814047
2282780181,TRUE,2005-04-18 18:20:00.000,-122.4682817,55.7917836,,Moberly,Summer,radio-transmitter,Rangifer tarandus,car021,MO_car021,Mountain caribou in British Columbia,0.047169241
2282780182,TRUE,2006-04-04 19:00:00.000,-122.4761891,55.87753755,,Moberly,Summer,radio-transmitter,Rangifer tarandus,car052,MO_car052,Mountain caribou in British Columbia,0.052951626
2282780183,TRUE,2006-04-24 19:00:00.000,-122.4783858,55.86271219,,Moberly,Summer,radio-transmitter,Rangifer tarandus,car052,MO_car052,Mountain caribou in British Columbia,0.036752228
2282780184,TRUE,2006-05-13 19:00:00.000,-122.5050209,55.80736484,,Moberly,Summer,radio-transmitter,Rangifer tarandus,car052,MO_car052,Mountain caribou in British Columbia,0.626235702
2282780185,TRUE,2006-05-30 19:00:00.000,-122.8825383,55.48470197,,Moberly,Summer,radio-transmitter,Rangifer tarandus,car052,MO_car052,Mountain caribou in British Columbia,0.683974383
2282780186,TRUE,2006-06-24 19:00:00.000,-122.9195609,55.47191826,,Moberly,Summer,radio-transmitter,Rangifer tarandus,car052,MO_car052,Mountain caribou in British Columbia,0.551586027
2282780187,TRUE,2006-07-16 19:00:00.000,-122.6481015,55.55961582,,Moberly,Summer,radio-transmitter,Rangifer tarandus,car052,MO_car052,Mountain caribou in British Columbia,0.74318893
2282780188,TRUE,2006-08-16 19:00:00.000,-122.6886295,55.57706773,,Moberly,Summer,radio-transmitter,Rangifer tarandus,car052,MO_car052,Mountain caribou in British Columbia,0.744695173
2282780189,TRUE,2006-09-02 18:57:00.000,-122.6629079,55.56162529,,Moberly,Summer,radio-transmitter,Rangifer tarandus,car052,MO_car052,Mountain caribou in British Columbia,0.691405282
2282780190,TRUE,2006-10-04 17:44:00.000,-122.7984109,55.52633092,,Moberly,Summer,radio-transmitter,Rangifer tarandus,car052,MO_car052,Mountain caribou in British Columbia,0.63656922
2282780191,TRUE,2006-12-16 23:00:00.000,-122.5576244,55.79748375,,Moberly,Winter,radio-transmitter,Rangifer tarandus,car052,MO_car052,Mountain caribou in British Columbia,-0.097915225
2282780192,TRUE,2007-01-27 18:25:00.000,-122.4776173,55.85925858,,Moberly,Winter,radio-transmitter,Rangifer tarandus,car052,MO_car052,Mountain caribou in British Columbia,NaN
2282780193,TRUE,2007-03-22 19:00:00.000,-122.4515165,55.87256008,,Moberly,Winter,radio-transmitter,Rangifer tarandus,car052,MO_car052,Mountain caribou in British Columbia,0.041819605
2282780194,TRUE,2007-07-07 19:45:00.000,-122.4552583,55.83587171,,Moberly,Summer,radio-transmitter,Rangifer tarandus,car052,MO_car052,Mountain caribou in British Columbia,0.606689674
2282780195,TRUE,2007-07-28 21:35:00.000,-122.6626258,55.55754503,,Moberly,Summer,radio-transmitter,Rangifer tarandus,car052,MO_car052,Mountain caribou in British Columbia,0.754776775
2282780197,TRUE,2007-11-14 20:25:00.000,-122.4822168,55.64648478,,Moberly,Winter,radio-transmitter,Rangifer tarandus,car067,MO_car067,Mountain caribou in British Columbia,0.262234002
2282780198,TRUE,2015-01-23 18:18:00.000,-122.5033266,55.8627255,,Moberly,Winter,radio-transmitter,Rangifer tarandus,car067,MO_car067,Mountain caribou in British Columbia,0.090851793
2282780199,TRUE,2007-03-26 19:00:00.000,-120.4386337,54.8067512,,Narraway,Winter,radio-transmitter,Rangifer tarandus,car054,NA_car054,Mountain caribou in British Columbia,0.178066292
2282780200,TRUE,2007-03-18 20:52:00.000,-120.8083787,55.17074603,,Narraway,Winter,radio-transmitter,Rangifer tarandus,car055,NA_car055,Mountain caribou in British Columbia,0.105487963
2282780201,TRUE,2007-03-26 19:00:00.000,-120.7882146,55.16906048,,Narraway,Winter,radio-transmitter,Rangifer tarandus,car055,NA_car055,Mountain caribou in British Columbia,0.168225021
2282780202,TRUE,2007-03-26 19:00:00.000,-120.4292327,54.81876937,,Narraway,Winter,radio-transmitter,Rangifer tarandus,car056,NA_car056,Mountain caribou in British Columbia,0.103340865
2282780203,TRUE,2007-06-24 20:35:00.000,-120.8652287,54.65082577,,Narraway,Summer,radio-transmitter,Rangifer tarandus,car056,NA_car056,Mountain caribou in British Columbia,0.351374705
2282780204,TRUE,2007-10-12 19:00:00.000,-120.6442356,55.05020815,,Narraway,Summer,radio-transmitter,Rangifer tarandus,car056,NA_car056,Mountain caribou in British Columbia,0.623079959
2282780205,TRUE,2002-05-02 19:00:00.000,-121.5522091,54.98814591,,Quintette,Summer,radio-transmitter,Rangifer tarandus,car007,QU_car007,Mountain caribou in British Columbia,0.037869804
2282780206,TRUE,2002-05-15 19:00:00.000,-121.5872974,55.02152409,,Quintette,Summer,radio-transmitter,Rangifer tarandus,car007,QU_car007,Mountain caribou in British Columbia,0.04646762
2282780207,TRUE,2002-05-27 19:00:00.000,-121.7580351,55.10041447,,Quintette,Summer,radio-transmitter,Rangifer tarandus,car007,QU_car007,Mountain caribou in British Columbia,0.023835647
2282780208,TRUE,2002-06-10 19:00:00.000,-121.7512958,55.10141503,,Quintette,Summer,radio-transmitter,Rangifer tarandus,car007,QU_car007,Mountain caribou in British Columbia,0.006114663
2282780209,TRUE,2002-06-24 19:00:00.000,-121.7543438,55.10017008,,Quintette,Summer,radio-transmitter,Rangifer tarandus,car007,QU_car007,Mountain caribou in British Columbia,0.405313908
2282780210,TRUE,2002-07-02 19:00:00.000,-121.7931837,55.09333554,,Quintette,Summer,radio-transmitter,Rangifer tarandus,car007,QU_car007,Mountain caribou in British Columbia,0.606782868
2282780211,TRUE,2002-07-08 19:00:00.000,-121.7785928,55.09133878,,Quintette,Summer,radio-transmitter,Rangifer tarandus,car007,QU_car007,Mountain caribou in British Columbia,0.386875559
2282780212,TRUE,2002-07-22 19:00:00.000,-121.6180776,55.09073774,,Quintette,Summer,radio-transmitter,Rangifer tarandus,car007,QU_car007,Mountain caribou in British Columbia,0.658784701
2282780213,TRUE,2002-08-11 19:00:00.000,-121.7160724,55.0922775,,Quintette,Summer,radio-transmitter,Rangifer tarandus,car007,QU_car007,Mountain caribou in British Columbia,0.795840124
2282780214,TRUE,2002-08-23 19:00:00.000,-121.6477799,55.1053427,,Quintette,Summer,radio-transmitter,Rangifer tarandus,car007,QU_car007,Mountain caribou in British Columbia,0.782679866
2282780215,TRUE,2002-09-14 19:00:00.000,-121.6945525,55.06982365,,Quintette,Summer,radio-transmitter,Rangifer tarandus,car007,QU_car007,Mountain caribou in British Columbia,0.6312344
2282780216,TRUE,2002-09-30 19:00:00.000,-121.5258706,55.02060671,,Quintette,Summer,radio-transmitter,Rangifer tarandus,car007,QU_car007,Mountain caribou in British Columbia,0.356576252
2282780217,TRUE,2002-10-21 19:00:00.000,-121.4764616,55.03447691,,Quintette,Summer,radio-transmitter,Rangifer tarandus,car007,QU_car007,Mountain caribou in British Columbia,0.128079638
2282780218,TRUE,2002-11-21 20:00:00.000,-121.5448491,55.04812078,,Quintette,Winter,radio-transmitter,Rangifer tarandus,car007,QU_car007,Mountain caribou in British Columbia,0.269701447
2282780219,TRUE,2003-01-08 20:00:00.000,-121.5295132,55.01553695,,Quintette,Winter,radio-transmitter,Rangifer tarandus,car007,QU_car007,Mountain caribou in British Columbia,-0.019163599
2282780220,TRUE,2003-01-21 20:00:00.000,-121.5018016,55.00705625,,Quintette,Winter,radio-transmitter,Rangifer tarandus,car007,QU_car007,Mountain caribou in British Columbia,0.101497213
2282780221,TRUE,2003-01-29 20:00:00.000,-121.4667286,55.0094773,,Quintette,Winter,radio-transmitter,Rangifer tarandus,car007,QU_car007,Mountain caribou in British Columbia,0.173102207
2282780222,TRUE,2003-02-03 20:00:00.000,-121.4843973,55.01617866,,Quintette,Winter,radio-transmitter,Rangifer tarandus,car007,QU_car007,Mountain caribou in British Columbia,0.200863358
2282780223,TRUE,2003-03-27 20:00:00.000,-121.3887036,55.12885705,,Quintette,Winter,radio-transmitter,Rangifer tarandus,car007,QU_car007,Mountain caribou in British Columbia,-0.009427706
2282780224,TRUE,2003-04-22 19:00:00.000,-121.5734587,54.92089236,,Quintette,Summer,radio-transmitter,Rangifer tarandus,car007,QU_car007,Mountain caribou in British Columbia,-0.035331798
2282780225,TRUE,2003-06-04 17:20:00.000,-121.6565618,55.08934392,,Quintette,Summer,radio-transmitter,Rangifer tarandus,car007,QU_car007,Mountain caribou in British Columbia,0.626078954
2282780226,TRUE,2003-06-19 21:23:00.000,-121.640356,55.09177036,,Quintette,Summer,radio-transmitter,Rangifer tarandus,car007,QU_car007,Mountain caribou in British Columbia,0.370752633
2282780227,TRUE,2003-07-06 21:08:00.000,-121.6568787,55.09765153,,Quintette,Summer,radio-transmitter,Rangifer tarandus,car007,QU_car007,Mountain caribou in British Columbia,0.735796483
2282780228,TRUE,2003-07-31 23:22:00.000,-121.6734783,55.0776933,,Quintette,Summer,radio-transmitter,Rangifer tarandus,car007,QU_car007,Mountain caribou in British Columbia,0.735446216
2282780229,TRUE,2003-08-22 19:30:00.000,-121.8228254,55.09675307,,Quintette,Summer,radio-transmitter,Rangifer tarandus,car007,QU_car007,Mountain caribou in British Columbia,0.806440775
2282780230,TRUE,2003-09-15 00:00:00.000,-121.6027261,55.06498494,,Quintette,Summer,radio-transmitter,Rangifer tarandus,car007,QU_car007,Mountain caribou in British Columbia,0.712240845
2282780231,TRUE,2003-09-27 18:20:00.000,-121.628263,55.07562859,,Quintette,Summer,radio-transmitter,Rangifer tarandus,car007,QU_car007,Mountain caribou in British Columbia,0.750627432
2282780232,TRUE,2003-10-11 17:59:00.000,-121.6519688,55.08195067,,Quintette,Summer,radio-transmitter,Rangifer tarandus,car007,QU_car007,Mountain caribou in British Columbia,0.609768499
2282780233,TRUE,2003-11-08 20:26:00.000,-121.4373864,55.09360437,,Quintette,Winter,radio-transmitter,Rangifer tarandus,car007,QU_car007,Mountain caribou in British Columbia,0.120985572
2282780234,TRUE,2003-12-03 17:24:00.000,-121.32075,55.08637184,,Quintette,Winter,radio-transmitter,Rangifer tarandus,car007,QU_car007,Mountain caribou in British Columbia,0.070127607
2282780235,TRUE,2003-12-10 18:22:00.000,-121.2859126,55.07771665,,Quintette,Winter,radio-transmitter,Rangifer tarandus,car007,QU_car007,Mountain caribou in British Columbia,0.065588408
2282780236,TRUE,2003-12-20 18:30:00.000,-121.3007866,55.09453432,,Quintette,Winter,radio-transmitter,Rangifer tarandus,car007,QU_car007,Mountain caribou in British Columbia,0.078875733
2282780237,TRUE,2003-12-21 22:20:00.000,-121.2982928,55.08609604,,Quintette,Winter,radio-transmitter,Rangifer tarandus,car007,QU_car007,Mountain caribou in British Columbia,0.037556382
2282780238,TRUE,2003-12-27 18:43:00.000,-121.2920083,55.09053784,,Quintette,Winter,radio-transmitter,Rangifer tarandus,car007,QU_car007,Mountain caribou in British Columbia,0.08373802
2282780239,TRUE,2004-01-02 21:17:00.000,-121.3623567,55.12952137,,Quintette,Winter,radio-transmitter,Rangifer tarandus,car007,QU_car007,Mountain caribou in British Columbia,-0.05842066
2282780240,TRUE,2004-01-10 21:42:00.000,-121.3705587,55.14842414,,Quintette,Winter,radio-transmitter,Rangifer tarandus,car007,QU_car007,Mountain caribou in British Columbia,-0.019365455
2282780241,TRUE,2004-01-16 17:03:00.000,-121.369389,55.12362103,,Quintette,Winter,radio-transmitter,Rangifer tarandus,car007,QU_car007,Mountain caribou in British Columbia,NaN
2282780242,TRUE,2004-01-26 17:04:00.000,-121.3698253,55.16794406,,Quintette,Winter,radio-transmitter,Rangifer tarandus,car007,QU_car007,Mountain caribou in British Columbia,0.169865166
2282780243,TRUE,2004-02-01 22:55:00.000,-121.4059098,55.16035057,,Quintette,Winter,radio-transmitter,Rangifer tarandus,car007,QU_car007,Mountain caribou in British Columbia,-0.003749333
2282780244,TRUE,2004-02-12 16:35:00.000,-121.512074,55.16321149,,Quintette,Winter,radio-transmitter,Rangifer tarandus,car007,QU_car007,Mountain caribou in British Columbia,0.009348017
2282780245,TRUE,2004-02-21 17:19:00.000,-121.3720694,55.14909142,,Quintette,Winter,radio-transmitter,Rangifer tarandus,car007,QU_car007,Mountain caribou in British Columbia,0.013183013
2282780246,TRUE,2004-02-26 16:56:00.000,-121.3534013,55.12416096,,Quintette,Winter,radio-transmitter,Rangifer tarandus,car007,QU_car007,Mountain caribou in British Columbia,-0.006251431
2282780247,TRUE,2004-03-06 16:49:00.000,-121.348808,55.11119269,,Quintette,Winter,radio-transmitter,Rangifer tarandus,car007,QU_car007,Mountain caribou in British Columbia,0.048866652
2282780248,TRUE,2004-03-13 21:58:00.000,-121.3355067,55.11284513,,Quintette,Winter,radio-transmitter,Rangifer tarandus,car007,QU_car007,Mountain caribou in British Columbia,0.041750403
2282780249,TRUE,2004-03-22 18:48:00.000,-121.3454357,55.11691694,,Quintette,Winter,radio-transmitter,Rangifer tarandus,car007,QU_car007,Mountain caribou in British Columbia,-0.004648598
2282780250,TRUE,2004-03-26 17:31:00.000,-121.3440797,55.11444492,,Quintette,Winter,radio-transmitter,Rangifer tarandus,car007,QU_car007,Mountain caribou in British Columbia,0.01309804
2282780251,TRUE,2004-03-29 16:46:00.000,-121.3585673,55.12286456,,Quintette,Winter,radio-transmitter,Rangifer tarandus,car007,QU_car007,Mountain caribou in British Columbia,0.002622413
2282780252,TRUE,2004-04-16 17:21:00.000,-121.3365727,55.11171827,,Quintette,Summer,radio-transmitter,Rangifer tarandus,car007,QU_car007,Mountain caribou in British Columbia,-6.03E-04
2282780253,TRUE,2004-04-28 22:13:00.000,-121.6888418,54.88600885,,Quintette,Summer,radio-transmitter,Rangifer tarandus,car007,QU_car007,Mountain caribou in British Columbia,-6.40E-04
2282780254,TRUE,2004-05-11 17:07:00.000,-121.650579,55.09391515,,Quintette,Summer,radio-transmitter,Rangifer tarandus,car007,QU_car007,Mountain caribou in British Columbia,0.234062794
2282780255,TRUE,2004-06-03 18:22:00.000,-121.7359813,55.04781102,,Quintette,Summer,radio-transmitter,Rangifer tarandus,car007,QU_car007,Mountain caribou in British Columbia,0.422097392
2282780256,TRUE,2004-06-17 17:42:00.000,-121.8021419,55.11132596,,Quintette,Summer,radio-transmitter,Rangifer tarandus,car007,QU_car007,Mountain caribou in British Columbia,0.671517088
2282780257,TRUE,2004-06-30 21:40:00.000,-121.6497632,55.0971954,,Quintette,Summer,radio-transmitter,Rangifer tarandus,car007,QU_car007,Mountain caribou in British Columbia,0.720846425
2282780258,TRUE,2004-07-14 19:42:00.000,-121.7910203,55.07570858,,Quintette,Summer,radio-transmitter,Rangifer tarandus,car007,QU_car007,Mountain caribou in British Columbia,0.803250237
2282780259,TRUE,2004-07-28 19:02:00.000,-121.6546915,55.09698032,,Quintette,Summer,radio-transmitter,Rangifer tarandus,car007,QU_car007,Mountain caribou in British Columbia,0.720343483
2282780260,TRUE,2004-08-11 21:25:00.000,-121.7196802,55.09902881,,Quintette,Summer,radio-transmitter,Rangifer tarandus,car007,QU_car007,Mountain caribou in British Columbia,0.758239323
2282780261,TRUE,2004-08-25 18:48:00.000,-121.6583237,55.09054066,,Quintette,Summer,radio-transmitter,Rangifer tarandus,car007,QU_car007,Mountain caribou in British Columbia,0.708831679
2282780262,TRUE,2004-09-12 22:22:00.000,-121.7804637,55.12510358,,Quintette,Summer,radio-transmitter,Rangifer tarandus,car007,QU_car007,Mountain caribou in British Columbia,0.619422016
2282780263,TRUE,2004-09-27 17:46:00.000,-121.6492536,55.09650673,,Quintette,Summer,radio-transmitter,Rangifer tarandus,car007,QU_car007,Mountain caribou in British Columbia,0.68678349
2282780264,TRUE,2004-10-14 22:24:00.000,-121.6182573,55.05916771,,Quintette,Summer,radio-transmitter,Rangifer tarandus,car007,QU_car007,Mountain caribou in British Columbia,0.480014926
2282780265,TRUE,2004-11-07 01:55:00.000,-121.356404,55.06096504,,Quintette,Winter,radio-transmitter,Rangifer tarandus,car007,QU_car007,Mountain caribou in British Columbia,0.104964518
2282780266,TRUE,2004-12-06 22:42:00.000,-121.4313447,55.06299629,,Quintette,Winter,radio-transmitter,Rangifer tarandus,car007,QU_car007,Mountain caribou in British Columbia,NaN
2282780267,TRUE,2004-12-12 21:15:00.000,-121.3825767,55.15430922,,Quintette,Winter,radio-transmitter,Rangifer tarandus,car007,QU_car007,Mountain caribou in British Columbia,-0.030484723
2282780268,TRUE,2004-12-21 22:00:00.000,-121.3702687,55.16631427,,Quintette,Winter,radio-transmitter,Rangifer tarandus,car007,QU_car007,Mountain caribou in British Columbia,0.093060632
2282780269,TRUE,2005-01-02 20:42:00.000,-121.3721009,55.12480769,,Quintette,Winter,radio-transmitter,Rangifer tarandus,car007,QU_car007,Mountain caribou in British Columbia,NaN
2282780270,TRUE,2005-01-25 19:42:00.000,-121.2747367,55.12225453,,Quintette,Winter,radio-transmitter,Rangifer tarandus,car007,QU_car007,Mountain caribou in British Columbia,0.200389317
2282780271,TRUE,2005-02-06 21:43:00.000,-121.2604677,55.14636324,,Quintette,Winter,radio-transmitter,Rangifer tarandus,car007,QU_car007,Mountain caribou in British Columbia,0.690115851
2282780272,TRUE,2005-02-14 19:33:00.000,-121.2557703,55.11339225,,Quintette,Winter,radio-transmitter,Rangifer tarandus,car007,QU_car007,Mountain caribou in British Columbia,0.492118359
2282780273,TRUE,2005-02-15 21:30:00.000,-121.2544685,55.10980548,,Quintette,Winter,radio-transmitter,Rangifer tarandus,car007,QU_car007,Mountain caribou in British Columbia,0.451280596
2282780274,TRUE,2005-02-21 19:34:00.000,-121.2910508,55.12509986,,Quintette,Winter,radio-transmitter,Rangifer tarandus,car007,QU_car007,Mountain caribou in British Columbia,0.667788607
2282780275,TRUE,2005-02-22 22:30:00.000,-121.267775,55.11859664,,Quintette,Winter,radio-transmitter,Rangifer tarandus,car007,QU_car007,Mountain caribou in British Columbia,0.703589148
2282780276,TRUE,2005-02-28 18:58:00.000,-121.3984964,55.13146669,,Quintette,Winter,radio-transmitter,Rangifer tarandus,car007,QU_car007,Mountain caribou in British Columbia,0.013435458
2282780277,TRUE,2005-03-12 22:53:00.000,-121.353092,55.11871933,,Quintette,Winter,radio-transmitter,Rangifer tarandus,car007,QU_car007,Mountain caribou in British Columbia,0.028133473
2282780278,TRUE,2005-03-14 19:35:00.000,-121.3592725,55.12402446,,Quintette,Winter,radio-transmitter,Rangifer tarandus,car007,QU_car007,Mountain caribou in British Columbia,-0.004527826
2282780279,TRUE,2005-03-24 17:36:00.000,-121.3271864,55.13110174,,Quintette,Winter,radio-transmitter,Rangifer tarandus,car007,QU_car007,Mountain caribou in British Columbia,0.233197561
2282780280,TRUE,2005-04-14 18:30:00.000,-121.3988681,55.1292337,,Quintette,Summer,radio-transmitter,Rangifer tarandus,car007,QU_car007,Mountain caribou in British Columbia,0.020643057
2282780281,TRUE,2005-05-02 20:23:00.000,-121.3531398,55.12251271,,Quintette,Summer,radio-transmitter,Rangifer tarandus,car007,QU_car007,Mountain caribou in British Columbia,0.044401543
2282780282,TRUE,2005-05-18 19:23:00.000,-121.6005766,55.05119178,,Quintette,Summer,radio-transmitter,Rangifer tarandus,car007,QU_car007,Mountain caribou in British Columbia,0.250055953
2282780283,TRUE,2005-06-09 00:47:00.000,-121.7349804,55.10337662,,Quintette,Summer,radio-transmitter,Rangifer tarandus,car007,QU_car007,Mountain caribou in British Columbia,0.453938802
2282780284,TRUE,2005-06-28 19:00:00.000,-121.8200377,55.11531105,,Quintette,Summer,radio-transmitter,Rangifer tarandus,car007,QU_car007,Mountain caribou in British Columbia,0.481241497
2282780285,TRUE,2005-07-21 19:00:00.000,-121.6779498,55.0565772,,Quintette,Summer,radio-transmitter,Rangifer tarandus,car007,QU_car007,Mountain caribou in British Columbia,0.43103664
2282780286,TRUE,2005-08-10 20:38:00.000,-121.5230721,55.01758895,,Quintette,Summer,radio-transmitter,Rangifer tarandus,car007,QU_car007,Mountain caribou in British Columbia,0.697169831
2282780287,TRUE,2005-08-24 22:10:00.000,-121.3470507,55.10932641,,Quintette,Summer,radio-transmitter,Rangifer tarandus,car007,QU_car007,Mountain caribou in British Columbia,0.625276073
2282780288,TRUE,2005-09-06 23:00:00.000,-121.4926724,55.05740795,,Quintette,Summer,radio-transmitter,Rangifer tarandus,car007,QU_car007,Mountain caribou in British Columbia,0.757121995
2282780289,TRUE,2005-10-18 21:14:00.000,-121.3316518,55.11316988,,Quintette,Summer,radio-transmitter,Rangifer tarandus,car007,QU_car007,Mountain caribou in British Columbia,0.200144395
2282780290,TRUE,2005-11-23 21:10:00.000,-121.4241187,55.08309784,,Quintette,Winter,radio-transmitter,Rangifer tarandus,car007,QU_car007,Mountain caribou in British Columbia,0.130713719
2282780291,TRUE,2005-12-03 21:08:00.000,-121.3552412,55.11411978,,Quintette,Winter,radio-transmitter,Rangifer tarandus,car007,QU_car007,Mountain caribou in British Columbia,0.088788124
2282780292,TRUE,2006-01-03 20:11:00.000,-121.4030931,55.12516391,,Quintette,Winter,radio-transmitter,Rangifer tarandus,car007,QU_car007,Mountain caribou in British Columbia,0.077272783
2282780293,TRUE,2006-01-29 22:14:00.000,-121.2916019,55.09088266,,Quintette,Winter,radio-transmitter,Rangifer tarandus,car007,QU_car007,Mountain caribou in British Columbia,0.276120159
2282780294,TRUE,2006-02-16 20:00:00.000,-121.2892365,55.08755997,,Quintette,Winter,radio-transmitter,Rangifer tarandus,car007,QU_car007,Mountain caribou in British Columbia,0.215546289
2282780295,TRUE,2006-03-19 20:00:00.000,-121.3354556,55.1042703,,Quintette,Winter,radio-transmitter,Rangifer tarandus,car007,QU_car007,Mountain caribou in British Columbia,0.118343202
2282780296,TRUE,2006-04-04 19:00:00.000,-121.3970492,55.12765496,,Quintette,Summer,radio-transmitter,Rangifer tarandus,car007,QU_car007,Mountain caribou in British Columbia,0.008465656
2282780297,TRUE,2006-04-24 19:00:00.000,-121.3465143,55.11623954,,Quintette,Summer,radio-transmitter,Rangifer tarandus,car007,QU_car007,Mountain caribou in British Columbia,0.034372826
2282780298,TRUE,2006-05-13 19:00:00.000,-121.5370831,55.05161365,,Quintette,Summer,radio-transmitter,Rangifer tarandus,car007,QU_car007,Mountain caribou in British Columbia,0.34765127
2282780299,TRUE,2006-05-30 19:00:00.000,-121.5299697,54.99707331,,Quintette,Summer,radio-transmitter,Rangifer tarandus,car007,QU_car007,Mountain caribou in British Columbia,0.510881691
2282780300,TRUE,2006-07-16 19:00:00.000,-121.4948459,55.01532873,,Quintette,Summer,radio-transmitter,Rangifer tarandus,car007,QU_car007,Mountain caribou in British Columbia,0.785336845
2282780301,TRUE,2006-08-16 19:00:00.000,-121.7702371,55.12464132,,Quintette,Summer,radio-transmitter,Rangifer tarandus,car007,QU_car007,Mountain caribou in British Columbia,0.674478577
2282780302,TRUE,2006-09-02 23:13:00.000,-121.5760235,55.01963117,,Quintette,Summer,radio-transmitter,Rangifer tarandus,car007,QU_car007,Mountain caribou in British Columbia,0.621941636
2282780303,TRUE,2006-10-04 22:40:00.000,-121.366471,55.12633211,,Quintette,Summer,radio-transmitter,Rangifer tarandus,car007,QU_car007,Mountain caribou in British Columbia,0.297417013
2282780304,TRUE,2006-12-26 21:59:00.000,-121.4218722,55.08404838,,Quintette,Winter,radio-transmitter,Rangifer tarandus,car007,QU_car007,Mountain caribou in British Columbia,0.028994587
2282780305,TRUE,2007-01-12 19:30:00.000,-121.3409778,55.11286584,,Quintette,Winter,radio-transmitter,Rangifer tarandus,car007,QU_car007,Mountain caribou in British Columbia,NaN
2282780306,TRUE,2007-01-27 20:40:00.000,-121.3462592,55.11672141,,Quintette,Winter,radio-transmitter,Rangifer tarandus,car007,QU_car007,Mountain caribou in British Columbia,0.029414866
2282780307,TRUE,2007-02-13 20:50:00.000,-121.3512676,55.1260824,,Quintette,Winter,radio-transmitter,Rangifer tarandus,car007,QU_car007,Mountain caribou in British Columbia,-0.017116424
2282780308,TRUE,2007-03-18 20:39:00.000,-121.339725,55.11963437,,Quintette,Winter,radio-transmitter,Rangifer tarandus,car007,QU_car007,Mountain caribou in British Columbia,0.004201093
2282780309,TRUE,2007-03-26 19:00:00.000,-121.3376483,55.11224525,,Quintette,Winter,radio-transmitter,Rangifer tarandus,car007,QU_car007,Mountain caribou in British Columbia,0.015457412
2282780310,TRUE,2007-04-02 19:00:00.000,-121.3274093,55.10400728,,Quintette,Summer,radio-transmitter,Rangifer tarandus,car007,QU_car007,Mountain caribou in British Columbia,0.159835133
2282780311,TRUE,2007-04-29 19:00:00.000,-121.6708297,55.04371092,,Quintette,Summer,radio-transmitter,Rangifer tarandus,car007,QU_car007,Mountain caribou in British Columbia,0.026953579
2282780312,TRUE,2007-05-14 16:56:00.000,-121.7418426,55.05257199,,Quintette,Summer,radio-transmitter,Rangifer tarandus,car007,QU_car007,Mountain caribou in British Columbia,0.092256946
2282780313,TRUE,2007-05-29 14:36:00.000,-121.642288,55.07267621,,Quintette,Summer,radio-transmitter,Rangifer tarandus,car007,QU_car007,Mountain caribou in British Columbia,0.346420475
2282780314,TRUE,2007-06-24 18:58:00.000,-121.7246182,55.08422501,,Quintette,Summer,radio-transmitter,Rangifer tarandus,car007,QU_car007,Mountain caribou in British Columbia,0.550935296
2282780315,TRUE,2007-07-07 17:02:00.000,-121.7826866,55.08759624,,Quintette,Summer,radio-transmitter,Rangifer tarandus,car007,QU_car007,Mountain caribou in British Columbia,0.606810123
2282780316,TRUE,2007-07-28 22:41:00.000,-121.6135193,55.06125281,,Quintette,Summer,radio-transmitter,Rangifer tarandus,car007,QU_car007,Mountain caribou in British Columbia,0.781261293
2282780317,TRUE,2007-09-01 21:06:00.000,-121.5905373,55.07717496,,Quintette,Summer,radio-transmitter,Rangifer tarandus,car007,QU_car007,Mountain caribou in British Columbia,0.691674686
2282780318,TRUE,2007-09-15 20:00:00.000,-121.6834591,55.07666024,,Quintette,Summer,radio-transmitter,Rangifer tarandus,car007,QU_car007,Mountain caribou in British Columbia,0.673347955
2282780319,TRUE,2007-10-12 19:00:00.000,-121.5816892,55.02086569,,Quintette,Summer,radio-transmitter,Rangifer tarandus,car007,QU_car007,Mountain caribou in British Columbia,0.214976871
2282780320,TRUE,2007-11-14 19:38:00.000,-121.350014,55.12377361,,Quintette,Winter,radio-transmitter,Rangifer tarandus,car007,QU_car007,Mountain caribou in British Columbia,0.013792973
2282780321,TRUE,2015-01-06 20:39:00.000,-121.290618,55.17706,,Quintette,Winter,radio-transmitter,Rangifer tarandus,car007,QU_car007,Mountain caribou in British Columbia,0.403326747
2282780322,TRUE,2015-01-23 19:57:00.000,-121.2935808,55.15770636,,Quintette,Winter,radio-transmitter,Rangifer tarandus,car007,QU_car007,Mountain caribou in British Columbia,0.266518869
2282780323,TRUE,2015-02-17 18:41:00.000,-121.3004875,55.14847376,,Quintette,Winter,radio-transmitter,Rangifer tarandus,car007,QU_car007,Mountain caribou in British Columbia,0.419548039
2282780324,TRUE,2015-03-04 20:29:00.000,-121.414978,55.11217947,,Quintette,Winter,radio-transmitter,Rangifer tarandus,car007,QU_car007,Mountain caribou in British Columbia,0.033161543
2282780325,TRUE,2015-03-22 23:30:00.000,-121.3972513,55.13083018,,Quintette,Winter,radio-transmitter,Rangifer tarandus,car007,QU_car007,Mountain caribou in British Columbia,0.025929063
2282780326,TRUE,2002-05-02 19:00:00.000,-121.3772061,54.94847612,,Quintette,Summer,radio-transmitter,Rangifer tarandus,car008,QU_car008,Mountain caribou in British Columbia,-0.005069496
2282780327,TRUE,2002-05-15 19:00:00.000,-121.3741583,54.95125754,,Quintette,Summer,radio-transmitter,Rangifer tarandus,car008,QU_car008,Mountain caribou in British Columbia,-0.019489832
2282780328,TRUE,2002-05-27 19:00:00.000,-121.3788454,54.95740482,,Quintette,Summer,radio-transmitter,Rangifer tarandus,car008,QU_car008,Mountain caribou in British Columbia,-0.010867375
2282780329,TRUE,2002-06-10 19:00:00.000,-121.2530044,54.95675815,,Quintette,Summer,radio-transmitter,Rangifer tarandus,car008,QU_car008,Mountain caribou in British Columbia,0.578880784
2282780330,TRUE,2002-06-24 19:00:00.000,-121.2507174,54.95871159,,Quintette,Summer,radio-transmitter,Rangifer tarandus,car008,QU_car008,Mountain caribou in British Columbia,0.66437098
2282780331,TRUE,2003-03-07 20:00:00.000,-121.5031839,55.09165369,,Quintette,Winter,radio-transmitter,Rangifer tarandus,car012,QU_car012,Mountain caribou in British Columbia,0.034392479
2282780332,TRUE,2003-03-27 20:00:00.000,-121.4855518,55.0846862,,Quintette,Winter,radio-transmitter,Rangifer tarandus,car012,QU_car012,Mountain caribou in British Columbia,0.01483451
2282780333,TRUE,2003-04-22 19:00:00.000,-121.5295196,55.06619886,,Quintette,Summer,radio-transmitter,Rangifer tarandus,car012,QU_car012,Mountain caribou in British Columbia,-0.012359339
2282780334,TRUE,2003-05-15 19:00:00.000,-121.4875696,55.07605643,,Quintette,Summer,radio-transmitter,Rangifer tarandus,car012,QU_car012,Mountain caribou in British Columbia,0.113924313
2282780335,TRUE,2003-06-04 17:42:00.000,-121.5505945,55.04160161,,Quintette,Summer,radio-transmitter,Rangifer tarandus,car012,QU_car012,Mountain caribou in British Columbia,0.260579368
2282780336,TRUE,2003-06-19 21:16:00.000,-121.4854012,55.0766496,,Quintette,Summer,radio-transmitter,Rangifer tarandus,car012,QU_car012,Mountain caribou in British Columbia,0.162412269
2282780337,TRUE,2003-07-06 20:55:00.000,-121.5130104,55.06755316,,Quintette,Summer,radio-transmitter,Rangifer tarandus,car012,QU_car012,Mountain caribou in British Columbia,0.724335251
2282780338,TRUE,2003-07-31 23:36:00.000,-121.4785286,55.06911337,,Quintette,Summer,radio-transmitter,Rangifer tarandus,car012,QU_car012,Mountain caribou in British Columbia,0.713954929
2282780339,TRUE,2003-08-22 19:55:00.000,-121.3634076,55.06623625,,Quintette,Summer,radio-transmitter,Rangifer tarandus,car012,QU_car012,Mountain caribou in British Columbia,0.63788854
2282780340,TRUE,2003-09-05 00:07:00.000,-121.3098222,55.15521841,,Quintette,Summer,radio-transmitter,Rangifer tarandus,car012,QU_car012,Mountain caribou in British Columbia,0.743162713
2282780341,TRUE,2003-09-14 23:41:00.000,-121.2727615,55.12150754,,Quintette,Summer,radio-transmitter,Rangifer tarandus,car012,QU_car012,Mountain caribou in British Columbia,0.739637223
2282780342,TRUE,2003-09-27 18:03:00.000,-121.3695916,55.06666974,,Quintette,Summer,radio-transmitter,Rangifer tarandus,car012,QU_car012,Mountain caribou in British Columbia,0.446661507
2282780343,TRUE,2003-10-11 18:14:00.000,-121.4007577,55.07017482,,Quintette,Summer,radio-transmitter,Rangifer tarandus,car012,QU_car012,Mountain caribou in British Columbia,0.350841948
2282780344,TRUE,2003-11-02 19:09:00.000,-121.5268986,55.08042109,,Quintette,Winter,radio-transmitter,Rangifer tarandus,car012,QU_car012,Mountain caribou in British Columbia,0.071299629
2282780345,TRUE,2003-11-08 20:44:00.000,-121.4270678,55.11532899,,Quintette,Winter,radio-transmitter,Rangifer tarandus,car012,QU_car012,Mountain caribou in British Columbia,0.009729901
2282780346,TRUE,2003-12-03 20:00:00.000,-121.3103419,55.11692958,,Quintette,Winter,radio-transmitter,Rangifer tarandus,car012,QU_car012,Mountain caribou in British Columbia,0.149328819
2282780347,TRUE,2003-12-10 18:07:00.000,-121.3702184,55.12520494,,Quintette,Winter,radio-transmitter,Rangifer tarandus,car012,QU_car012,Mountain caribou in British Columbia,-0.071059676
2282780348,TRUE,2003-12-21 21:30:00.000,-121.5025485,55.08769144,,Quintette,Winter,radio-transmitter,Rangifer tarandus,car012,QU_car012,Mountain caribou in British Columbia,-0.011933852
2282780349,TRUE,2003-12-27 18:26:00.000,-121.3671608,55.06444419,,Quintette,Winter,radio-transmitter,Rangifer tarandus,car012,QU_car012,Mountain caribou in British Columbia,0.018588699
2282780350,TRUE,2004-01-02 21:06:00.000,-121.3849565,55.15523053,,Quintette,Winter,radio-transmitter,Rangifer tarandus,car012,QU_car012,Mountain caribou in British Columbia,0.015296212
2282780351,TRUE,2004-01-03 19:50:00.000,-121.3853431,55.15498401,,Quintette,Winter,radio-transmitter,Rangifer tarandus,car012,QU_car012,Mountain caribou in British Columbia,0.011256838
2282780352,TRUE,2004-01-10 21:46:00.000,-121.3705587,55.14842414,,Quintette,Winter,radio-transmitter,Rangifer tarandus,car012,QU_car012,Mountain caribou in British Columbia,-0.019340222
2282780353,TRUE,2004-01-16 17:01:00.000,-121.369389,55.12362103,,Quintette,Winter,radio-transmitter,Rangifer tarandus,car012,QU_car012,Mountain caribou in British Columbia,NaN
2282780354,TRUE,2004-01-26 16:59:00.000,-121.3670287,55.15992578,,Quintette,Winter,radio-transmitter,Rangifer tarandus,car012,QU_car012,Mountain caribou in British Columbia,0.12332084
2282780355,TRUE,2004-02-01 22:52:00.000,-121.4059098,55.16035057,,Quintette,Winter,radio-transmitter,Rangifer tarandus,car012,QU_car012,Mountain caribou in British Columbia,-0.003752397
2282780356,TRUE,2004-02-12 16:49:00.000,-121.3890147,55.15034115,,Quintette,Winter,radio-transmitter,Rangifer tarandus,car012,QU_car012,Mountain caribou in British Columbia,0.018495145
2282780357,TRUE,2004-02-21 17:19:00.000,-121.3720694,55.14909142,,Quintette,Winter,radio-transmitter,Rangifer tarandus,car012,QU_car012,Mountain caribou in British Columbia,0.013183013
2282780358,TRUE,2004-02-26 17:28:00.000,-121.3716992,55.14893369,,Quintette,Winter,radio-transmitter,Rangifer tarandus,car012,QU_car012,Mountain caribou in British Columbia,0.026091417
2282780359,TRUE,2004-03-06 16:59:00.000,-121.3654657,55.15208574,,Quintette,Winter,radio-transmitter,Rangifer tarandus,car012,QU_car012,Mountain caribou in British Columbia,0.082097252
2282780360,TRUE,2004-03-13 21:52:00.000,-121.3415609,55.11506674,,Quintette,Winter,radio-transmitter,Rangifer tarandus,car012,QU_car012,Mountain caribou in British Columbia,0.033918275
2282780361,TRUE,2004-03-22 18:48:00.000,-121.3454357,55.11691694,,Quintette,Winter,radio-transmitter,Rangifer tarandus,car012,QU_car012,Mountain caribou in British Columbia,-0.004648598
2282780362,TRUE,2004-03-26 17:30:00.000,-121.3440797,55.11444492,,Quintette,Winter,radio-transmitter,Rangifer tarandus,car012,QU_car012,Mountain caribou in British Columbia,0.013100883
2282780363,TRUE,2004-03-29 16:42:00.000,-121.3585673,55.12286456,,Quintette,Winter,radio-transmitter,Rangifer tarandus,car012,QU_car012,Mountain caribou in British Columbia,0.002621692
2282780364,TRUE,2004-04-16 17:18:00.000,-121.3365727,55.11171827,,Quintette,Summer,radio-transmitter,Rangifer tarandus,car012,QU_car012,Mountain caribou in British Columbia,-6.04E-04
2282780365,TRUE,2004-05-11 17:23:00.000,-121.3716974,55.06571827,,Quintette,Summer,radio-transmitter,Rangifer tarandus,car012,QU_car012,Mountain caribou in British Columbia,0.061442318
2282780366,TRUE,2004-06-03 18:00:00.000,-121.4782276,55.07168,,Quintette,Summer,radio-transmitter,Rangifer tarandus,car012,QU_car012,Mountain caribou in British Columbia,0.666480764
2282780367,TRUE,2004-06-17 17:16:00.000,-121.5027226,55.07632458,,Quintette,Summer,radio-transmitter,Rangifer tarandus,car012,QU_car012,Mountain caribou in British Columbia,0.606514242
2282780368,TRUE,2004-06-30 21:55:00.000,-121.6386209,55.09395283,,Quintette,Summer,radio-transmitter,Rangifer tarandus,car012,QU_car012,Mountain caribou in British Columbia,0.663537423
2282780369,TRUE,2004-07-28 18:51:00.000,-121.4733382,55.09025866,,Quintette,Summer,radio-transmitter,Rangifer tarandus,car012,QU_car012,Mountain caribou in British Columbia,0.750886154
2282780370,TRUE,2004-08-11 21:15:00.000,-121.43955,55.08513,,Quintette,Summer,radio-transmitter,Rangifer tarandus,car012,QU_car012,Mountain caribou in British Columbia,0.711862642
2282780371,TRUE,2004-08-25 18:35:00.000,-121.4173301,55.07964848,,Quintette,Summer,radio-transmitter,Rangifer tarandus,car012,QU_car012,Mountain caribou in British Columbia,0.549588893
2282780372,TRUE,2004-09-12 22:33:00.000,-121.4057757,55.0802617,,Quintette,Summer,radio-transmitter,Rangifer tarandus,car012,QU_car012,Mountain caribou in British Columbia,0.487847556
2282780373,TRUE,2004-09-27 17:31:00.000,-121.4020296,55.07009266,,Quintette,Summer,radio-transmitter,Rangifer tarandus,car012,QU_car012,Mountain caribou in British Columbia,0.540806539
2282780374,TRUE,2004-10-14 22:34:00.000,-121.461461,55.08412359,,Quintette,Summer,radio-transmitter,Rangifer tarandus,car012,QU_car012,Mountain caribou in British Columbia,0.38128094
2282780375,TRUE,2004-12-12 21:10:00.000,-121.4000848,55.07055244,,Quintette,Winter,radio-transmitter,Rangifer tarandus,car012,QU_car012,Mountain caribou in British Columbia,-0.001858852
2282780376,TRUE,2004-12-21 20:01:00.000,-121.4501856,55.04103854,,Quintette,Winter,radio-transmitter,Rangifer tarandus,car012,QU_car012,Mountain caribou in British Columbia,NaN
2282780377,TRUE,2005-01-02 20:37:00.000,-121.3530624,55.11829651,,Quintette,Winter,radio-transmitter,Rangifer tarandus,car012,QU_car012,Mountain caribou in British Columbia,0.035764024
2282780378,TRUE,2005-01-25 19:52:00.000,-121.3863096,55.13998778,,Quintette,Winter,radio-transmitter,Rangifer tarandus,car012,QU_car012,Mountain caribou in British Columbia,0.036942317
2282780379,TRUE,2005-02-06 23:15:00.000,-121.3558219,55.153412,,Quintette,Winter,radio-transmitter,Rangifer tarandus,car012,QU_car012,Mountain caribou in British Columbia,0.101779371
2282780380,TRUE,2005-02-14 19:40:00.000,-121.3429302,55.12365051,,Quintette,Winter,radio-transmitter,Rangifer tarandus,car012,QU_car012,Mountain caribou in British Columbia,-0.001704536
2282780381,TRUE,2005-02-21 19:42:00.000,-121.3452821,55.11380516,,Quintette,Winter,radio-transmitter,Rangifer tarandus,car012,QU_car012,Mountain caribou in British Columbia,-0.002590605
2282780382,TRUE,2005-02-23 01:00:00.000,-121.3413094,55.11205249,,Quintette,Winter,radio-transmitter,Rangifer tarandus,car012,QU_car012,Mountain caribou in British Columbia,0.002435288
2282780383,TRUE,2005-02-28 18:58:00.000,-121.3984964,55.13146669,,Quintette,Winter,radio-transmitter,Rangifer tarandus,car012,QU_car012,Mountain caribou in British Columbia,0.013435458
2282780384,TRUE,2005-03-12 22:38:00.000,-121.3985891,55.14678249,,Quintette,Winter,radio-transmitter,Rangifer tarandus,car012,QU_car012,Mountain caribou in British Columbia,-0.002522922
2282780385,TRUE,2005-03-14 19:35:00.000,-121.3592725,55.12402446,,Quintette,Winter,radio-transmitter,Rangifer tarandus,car012,QU_car012,Mountain caribou in British Columbia,-0.004527826
2282780386,TRUE,2005-03-24 18:09:00.000,-121.3434064,55.11593668,,Quintette,Winter,radio-transmitter,Rangifer tarandus,car012,QU_car012,Mountain caribou in British Columbia,0.018729064
2282780387,TRUE,2005-04-14 18:30:00.000,-121.3988681,55.1292337,,Quintette,Summer,radio-transmitter,Rangifer tarandus,car012,QU_car012,Mountain caribou in British Columbia,0.020643057
2282780388,TRUE,2003-03-07 20:00:00.000,-121.3566131,54.90553446,,Quintette,Winter,radio-transmitter,Rangifer tarandus,car013,QU_car013,Mountain caribou in British Columbia,0.048002798
2282780389,TRUE,2003-03-27 20:00:00.000,-121.4081367,54.92719779,,Quintette,Winter,radio-transmitter,Rangifer tarandus,car013,QU_car013,Mountain caribou in British Columbia,-0.006553991
2282780390,TRUE,2003-04-22 19:00:00.000,-121.3822383,54.93476501,,Quintette,Summer,radio-transmitter,Rangifer tarandus,car013,QU_car013,Mountain caribou in British Columbia,-0.045029872
2282780391,TRUE,2003-03-07 20:00:00.000,-121.0098668,54.94034726,,Quintette,Winter,radio-transmitter,Rangifer tarandus,car014,QU_car014,Mountain caribou in British Columbia,-0.021084505
2282780392,TRUE,2003-03-16 20:00:00.000,-120.9849938,54.93757347,,Quintette,Winter,radio-transmitter,Rangifer tarandus,car014,QU_car014,Mountain caribou in British Columbia,0.041802018
2282780393,TRUE,2003-03-27 20:00:00.000,-120.9962267,54.93521548,,Quintette,Winter,radio-transmitter,Rangifer tarandus,car014,QU_car014,Mountain caribou in British Columbia,0.009495921
2282780394,TRUE,2004-04-16 17:50:00.000,-120.9554831,54.88288895,,Quintette,Summer,radio-transmitter,Rangifer tarandus,car014,QU_car014,Mountain caribou in British Columbia,0.053459508
2282780395,TRUE,2004-04-28 17:15:00.000,-121.0021073,54.87074852,,Quintette,Summer,radio-transmitter,Rangifer tarandus,car014,QU_car014,Mountain caribou in British Columbia,0.040583971
2282780396,TRUE,2004-06-03 17:35:00.000,-121.062876,54.87140058,,Quintette,Summer,radio-transmitter,Rangifer tarandus,car014,QU_car014,Mountain caribou in British Columbia,0.542920954
2282780397,TRUE,2003-03-07 20:00:00.000,-121.5601118,54.82268956,,Quintette,Winter,radio-transmitter,Rangifer tarandus,car015,QU_car015,Mountain caribou in British Columbia,-0.0113959
2282780398,TRUE,2003-03-16 21:04:00.000,-121.6018089,54.81963593,,Quintette,Winter,radio-transmitter,Rangifer tarandus,car015,QU_car015,Mountain caribou in British Columbia,NaN
2282780399,TRUE,2003-03-27 20:00:00.000,-121.5578473,54.81547256,,Quintette,Winter,radio-transmitter,Rangifer tarandus,car015,QU_car015,Mountain caribou in British Columbia,NaN
2282780400,TRUE,2003-04-22 19:00:00.000,-121.6363254,54.83827333,,Quintette,Summer,radio-transmitter,Rangifer tarandus,car015,QU_car015,Mountain caribou in British Columbia,-0.044370911
2282780401,TRUE,2003-12-20 18:17:00.000,-121.4240102,54.92515775,,Quintette,Winter,radio-transmitter,Rangifer tarandus,car031,QU_car031,Mountain caribou in British Columbia,0.077179911
2282780402,TRUE,2003-12-27 22:30:00.000,-121.3980717,54.92402769,,Quintette,Winter,radio-transmitter,Rangifer tarandus,car031,QU_car031,Mountain caribou in British Columbia,NaN
2282780403,TRUE,2004-01-02 20:01:00.000,-121.3866941,54.95173912,,Quintette,Winter,radio-transmitter,Rangifer tarandus,car031,QU_car031,Mountain caribou in British Columbia,0.092478352
2282780404,TRUE,2004-01-10 21:25:00.000,-121.4239809,54.92151736,,Quintette,Winter,radio-transmitter,Rangifer tarandus,car031,QU_car031,Mountain caribou in British Columbia,0.079718864
2282780405,TRUE,2004-01-16 17:19:00.000,-121.417918,54.92053981,,Quintette,Winter,radio-transmitter,Rangifer tarandus,car031,QU_car031,Mountain caribou in British Columbia,0.019673652
2282780406,TRUE,2004-01-26 17:16:00.000,-121.4008877,54.91873506,,Quintette,Winter,radio-transmitter,Rangifer tarandus,car031,QU_car031,Mountain caribou in British Columbia,NaN
2282780407,TRUE,2004-02-01 23:08:00.000,-121.4104506,54.91561596,,Quintette,Winter,radio-transmitter,Rangifer tarandus,car031,QU_car031,Mountain caribou in British Columbia,0.068101922
2282780408,TRUE,2004-02-12 17:04:00.000,-121.4052541,54.92156065,,Quintette,Winter,radio-transmitter,Rangifer tarandus,car031,QU_car031,Mountain caribou in British Columbia,NaN
2282780409,TRUE,2004-02-21 17:36:00.000,-121.3989159,54.93695416,,Quintette,Winter,radio-transmitter,Rangifer tarandus,car031,QU_car031,Mountain caribou in British Columbia,0.106285775
2282780410,TRUE,2004-02-26 17:42:00.000,-121.3763009,54.95659792,,Quintette,Winter,radio-transmitter,Rangifer tarandus,car031,QU_car031,Mountain caribou in British Columbia,0.007249084
2282780411,TRUE,2004-03-13 22:11:00.000,-121.4119253,54.91620146,,Quintette,Winter,radio-transmitter,Rangifer tarandus,car031,QU_car031,Mountain caribou in British Columbia,0.091981293
2282780412,TRUE,2004-03-22 18:40:00.000,-121.3824288,54.93468666,,Quintette,Winter,radio-transmitter,Rangifer tarandus,car031,QU_car031,Mountain caribou in British Columbia,-0.00334248
2282780413,TRUE,2004-03-26 17:50:00.000,-121.3747775,54.9521646,,Quintette,Winter,radio-transmitter,Rangifer tarandus,car031,QU_car031,Mountain caribou in British Columbia,-0.01050618
2282780414,TRUE,2004-03-29 17:27:00.000,-121.3776104,54.93921517,,Quintette,Winter,radio-transmitter,Rangifer tarandus,car031,QU_car031,Mountain caribou in British Columbia,0.009842956
2282780415,TRUE,2004-04-16 18:37:00.000,-121.5712399,54.85710875,,Quintette,Summer,radio-transmitter,Rangifer tarandus,car031,QU_car031,Mountain caribou in British Columbia,-0.023643502
2282780416,TRUE,2004-04-28 16:53:00.000,-121.5714516,54.85729099,,Quintette,Summer,radio-transmitter,Rangifer tarandus,car031,QU_car031,Mountain caribou in British Columbia,0.017280355
2282780417,TRUE,2004-05-11 16:48:00.000,-121.5904523,54.82439383,,Quintette,Summer,radio-transmitter,Rangifer tarandus,car031,QU_car031,Mountain caribou in British Columbia,-0.033039526
2282780418,TRUE,2004-06-17 16:13:00.000,-121.7346746,54.67836287,,Quintette,Summer,radio-transmitter,Rangifer tarandus,car031,QU_car031,Mountain caribou in British Columbia,0.712662325
2282780419,TRUE,2004-06-30 15:08:00.000,-121.8058561,54.64274856,,Quintette,Summer,radio-transmitter,Rangifer tarandus,car031,QU_car031,Mountain caribou in British Columbia,0.607173225
2282780420,TRUE,2004-07-14 17:58:00.000,-121.7649181,54.64722727,,Quintette,Summer,radio-transmitter,Rangifer tarandus,car031,QU_car031,Mountain caribou in British Columbia,0.742600231
2282780421,TRUE,2004-07-28 16:17:00.000,-121.7560569,54.64000039,,Quintette,Summer,radio-transmitter,Rangifer tarandus,car031,QU_car031,Mountain caribou in British Columbia,0.720553403
2282780422,TRUE,2004-08-11 18:14:00.000,-121.7364594,54.66983426,,Quintette,Summer,radio-transmitter,Rangifer tarandus,car031,QU_car031,Mountain caribou in British Columbia,0.77844322
2282780423,TRUE,2004-08-25 16:04:00.000,-121.7599932,54.67205469,,Quintette,Summer,radio-transmitter,Rangifer tarandus,car031,QU_car031,Mountain caribou in British Columbia,0.661274185
2282780424,TRUE,2004-09-13 00:51:00.000,-121.734843,54.68192373,,Quintette,Summer,radio-transmitter,Rangifer tarandus,car031,QU_car031,Mountain caribou in British Columbia,0.375777893
2282780425,TRUE,2004-09-27 16:23:00.000,-121.4684115,54.60447296,,Quintette,Summer,radio-transmitter,Rangifer tarandus,car031,QU_car031,Mountain caribou in British Columbia,0.403125329
2282780426,TRUE,2004-10-14 23:21:00.000,-121.4833719,54.61018897,,Quintette,Summer,radio-transmitter,Rangifer tarandus,car031,QU_car031,Mountain caribou in British Columbia,0.244231427
2282780427,TRUE,2004-11-06 22:14:00.000,-121.5115153,54.63882346,,Quintette,Winter,radio-transmitter,Rangifer tarandus,car031,QU_car031,Mountain caribou in British Columbia,-0.051323385
2282780428,TRUE,2004-12-06 21:28:00.000,-121.4962517,54.60650278,,Quintette,Winter,radio-transmitter,Rangifer tarandus,car031,QU_car031,Mountain caribou in British Columbia,-0.066066809
2282780429,TRUE,2004-12-12 19:45:00.000,-121.5518567,54.59982861,,Quintette,Winter,radio-transmitter,Rangifer tarandus,car031,QU_car031,Mountain caribou in British Columbia,NaN
2282780430,TRUE,2005-01-02 19:48:00.000,-121.5702518,54.62533031,,Quintette,Winter,radio-transmitter,Rangifer tarandus,car031,QU_car031,Mountain caribou in British Columbia,0.015943818
2282780431,TRUE,2005-01-05 22:39:00.000,-121.5640022,54.60310112,,Quintette,Winter,radio-transmitter,Rangifer tarandus,car031,QU_car031,Mountain caribou in British Columbia,NaN
2282780432,TRUE,2005-02-14 18:07:00.000,-121.5725016,54.62699265,,Quintette,Winter,radio-transmitter,Rangifer tarandus,car031,QU_car031,Mountain caribou in British Columbia,0.040878429
2282780433,TRUE,2005-02-21 18:04:00.000,-121.5779753,54.62817156,,Quintette,Winter,radio-transmitter,Rangifer tarandus,car031,QU_car031,Mountain caribou in British Columbia,0.165988506
2282780434,TRUE,2005-02-28 18:02:00.000,-121.5707612,54.61698656,,Quintette,Winter,radio-transmitter,Rangifer tarandus,car031,QU_car031,Mountain caribou in British Columbia,0.06807684
2282780435,TRUE,2005-03-01 19:02:00.000,-121.5596695,54.62452181,,Quintette,Winter,radio-transmitter,Rangifer tarandus,car031,QU_car031,Mountain caribou in British Columbia,0.013333532
2282780436,TRUE,2005-03-12 18:00:00.000,-121.557836,54.62380791,,Quintette,Winter,radio-transmitter,Rangifer tarandus,car031,QU_car031,Mountain caribou in British Columbia,-0.005660704
2282780437,TRUE,2005-03-14 18:35:00.000,-121.5575902,54.62199841,,Quintette,Winter,radio-transmitter,Rangifer tarandus,car031,QU_car031,Mountain caribou in British Columbia,-0.008975471
2282780438,TRUE,2005-03-23 18:31:00.000,-121.578896,54.61064698,,Quintette,Winter,radio-transmitter,Rangifer tarandus,car031,QU_car031,Mountain caribou in British Columbia,0.065504385
2282780439,TRUE,2005-04-14 17:44:00.000,-121.5655942,54.60493556,,Quintette,Summer,radio-transmitter,Rangifer tarandus,car031,QU_car031,Mountain caribou in British Columbia,0.003382745
2282780440,TRUE,2004-02-21 17:36:00.000,-121.3989159,54.93695416,,Quintette,Winter,radio-transmitter,Rangifer tarandus,car035,QU_car035,Mountain caribou in British Columbia,0.106285775
2282780441,TRUE,2004-02-26 17:48:00.000,-121.3763009,54.95659792,,Quintette,Winter,radio-transmitter,Rangifer tarandus,car035,QU_car035,Mountain caribou in British Columbia,0.007248584
2282780442,TRUE,2004-03-13 22:11:00.000,-121.4119253,54.91620146,,Quintette,Winter,radio-transmitter,Rangifer tarandus,car035,QU_car035,Mountain caribou in British Columbia,0.091981293
2282780443,TRUE,2004-03-22 18:39:00.000,-121.3824288,54.93468666,,Quintette,Winter,radio-transmitter,Rangifer tarandus,car035,QU_car035,Mountain caribou in British Columbia,-0.003341743
2282780444,TRUE,2004-03-26 17:45:00.000,-121.3747775,54.9521646,,Quintette,Winter,radio-transmitter,Rangifer tarandus,car035,QU_car035,Mountain caribou in British Columbia,-0.010504618
2282780445,TRUE,2004-03-29 17:24:00.000,-121.3776104,54.93921517,,Quintette,Winter,radio-transmitter,Rangifer tarandus,car035,QU_car035,Mountain caribou in British Columbia,0.009843188
2282780446,TRUE,2004-04-16 18:35:00.000,-121.5712399,54.85710875,,Quintette,Summer,radio-transmitter,Rangifer tarandus,car035,QU_car035,Mountain caribou in British Columbia,-0.023648324
2282780447,TRUE,2004-04-28 16:52:00.000,-121.5714516,54.85729099,,Quintette,Summer,radio-transmitter,Rangifer tarandus,car035,QU_car035,Mountain caribou in British Columbia,0.017277929
2282780448,TRUE,2004-05-11 16:46:00.000,-121.5904523,54.82439383,,Quintette,Summer,radio-transmitter,Rangifer tarandus,car035,QU_car035,Mountain caribou in British Columbia,-0.033040141
2282780449,TRUE,2004-06-03 16:45:00.000,-121.5407942,54.76440727,,Quintette,Summer,radio-transmitter,Rangifer tarandus,car035,QU_car035,Mountain caribou in British Columbia,0.038550091
2282780450,TRUE,2004-06-17 16:28:00.000,-121.5259601,54.7564355,,Quintette,Summer,radio-transmitter,Rangifer tarandus,car035,QU_car035,Mountain caribou in British Columbia,0.374867022
2282780451,TRUE,2004-06-30 22:49:00.000,-121.5277844,54.77853159,,Quintette,Summer,radio-transmitter,Rangifer tarandus,car035,QU_car035,Mountain caribou in British Columbia,0.473057028
2282780452,TRUE,2004-07-14 18:10:00.000,-121.5553933,54.81533552,,Quintette,Summer,radio-transmitter,Rangifer tarandus,car035,QU_car035,Mountain caribou in British Columbia,0.719902961
2282780453,TRUE,2004-07-28 18:20:00.000,-121.4224559,54.94294217,,Quintette,Summer,radio-transmitter,Rangifer tarandus,car035,QU_car035,Mountain caribou in British Columbia,0.721501649
2282780454,TRUE,2004-08-11 20:57:00.000,-121.3490829,54.97020731,,Quintette,Summer,radio-transmitter,Rangifer tarandus,car035,QU_car035,Mountain caribou in British Columbia,0.746404771
2282780455,TRUE,2004-08-25 18:18:00.000,-121.3332304,54.97196835,,Quintette,Summer,radio-transmitter,Rangifer tarandus,car035,QU_car035,Mountain caribou in British Columbia,0.631455117
2282780456,TRUE,2004-09-12 22:40:00.000,-121.3764029,54.94787221,,Quintette,Summer,radio-transmitter,Rangifer tarandus,car035,QU_car035,Mountain caribou in British Columbia,0.308422673
2282780457,TRUE,2004-09-27 17:23:00.000,-121.4063088,54.96591973,,Quintette,Summer,radio-transmitter,Rangifer tarandus,car035,QU_car035,Mountain caribou in British Columbia,0.746995178
2282780458,TRUE,2004-10-14 22:46:00.000,-121.3842693,54.96780388,,Quintette,Summer,radio-transmitter,Rangifer tarandus,car035,QU_car035,Mountain caribou in British Columbia,0.336459012
2282780459,TRUE,2004-11-07 00:50:00.000,-121.3504975,54.9646631,,Quintette,Winter,radio-transmitter,Rangifer tarandus,car035,QU_car035,Mountain caribou in British Columbia,0.089264155
2282780460,TRUE,2004-12-06 22:25:00.000,-121.3663577,54.96069794,,Quintette,Winter,radio-transmitter,Rangifer tarandus,car035,QU_car035,Mountain caribou in British Columbia,0.025696868
2282780461,TRUE,2004-12-12 20:40:00.000,-121.3672925,54.97616037,,Quintette,Winter,radio-transmitter,Rangifer tarandus,car035,QU_car035,Mountain caribou in British Columbia,0.022742847
2282780462,TRUE,2004-12-21 19:14:00.000,-121.3888341,54.97084836,,Quintette,Winter,radio-transmitter,Rangifer tarandus,car035,QU_car035,Mountain caribou in British Columbia,0.017020899
2282780463,TRUE,2005-01-02 20:27:00.000,-121.3684114,54.98247576,,Quintette,Winter,radio-transmitter,Rangifer tarandus,car035,QU_car035,Mountain caribou in British Columbia,0.122802272
2282780464,TRUE,2005-01-25 19:18:00.000,-121.3331194,54.9769101,,Quintette,Winter,radio-transmitter,Rangifer tarandus,car035,QU_car035,Mountain caribou in British Columbia,-0.00486127
2282780465,TRUE,2005-02-06 23:54:00.000,-121.3055316,55.0827637,,Quintette,Winter,radio-transmitter,Rangifer tarandus,car035,QU_car035,Mountain caribou in British Columbia,0.118941015
2282780466,TRUE,2005-02-14 19:22:00.000,-121.3010896,55.08886734,,Quintette,Winter,radio-transmitter,Rangifer tarandus,car035,QU_car035,Mountain caribou in British Columbia,0.386538198
2282780467,TRUE,2005-02-15 22:40:00.000,-121.2988525,55.08878218,,Quintette,Winter,radio-transmitter,Rangifer tarandus,car035,QU_car035,Mountain caribou in British Columbia,0.42693764
2282780468,TRUE,2005-02-21 19:28:00.000,-121.3008861,55.0888645,,Quintette,Winter,radio-transmitter,Rangifer tarandus,car035,QU_car035,Mountain caribou in British Columbia,0.433709782
2282780469,TRUE,2005-02-22 23:20:00.000,-121.3041365,55.08685164,,Quintette,Winter,radio-transmitter,Rangifer tarandus,car035,QU_car035,Mountain caribou in British Columbia,0.284811844
2282780470,TRUE,2005-02-28 18:44:00.000,-121.2907133,55.07791896,,Quintette,Winter,radio-transmitter,Rangifer tarandus,car035,QU_car035,Mountain caribou in British Columbia,0.187735361
2282780471,TRUE,2005-03-12 22:59:00.000,-121.2899677,55.08144065,,Quintette,Winter,radio-transmitter,Rangifer tarandus,car035,QU_car035,Mountain caribou in British Columbia,0.009397192
2282780472,TRUE,2005-03-14 19:25:00.000,-121.2910209,55.08503253,,Quintette,Winter,radio-transmitter,Rangifer tarandus,car035,QU_car035,Mountain caribou in British Columbia,0.081886407
2282780473,TRUE,2005-03-24 18:16:00.000,-121.2894657,55.08512753,,Quintette,Winter,radio-transmitter,Rangifer tarandus,car035,QU_car035,Mountain caribou in British Columbia,0.046598095
2282780474,TRUE,2005-04-14 18:20:00.000,-121.290437,55.07925424,,Quintette,Summer,radio-transmitter,Rangifer tarandus,car035,QU_car035,Mountain caribou in British Columbia,0.069584447
2282780475,TRUE,2005-05-02 20:14:00.000,-121.2859858,55.08296649,,Quintette,Summer,radio-transmitter,Rangifer tarandus,car035,QU_car035,Mountain caribou in British Columbia,0.195002596
2282780476,TRUE,2005-05-18 19:44:00.000,-121.3068386,55.07741625,,Quintette,Summer,radio-transmitter,Rangifer tarandus,car035,QU_car035,Mountain caribou in British Columbia,0.641472837
2282780477,TRUE,2005-06-09 01:20:00.000,-121.3238233,55.07283388,,Quintette,Summer,radio-transmitter,Rangifer tarandus,car035,QU_car035,Mountain caribou in British Columbia,0.70781893
2282780478,TRUE,2005-06-28 19:00:00.000,-121.3436786,54.97093372,,Quintette,Summer,radio-transmitter,Rangifer tarandus,car035,QU_car035,Mountain caribou in British Columbia,0.674789204
2282780479,TRUE,2005-07-21 19:00:00.000,-121.3877086,54.96345456,,Quintette,Summer,radio-transmitter,Rangifer tarandus,car035,QU_car035,Mountain caribou in British Columbia,0.763563625
2282780480,TRUE,2005-08-10 20:20:00.000,-121.3439058,54.97452293,,Quintette,Summer,radio-transmitter,Rangifer tarandus,car035,QU_car035,Mountain caribou in British Columbia,0.751391971
2282780481,TRUE,2005-08-24 21:55:00.000,-121.3570502,54.97710994,,Quintette,Summer,radio-transmitter,Rangifer tarandus,car035,QU_car035,Mountain caribou in British Columbia,0.771251402
2282780482,TRUE,2005-09-06 22:35:00.000,-121.363625,55.02636115,,Quintette,Summer,radio-transmitter,Rangifer tarandus,car035,QU_car035,Mountain caribou in British Columbia,0.749297763
2282780483,TRUE,2005-11-23 19:47:00.000,-121.0437432,54.90600464,,Quintette,Winter,radio-transmitter,Rangifer tarandus,car035,QU_car035,Mountain caribou in British Columbia,0.211953082
2282780484,TRUE,2005-12-03 20:33:00.000,-121.0894481,54.90799937,,Quintette,Winter,radio-transmitter,Rangifer tarandus,car035,QU_car035,Mountain caribou in British Columbia,0.389876911
2282780485,TRUE,2006-01-03 21:15:00.000,-121.0893508,54.90346776,,Quintette,Winter,radio-transmitter,Rangifer tarandus,car035,QU_car035,Mountain caribou in British Columbia,0.640399996
2282780486,TRUE,2006-01-29 22:26:00.000,-121.0840212,54.92339167,,Quintette,Winter,radio-transmitter,Rangifer tarandus,car035,QU_car035,Mountain caribou in British Columbia,0.291354515
2282780487,TRUE,2006-02-16 20:00:00.000,-121.0624305,54.92971861,,Quintette,Winter,radio-transmitter,Rangifer tarandus,car035,QU_car035,Mountain caribou in British Columbia,0.497004739
2282780488,TRUE,2006-03-19 20:00:00.000,-121.3902234,54.96970735,,Quintette,Winter,radio-transmitter,Rangifer tarandus,car035,QU_car035,Mountain caribou in British Columbia,0.084354806
2282780489,TRUE,2006-04-04 19:00:00.000,-121.4246978,54.92753042,,Quintette,Summer,radio-transmitter,Rangifer tarandus,car035,QU_car035,Mountain caribou in British Columbia,0.063917068
2282780490,TRUE,2006-04-24 19:00:00.000,-121.4235926,54.92107192,,Quintette,Summer,radio-transmitter,Rangifer tarandus,car035,QU_car035,Mountain caribou in British Columbia,0.071383831
2282780491,TRUE,2006-05-13 19:00:00.000,-121.4242701,54.9213054,,Quintette,Summer,radio-transmitter,Rangifer tarandus,car035,QU_car035,Mountain caribou in British Columbia,0.19105554
2282780492,TRUE,2006-05-30 19:00:00.000,-121.4248129,54.96012117,,Quintette,Summer,radio-transmitter,Rangifer tarandus,car035,QU_car035,Mountain caribou in British Columbia,0.509404883
2282780493,TRUE,2006-06-24 19:00:00.000,-121.381746,54.95440562,,Quintette,Summer,radio-transmitter,Rangifer tarandus,car035,QU_car035,Mountain caribou in British Columbia,0.627556875
2282780494,TRUE,2006-07-16 19:00:00.000,-121.4294774,54.92903031,,Quintette,Summer,radio-transmitter,Rangifer tarandus,car035,QU_car035,Mountain caribou in British Columbia,0.70587149
2282780495,TRUE,2006-08-16 19:00:00.000,-121.4091761,54.9585874,,Quintette,Summer,radio-transmitter,Rangifer tarandus,car035,QU_car035,Mountain caribou in British Columbia,0.73292049
2282780496,TRUE,2006-09-02 23:25:00.000,-121.3411457,54.97363147,,Quintette,Summer,radio-transmitter,Rangifer tarandus,car035,QU_car035,Mountain caribou in British Columbia,0.69103164
2282780497,TRUE,2006-10-04 22:16:00.000,-121.3792045,54.95314045,,Quintette,Summer,radio-transmitter,Rangifer tarandus,car035,QU_car035,Mountain caribou in British Columbia,0.416032875
2282780498,TRUE,2006-12-26 22:45:00.000,-121.4117909,54.95090119,,Quintette,Winter,radio-transmitter,Rangifer tarandus,car035,QU_car035,Mountain caribou in British Columbia,0.161899991
2282780499,TRUE,2007-01-12 21:18:00.000,-121.392523,54.95828747,,Quintette,Winter,radio-transmitter,Rangifer tarandus,car035,QU_car035,Mountain caribou in British Columbia,0.02526165
2282780500,TRUE,2007-01-27 19:38:00.000,-121.3928034,54.9579137,,Quintette,Winter,radio-transmitter,Rangifer tarandus,car035,QU_car035,Mountain caribou in British Columbia,0.064986167
2282780501,TRUE,2007-02-13 21:05:00.000,-121.3794623,54.96070255,,Quintette,Winter,radio-transmitter,Rangifer tarandus,car035,QU_car035,Mountain caribou in British Columbia,0.058508515
2282780502,TRUE,2007-03-18 19:40:00.000,-121.3849799,54.962942,,Quintette,Winter,radio-transmitter,Rangifer tarandus,car035,QU_car035,Mountain caribou in British Columbia,0.028993707
2282780503,TRUE,2007-03-26 19:00:00.000,-121.3941292,54.93054568,,Quintette,Winter,radio-transmitter,Rangifer tarandus,car035,QU_car035,Mountain caribou in British Columbia,-0.010804883
2282780504,TRUE,2007-04-02 19:00:00.000,-121.342402,54.89379203,,Quintette,Summer,radio-transmitter,Rangifer tarandus,car035,QU_car035,Mountain caribou in British Columbia,0.007415277
2282780505,TRUE,2007-04-29 19:00:00.000,-121.3264743,54.89770807,,Quintette,Summer,radio-transmitter,Rangifer tarandus,car035,QU_car035,Mountain caribou in British Columbia,0.005997024
2282780506,TRUE,2007-05-14 17:40:00.000,-121.2903111,54.89654839,,Quintette,Summer,radio-transmitter,Rangifer tarandus,car035,QU_car035,Mountain caribou in British Columbia,0.133827502
2282780507,TRUE,2007-05-29 17:01:00.000,-121.4394595,54.92959929,,Quintette,Summer,radio-transmitter,Rangifer tarandus,car035,QU_car035,Mountain caribou in British Columbia,0.255278656
2282780508,TRUE,2007-06-24 20:12:00.000,-121.3766082,54.95478651,,Quintette,Summer,radio-transmitter,Rangifer tarandus,car035,QU_car035,Mountain caribou in British Columbia,0.365865542
2282780509,TRUE,2007-07-07 17:21:00.000,-121.3897091,54.96069489,,Quintette,Summer,radio-transmitter,Rangifer tarandus,car035,QU_car035,Mountain caribou in British Columbia,0.730065608
2282780510,TRUE,2007-07-29 01:30:00.000,-121.4048713,54.95725475,,Quintette,Summer,radio-transmitter,Rangifer tarandus,car035,QU_car035,Mountain caribou in British Columbia,0.64504627
2282780511,TRUE,2007-09-01 23:45:00.000,-121.3973409,54.96084965,,Quintette,Summer,radio-transmitter,Rangifer tarandus,car035,QU_car035,Mountain caribou in British Columbia,0.740776769
2282780512,TRUE,2007-09-15 21:40:00.000,-121.3979157,54.95700151,,Quintette,Summer,radio-transmitter,Rangifer tarandus,car035,QU_car035,Mountain caribou in British Columbia,0.668766979
2282780513,TRUE,2007-10-12 19:00:00.000,-121.392149,54.9422305,,Quintette,Summer,radio-transmitter,Rangifer tarandus,car035,QU_car035,Mountain caribou in British Columbia,0.276716533
2282780514,TRUE,2007-11-14 18:45:00.000,-121.2641786,54.9772398,,Quintette,Winter,radio-transmitter,Rangifer tarandus,car035,QU_car035,Mountain caribou in British Columbia,0.159360867
2282780515,TRUE,2015-01-06 20:04:00.000,-121.3652651,54.98029444,,Quintette,Winter,radio-transmitter,Rangifer tarandus,car035,QU_car035,Mountain caribou in British Columbia,0.039599176
2282780516,TRUE,2015-01-23 20:14:00.000,-121.3693143,54.97986347,,Quintette,Winter,radio-transmitter,Rangifer tarandus,car035,QU_car035,Mountain caribou in British Columbia,0.06372192
2282780517,TRUE,2015-02-17 17:59:00.000,-121.3402519,54.98734355,,Quintette,Winter,radio-transmitter,Rangifer tarandus,car035,QU_car035,Mountain caribou in British Columbia,0.156745897
2282780518,TRUE,2015-03-04 20:33:00.000,-121.3805423,54.96608259,,Quintette,Winter,radio-transmitter,Rangifer tarandus,car035,QU_car035,Mountain caribou in British Columbia,0.079106602
2282780519,TRUE,2015-03-22 22:10:00.000,-121.3768618,54.94927143,,Quintette,Winter,radio-transmitter,Rangifer tarandus,car035,QU_car035,Mountain caribou in British Columbia,0.031464995
2282780520,TRUE,2004-03-26 18:15:00.000,-120.955777,54.84782957,,Quintette,Winter,radio-transmitter,Rangifer tarandus,car036,QU_car036,Mountain caribou in British Columbia,0.06776032
2282780521,TRUE,2004-03-29 17:00:00.000,-120.962573,54.86442882,,Quintette,Winter,radio-transmitter,Rangifer tarandus,car036,QU_car036,Mountain caribou in British Columbia,0.058646107
2282780522,TRUE,2004-04-16 17:45:00.000,-120.9554831,54.88288895,,Quintette,Summer,radio-transmitter,Rangifer tarandus,car036,QU_car036,Mountain caribou in British Columbia,0.053457415
2282780523,TRUE,2004-04-28 17:17:00.000,-120.9602808,54.86229601,,Quintette,Summer,radio-transmitter,Rangifer tarandus,car036,QU_car036,Mountain caribou in British Columbia,0.084192771
2282780524,TRUE,2004-05-11 17:54:00.000,-120.9602435,54.87013339,,Quintette,Summer,radio-transmitter,Rangifer tarandus,car036,QU_car036,Mountain caribou in British Columbia,0.052526275
2282780525,TRUE,2004-06-03 17:23:00.000,-120.9583148,54.87622216,,Quintette,Summer,radio-transmitter,Rangifer tarandus,car036,QU_car036,Mountain caribou in British Columbia,0.269069475
2282780526,TRUE,2004-06-17 16:53:00.000,-120.9566611,54.87624828,,Quintette,Summer,radio-transmitter,Rangifer tarandus,car036,QU_car036,Mountain caribou in British Columbia,0.474410833
2282780527,TRUE,2004-06-30 22:19:00.000,-121.0095543,54.86670018,,Quintette,Summer,radio-transmitter,Rangifer tarandus,car036,QU_car036,Mountain caribou in British Columbia,0.573979637
2282780528,TRUE,2004-07-14 18:53:00.000,-120.9887495,54.88140406,,Quintette,Summer,radio-transmitter,Rangifer tarandus,car036,QU_car036,Mountain caribou in British Columbia,0.800462151
2282780529,TRUE,2004-07-28 18:33:00.000,-120.9787891,54.88199372,,Quintette,Summer,radio-transmitter,Rangifer tarandus,car036,QU_car036,Mountain caribou in British Columbia,0.73860402
2282780530,TRUE,2004-08-11 20:40:00.000,-121.077256,54.83714086,,Quintette,Summer,radio-transmitter,Rangifer tarandus,car036,QU_car036,Mountain caribou in British Columbia,0.726417327
2282780531,TRUE,2004-08-25 17:46:00.000,-120.985132,54.881416,,Quintette,Summer,radio-transmitter,Rangifer tarandus,car036,QU_car036,Mountain caribou in British Columbia,0.617858731
2282780532,TRUE,2004-09-12 22:53:00.000,-121.0405756,54.84981219,,Quintette,Summer,radio-transmitter,Rangifer tarandus,car036,QU_car036,Mountain caribou in British Columbia,0.500412565
2282780533,TRUE,2004-09-27 16:48:00.000,-120.8785298,54.85761415,,Quintette,Summer,radio-transmitter,Rangifer tarandus,car036,QU_car036,Mountain caribou in British Columbia,0.574130419
2282780534,TRUE,2004-10-14 22:55:00.000,-121.0261949,54.88462506,,Quintette,Summer,radio-transmitter,Rangifer tarandus,car036,QU_car036,Mountain caribou in British Columbia,0.274725453
2282780535,TRUE,2004-11-07 00:32:00.000,-121.0337594,54.8935294,,Quintette,Winter,radio-transmitter,Rangifer tarandus,car036,QU_car036,Mountain caribou in British Columbia,0.02941687
2282780536,TRUE,2004-12-06 22:05:00.000,-121.0303338,54.89086727,,Quintette,Winter,radio-transmitter,Rangifer tarandus,car036,QU_car036,Mountain caribou in British Columbia,-0.004722354
2282780537,TRUE,2004-12-12 20:08:00.000,-120.9170525,54.85628573,,Quintette,Winter,radio-transmitter,Rangifer tarandus,car036,QU_car036,Mountain caribou in British Columbia,0.015966535
2282780538,TRUE,2004-12-21 18:34:00.000,-121.0010032,54.93553684,,Quintette,Winter,radio-transmitter,Rangifer tarandus,car036,QU_car036,Mountain caribou in British Columbia,-0.010865499
2282780539,TRUE,2005-01-02 20:06:00.000,-120.9388773,54.87131861,,Quintette,Winter,radio-transmitter,Rangifer tarandus,car036,QU_car036,Mountain caribou in British Columbia,0.079382305
2282780540,TRUE,2005-01-25 19:02:00.000,-120.9525603,54.88702837,,Quintette,Winter,radio-transmitter,Rangifer tarandus,car036,QU_car036,Mountain caribou in British Columbia,0.09108163
2282780541,TRUE,2005-02-14 19:07:00.000,-120.9373235,54.87274838,,Quintette,Winter,radio-transmitter,Rangifer tarandus,car036,QU_car036,Mountain caribou in British Columbia,NaN
2282780542,TRUE,2005-02-21 19:05:00.000,-120.8992183,54.86846368,,Quintette,Winter,radio-transmitter,Rangifer tarandus,car036,QU_car036,Mountain caribou in British Columbia,0.167122357
2282780543,TRUE,2005-02-28 18:31:00.000,-120.9707766,54.88445778,,Quintette,Winter,radio-transmitter,Rangifer tarandus,car036,QU_car036,Mountain caribou in British Columbia,0.25707959
2282780544,TRUE,2005-03-01 21:24:00.000,-120.9506406,54.87816026,,Quintette,Winter,radio-transmitter,Rangifer tarandus,car036,QU_car036,Mountain caribou in British Columbia,0.067519587
2282780545,TRUE,2005-03-12 23:15:00.000,-120.9597206,54.87616489,,Quintette,Winter,radio-transmitter,Rangifer tarandus,car036,QU_car036,Mountain caribou in British Columbia,0.021574551
2282780546,TRUE,2005-03-14 19:13:00.000,-120.9547718,54.88215789,,Quintette,Winter,radio-transmitter,Rangifer tarandus,car036,QU_car036,Mountain caribou in British Columbia,0.068101372
2282780547,TRUE,2005-03-24 19:38:00.000,-120.9760832,54.87874875,,Quintette,Winter,radio-transmitter,Rangifer tarandus,car036,QU_car036,Mountain caribou in British Columbia,0.155506329
2282780548,TRUE,2005-04-14 18:05:00.000,-120.9469616,54.87816103,,Quintette,Summer,radio-transmitter,Rangifer tarandus,car036,QU_car036,Mountain caribou in British Columbia,0.031295438
2282780549,TRUE,2005-05-02 20:00:00.000,-120.9594932,54.86616582,,Quintette,Summer,radio-transmitter,Rangifer tarandus,car036,QU_car036,Mountain caribou in British Columbia,0.056773261
2282780550,TRUE,2005-05-18 20:09:00.000,-120.9552855,54.87262971,,Quintette,Summer,radio-transmitter,Rangifer tarandus,car036,QU_car036,Mountain caribou in British Columbia,0.117946333
2282780551,TRUE,2005-06-09 01:38:00.000,-120.957976,54.87675578,,Quintette,Summer,radio-transmitter,Rangifer tarandus,car036,QU_car036,Mountain caribou in British Columbia,0.334961243
2282780552,TRUE,2005-06-28 19:00:00.000,-120.9494008,54.87740227,,Quintette,Summer,radio-transmitter,Rangifer tarandus,car036,QU_car036,Mountain caribou in British Columbia,0.45448509
2282780553,TRUE,2005-07-21 19:00:00.000,-121.0399387,54.84238646,,Quintette,Summer,radio-transmitter,Rangifer tarandus,car036,QU_car036,Mountain caribou in British Columbia,0.604044835
2282780554,TRUE,2005-08-10 20:05:00.000,-120.9945752,54.87930721,,Quintette,Summer,radio-transmitter,Rangifer tarandus,car036,QU_car036,Mountain caribou in British Columbia,0.750612988
2282780555,TRUE,2005-08-24 21:40:00.000,-120.9720159,54.87965166,,Quintette,Summer,radio-transmitter,Rangifer tarandus,car036,QU_car036,Mountain caribou in British Columbia,0.651800141
2282780556,TRUE,2005-09-06 22:18:00.000,-121.0119706,54.88251447,,Quintette,Summer,radio-transmitter,Rangifer tarandus,car036,QU_car036,Mountain caribou in British Columbia,0.658103328
2282780557,TRUE,2005-10-18 20:49:00.000,-121.0578588,54.90668953,,Quintette,Summer,radio-transmitter,Rangifer tarandus,car036,QU_car036,Mountain caribou in British Columbia,0.491227513
2282780558,TRUE,2005-11-23 20:00:00.000,-121.0225077,54.90928314,,Quintette,Winter,radio-transmitter,Rangifer tarandus,car036,QU_car036,Mountain caribou in British Columbia,0.192650757
2282780559,TRUE,2005-12-03 20:39:00.000,-121.0173622,54.90383321,,Quintette,Winter,radio-transmitter,Rangifer tarandus,car036,QU_car036,Mountain caribou in British Columbia,0.096695569
2282780560,TRUE,2006-01-03 20:48:00.000,-120.9901679,54.9145949,,Quintette,Winter,radio-transmitter,Rangifer tarandus,car036,QU_car036,Mountain caribou in British Columbia,0.422477376
2282780561,TRUE,2006-01-29 22:50:00.000,-120.9695046,54.92832723,,Quintette,Winter,radio-transmitter,Rangifer tarandus,car036,QU_car036,Mountain caribou in British Columbia,0.147771328
2282780562,TRUE,2006-02-16 20:00:00.000,-120.9776946,54.92001468,,Quintette,Winter,radio-transmitter,Rangifer tarandus,car036,QU_car036,Mountain caribou in British Columbia,0.074438471
2282780563,TRUE,2006-03-19 20:00:00.000,-120.9452589,54.90456752,,Quintette,Winter,radio-transmitter,Rangifer tarandus,car036,QU_car036,Mountain caribou in British Columbia,0.216290694
2282780564,TRUE,2006-04-04 19:00:00.000,-120.9660908,54.85986769,,Quintette,Summer,radio-transmitter,Rangifer tarandus,car036,QU_car036,Mountain caribou in British Columbia,0.050062126
2282780565,TRUE,2006-04-24 19:00:00.000,-120.9454404,54.87619378,,Quintette,Summer,radio-transmitter,Rangifer tarandus,car036,QU_car036,Mountain caribou in British Columbia,0.064307947
2282780566,TRUE,2006-05-13 19:00:00.000,-120.9704553,54.84990953,,Quintette,Summer,radio-transmitter,Rangifer tarandus,car036,QU_car036,Mountain caribou in British Columbia,0.168528741
2282780567,TRUE,2006-05-30 19:00:00.000,-120.9799398,54.87987361,,Quintette,Summer,radio-transmitter,Rangifer tarandus,car036,QU_car036,Mountain caribou in British Columbia,0.595952141
2282780568,TRUE,2006-06-24 19:00:00.000,-120.9615495,54.86093308,,Quintette,Summer,radio-transmitter,Rangifer tarandus,car036,QU_car036,Mountain caribou in British Columbia,0.591098328
2282780569,TRUE,2006-07-16 19:00:00.000,-121.001988,54.87536662,,Quintette,Summer,radio-transmitter,Rangifer tarandus,car036,QU_car036,Mountain caribou in British Columbia,0.825650811
2282780570,TRUE,2006-08-16 19:00:00.000,-121.0525628,54.83929989,,Quintette,Summer,radio-transmitter,Rangifer tarandus,car036,QU_car036,Mountain caribou in British Columbia,0.595841848
2282780571,TRUE,2006-09-03 00:19:00.000,-121.0231044,54.85062552,,Quintette,Summer,radio-transmitter,Rangifer tarandus,car036,QU_car036,Mountain caribou in British Columbia,0.731924975
2282780572,TRUE,2006-10-04 22:59:00.000,-121.0379381,54.89931357,,Quintette,Summer,radio-transmitter,Rangifer tarandus,car036,QU_car036,Mountain caribou in British Columbia,0.470178122
2282780573,TRUE,2006-12-26 23:30:00.000,-121.018325,54.892173,,Quintette,Winter,radio-transmitter,Rangifer tarandus,car036,QU_car036,Mountain caribou in British Columbia,0.042293995
2282780574,TRUE,2007-01-12 20:40:00.000,-120.9993923,54.87238466,,Quintette,Winter,radio-transmitter,Rangifer tarandus,car036,QU_car036,Mountain caribou in British Columbia,0.014062223
2282780575,TRUE,2007-01-27 20:00:00.000,-121.0132986,54.85172382,,Quintette,Winter,radio-transmitter,Rangifer tarandus,car036,QU_car036,Mountain caribou in British Columbia,NaN
2282780576,TRUE,2007-02-13 21:35:00.000,-121.0357277,54.86301872,,Quintette,Winter,radio-transmitter,Rangifer tarandus,car036,QU_car036,Mountain caribou in British Columbia,0.008400858
2282780577,TRUE,2007-03-18 20:03:00.000,-121.0157801,54.86749419,,Quintette,Winter,radio-transmitter,Rangifer tarandus,car036,QU_car036,Mountain caribou in British Columbia,-0.005851817
2282780578,TRUE,2007-03-26 19:00:00.000,-121.0098931,54.83862577,,Quintette,Winter,radio-transmitter,Rangifer tarandus,car036,QU_car036,Mountain caribou in British Columbia,0.0318843
2282780579,TRUE,2007-04-02 19:00:00.000,-121.0038646,54.84370415,,Quintette,Summer,radio-transmitter,Rangifer tarandus,car036,QU_car036,Mountain caribou in British Columbia,0.060870924
2282780580,TRUE,2007-04-29 19:00:00.000,-121.0248458,54.87045537,,Quintette,Summer,radio-transmitter,Rangifer tarandus,car036,QU_car036,Mountain caribou in British Columbia,0.020724521
2282780581,TRUE,2007-05-29 16:11:00.000,-121.0118214,54.8649666,,Quintette,Summer,radio-transmitter,Rangifer tarandus,car036,QU_car036,Mountain caribou in British Columbia,0.066844744
2282780582,TRUE,2007-06-24 19:41:00.000,-120.9566321,54.87589724,,Quintette,Summer,radio-transmitter,Rangifer tarandus,car036,QU_car036,Mountain caribou in British Columbia,0.424181108
2282780583,TRUE,2007-07-07 18:06:00.000,-120.9607818,54.87860962,,Quintette,Summer,radio-transmitter,Rangifer tarandus,car036,QU_car036,Mountain caribou in British Columbia,0.519585128
2282780584,TRUE,2007-07-29 00:08:00.000,-121.0373855,54.84043966,,Quintette,Summer,radio-transmitter,Rangifer tarandus,car036,QU_car036,Mountain caribou in British Columbia,0.737641458
2282780585,TRUE,2007-09-01 21:55:00.000,-121.0265999,54.82688995,,Quintette,Summer,radio-transmitter,Rangifer tarandus,car036,QU_car036,Mountain caribou in British Columbia,0.782569194
2282780586,TRUE,2007-09-15 21:00:00.000,-121.0191727,54.82658919,,Quintette,Summer,radio-transmitter,Rangifer tarandus,car036,QU_car036,Mountain caribou in British Columbia,0.752693194
2282780587,TRUE,2007-10-12 19:00:00.000,-121.0557177,54.90806644,,Quintette,Summer,radio-transmitter,Rangifer tarandus,car036,QU_car036,Mountain caribou in British Columbia,0.523163684
2282780588,TRUE,2007-11-14 18:59:00.000,-121.0233353,54.87074539,,Quintette,Winter,radio-transmitter,Rangifer tarandus,car036,QU_car036,Mountain caribou in British Columbia,0.026767031
2282780589,TRUE,2015-01-06 20:13:00.000,-120.8945953,54.89943937,,Quintette,Winter,radio-transmitter,Rangifer tarandus,car036,QU_car036,Mountain caribou in British Columbia,0.393411592
2282780590,TRUE,2015-01-23 20:26:00.000,-120.9280796,54.91376763,,Quintette,Winter,radio-transmitter,Rangifer tarandus,car036,QU_car036,Mountain caribou in British Columbia,0.118355026
2282780591,TRUE,2015-02-17 17:40:00.000,-120.8825901,54.91450238,,Quintette,Winter,radio-transmitter,Rangifer tarandus,car036,QU_car036,Mountain caribou in British Columbia,0.377630023
2282780592,TRUE,2015-03-04 19:41:00.000,-121.0165021,54.85183913,,Quintette,Winter,radio-transmitter,Rangifer tarandus,car036,QU_car036,Mountain caribou in British Columbia,0.023961328
2282780593,TRUE,2015-03-22 22:29:00.000,-121.0269272,54.85113713,,Quintette,Winter,radio-transmitter,Rangifer tarandus,car036,QU_car036,Mountain caribou in British Columbia,0.022071433
2282780594,TRUE,2004-03-26 18:42:00.000,-120.8803121,54.86017111,,Quintette,Winter,radio-transmitter,Rangifer tarandus,car037,QU_car037,Mountain caribou in British Columbia,0.022421435
2282780595,TRUE,2004-03-29 17:06:00.000,-120.8796712,54.86318012,,Quintette,Winter,radio-transmitter,Rangifer tarandus,car037,QU_car037,Mountain caribou in British Columbia,0.064175293
2282780596,TRUE,2004-04-16 17:50:00.000,-120.9697645,54.88009043,,Quintette,Summer,radio-transmitter,Rangifer tarandus,car037,QU_car037,Mountain caribou in British Columbia,0.109570667
2282780597,TRUE,2004-04-23 17:13:00.000,-121.0117579,54.85960844,,Quintette,Summer,radio-transmitter,Rangifer tarandus,car037,QU_car037,Mountain caribou in British Columbia,0.023488886
2282780598,TRUE,2004-04-28 17:15:00.000,-121.0021073,54.87074852,,Quintette,Summer,radio-transmitter,Rangifer tarandus,car037,QU_car037,Mountain caribou in British Columbia,0.040583971
2282780599,TRUE,2004-05-11 17:41:00.000,-121.3007888,54.82286828,,Quintette,Summer,radio-transmitter,Rangifer tarandus,car037,QU_car037,Mountain caribou in British Columbia,-0.005977816
2282780600,TRUE,2004-06-03 17:02:00.000,-121.4471698,54.78119348,,Quintette,Summer,radio-transmitter,Rangifer tarandus,car037,QU_car037,Mountain caribou in British Columbia,0.145825412
2282780601,TRUE,2004-06-17 16:36:00.000,-121.3818419,54.77461432,,Quintette,Summer,radio-transmitter,Rangifer tarandus,car037,QU_car037,Mountain caribou in British Columbia,0.50571162
2282780602,TRUE,2004-06-30 22:35:00.000,-121.4410584,54.76624018,,Quintette,Summer,radio-transmitter,Rangifer tarandus,car037,QU_car037,Mountain caribou in British Columbia,0.650329237
2282780603,TRUE,2004-07-14 18:38:00.000,-121.44829,54.75843257,,Quintette,Summer,radio-transmitter,Rangifer tarandus,car037,QU_car037,Mountain caribou in British Columbia,0.721727111
2282780604,TRUE,2004-07-28 17:56:00.000,-121.4407149,54.80184565,,Quintette,Summer,radio-transmitter,Rangifer tarandus,car037,QU_car037,Mountain caribou in British Columbia,0.760310224
2282780605,TRUE,2004-08-11 20:26:00.000,-121.4357945,54.90459339,,Quintette,Summer,radio-transmitter,Rangifer tarandus,car037,QU_car037,Mountain caribou in British Columbia,0.710476246
2282780606,TRUE,2004-08-25 18:06:00.000,-121.3960626,54.77514474,,Quintette,Summer,radio-transmitter,Rangifer tarandus,car037,QU_car037,Mountain caribou in British Columbia,0.484826598
2282780607,TRUE,2004-09-27 16:34:00.000,-121.5369304,54.75000727,,Quintette,Summer,radio-transmitter,Rangifer tarandus,car037,QU_car037,Mountain caribou in British Columbia,0.616727085
2282780608,TRUE,2004-10-14 23:12:00.000,-121.5446729,54.65061416,,Quintette,Summer,radio-transmitter,Rangifer tarandus,car037,QU_car037,Mountain caribou in British Columbia,0.182618624
2282780609,TRUE,2004-11-07 00:32:00.000,-121.0337594,54.8935294,,Quintette,Winter,radio-transmitter,Rangifer tarandus,car037,QU_car037,Mountain caribou in British Columbia,0.02941687
2282780610,TRUE,2004-12-06 21:56:00.000,-120.9700479,54.84995665,,Quintette,Winter,radio-transmitter,Rangifer tarandus,car037,QU_car037,Mountain caribou in British Columbia,0.024679029
2282780611,TRUE,2004-12-12 20:25:00.000,-120.9573795,54.88423319,,Quintette,Winter,radio-transmitter,Rangifer tarandus,car037,QU_car037,Mountain caribou in British Columbia,-0.04509661
2282780612,TRUE,2004-12-21 18:34:00.000,-121.0010032,54.93553684,,Quintette,Winter,radio-transmitter,Rangifer tarandus,car037,QU_car037,Mountain caribou in British Columbia,-0.010865499
2282780613,TRUE,2005-01-02 20:12:00.000,-120.9176183,54.86949075,,Quintette,Winter,radio-transmitter,Rangifer tarandus,car037,QU_car037,Mountain caribou in British Columbia,0.111575229
2282780614,TRUE,2005-01-25 19:05:00.000,-120.9431161,54.87500389,,Quintette,Winter,radio-transmitter,Rangifer tarandus,car037,QU_car037,Mountain caribou in British Columbia,NaN
2282780615,TRUE,2005-02-14 19:00:00.000,-120.9730582,54.88373186,,Quintette,Winter,radio-transmitter,Rangifer tarandus,car037,QU_car037,Mountain caribou in British Columbia,0.157530906
2282780616,TRUE,2005-02-15 20:50:00.000,-120.9533705,54.88273652,,Quintette,Winter,radio-transmitter,Rangifer tarandus,car037,QU_car037,Mountain caribou in British Columbia,0.082698096
2282780617,TRUE,2005-02-21 19:05:00.000,-120.8992183,54.86846368,,Quintette,Winter,radio-transmitter,Rangifer tarandus,car037,QU_car037,Mountain caribou in British Columbia,0.167122357
2282780618,TRUE,2005-02-28 18:23:00.000,-120.8693528,54.85347142,,Quintette,Winter,radio-transmitter,Rangifer tarandus,car037,QU_car037,Mountain caribou in British Columbia,0.131211463
2282780619,TRUE,2005-03-12 23:20:00.000,-120.9629871,54.85652585,,Quintette,Winter,radio-transmitter,Rangifer tarandus,car037,QU_car037,Mountain caribou in British Columbia,0.054057886
2282780620,TRUE,2005-03-14 19:08:00.000,-120.9609111,54.85907072,,Quintette,Winter,radio-transmitter,Rangifer tarandus,car037,QU_car037,Mountain caribou in British Columbia,0.055877911
2282780621,TRUE,2005-03-24 20:40:00.000,-120.9352776,54.87221924,,Quintette,Winter,radio-transmitter,Rangifer tarandus,car037,QU_car037,Mountain caribou in British Columbia,0.089622535
2282780622,TRUE,2005-04-14 18:01:00.000,-120.9651671,54.8723283,,Quintette,Summer,radio-transmitter,Rangifer tarandus,car037,QU_car037,Mountain caribou in British Columbia,0.047782169
2282780623,TRUE,2005-05-02 19:52:00.000,-121.0340615,54.89437021,,Quintette,Summer,radio-transmitter,Rangifer tarandus,car037,QU_car037,Mountain caribou in British Columbia,0.055998447
2282780624,TRUE,2005-05-18 20:01:00.000,-121.0478432,54.88413904,,Quintette,Summer,radio-transmitter,Rangifer tarandus,car037,QU_car037,Mountain caribou in British Columbia,0.192307065
2282780625,TRUE,2005-06-09 01:33:00.000,-121.0193752,54.88316577,,Quintette,Summer,radio-transmitter,Rangifer tarandus,car037,QU_car037,Mountain caribou in British Columbia,0.450948731
2282780626,TRUE,2005-06-28 19:00:00.000,-121.449201,54.75858803,,Quintette,Summer,radio-transmitter,Rangifer tarandus,car037,QU_car037,Mountain caribou in British Columbia,0.525469483
2282780627,TRUE,2005-07-21 19:00:00.000,-121.543172,54.76225184,,Quintette,Summer,radio-transmitter,Rangifer tarandus,car037,QU_car037,Mountain caribou in British Columbia,0.517311794
2282780628,TRUE,2005-08-10 19:40:00.000,-121.4057549,54.87415684,,Quintette,Summer,radio-transmitter,Rangifer tarandus,car037,QU_car037,Mountain caribou in British Columbia,0.726717241
2282780629,TRUE,2005-08-24 21:22:00.000,-121.4318727,54.77103814,,Quintette,Summer,radio-transmitter,Rangifer tarandus,car037,QU_car037,Mountain caribou in British Columbia,0.778371258
2282780630,TRUE,2005-09-06 22:00:00.000,-121.4462167,54.77604023,,Quintette,Summer,radio-transmitter,Rangifer tarandus,car037,QU_car037,Mountain caribou in British Columbia,0.684383563
2282780631,TRUE,2005-10-18 20:34:00.000,-121.3414728,54.78618489,,Quintette,Summer,radio-transmitter,Rangifer tarandus,car037,QU_car037,Mountain caribou in British Columbia,0.432123406
2282780632,TRUE,2005-11-23 19:30:00.000,-121.0329685,54.89599739,,Quintette,Winter,radio-transmitter,Rangifer tarandus,car037,QU_car037,Mountain caribou in British Columbia,0.165424155
2282780633,TRUE,2005-12-03 21:26:00.000,-121.0324329,54.90314345,,Quintette,Winter,radio-transmitter,Rangifer tarandus,car037,QU_car037,Mountain caribou in British Columbia,0.063487736
2282780634,TRUE,2006-01-03 21:00:00.000,-121.0054605,54.93694934,,Quintette,Winter,radio-transmitter,Rangifer tarandus,car037,QU_car037,Mountain caribou in British Columbia,0.01354087
2282780635,TRUE,2006-01-29 22:45:00.000,-120.9899372,54.92829841,,Quintette,Winter,radio-transmitter,Rangifer tarandus,car037,QU_car037,Mountain caribou in British Columbia,0.054439661
2282780636,TRUE,2006-02-16 20:00:00.000,-120.9595701,54.91553201,,Quintette,Winter,radio-transmitter,Rangifer tarandus,car037,QU_car037,Mountain caribou in British Columbia,0.205201654
2282780637,TRUE,2006-03-19 20:00:00.000,-120.9748996,54.91445821,,Quintette,Winter,radio-transmitter,Rangifer tarandus,car037,QU_car037,Mountain caribou in British Columbia,0.18574467
2282780638,TRUE,2006-04-04 19:00:00.000,-120.9623865,54.85916739,,Quintette,Summer,radio-transmitter,Rangifer tarandus,car037,QU_car037,Mountain caribou in British Columbia,0.052208974
2282780639,TRUE,2006-04-24 19:00:00.000,-121.027427,54.90088708,,Quintette,Summer,radio-transmitter,Rangifer tarandus,car037,QU_car037,Mountain caribou in British Columbia,0.045358862
2282780640,TRUE,2006-05-13 19:00:00.000,-121.0167172,54.87189586,,Quintette,Summer,radio-transmitter,Rangifer tarandus,car037,QU_car037,Mountain caribou in British Columbia,0.099465991
2282780641,TRUE,2006-06-24 19:00:00.000,-121.4714085,54.75490633,,Quintette,Summer,radio-transmitter,Rangifer tarandus,car037,QU_car037,Mountain caribou in British Columbia,0.470005621
2282780642,TRUE,2006-07-16 19:00:00.000,-121.4416348,54.80300791,,Quintette,Summer,radio-transmitter,Rangifer tarandus,car037,QU_car037,Mountain caribou in British Columbia,0.792001802
2282780643,TRUE,2006-08-16 19:00:00.000,-121.382142,54.86754412,,Quintette,Summer,radio-transmitter,Rangifer tarandus,car037,QU_car037,Mountain caribou in British Columbia,0.749538115
2282780644,TRUE,2006-09-03 00:01:00.000,-121.4369152,54.78984292,,Quintette,Summer,radio-transmitter,Rangifer tarandus,car037,QU_car037,Mountain caribou in British Columbia,0.702320911
2282780645,TRUE,2006-10-04 23:16:00.000,-121.4344615,54.78008642,,Quintette,Summer,radio-transmitter,Rangifer tarandus,car037,QU_car037,Mountain caribou in British Columbia,0.612645225
2282780646,TRUE,2006-12-26 23:04:00.000,-120.8754952,54.85724648,,Quintette,Winter,radio-transmitter,Rangifer tarandus,car037,QU_car037,Mountain caribou in British Columbia,NaN
2282780647,TRUE,2007-01-12 20:30:00.000,-120.8661427,54.86617005,,Quintette,Winter,radio-transmitter,Rangifer tarandus,car037,QU_car037,Mountain caribou in British Columbia,0.293988878
2282780648,TRUE,2007-01-27 20:10:00.000,-120.8695099,54.86703817,,Quintette,Winter,radio-transmitter,Rangifer tarandus,car037,QU_car037,Mountain caribou in British Columbia,0.325353696
2282780649,TRUE,2007-02-13 21:45:00.000,-120.9496812,54.8638972,,Quintette,Winter,radio-transmitter,Rangifer tarandus,car037,QU_car037,Mountain caribou in British Columbia,0.042180826
2282780650,TRUE,2007-03-18 19:58:00.000,-120.9583769,54.88516679,,Quintette,Winter,radio-transmitter,Rangifer tarandus,car037,QU_car037,Mountain caribou in British Columbia,0.005387753
2282780651,TRUE,2007-03-26 19:00:00.000,-120.9711525,54.88225289,,Quintette,Winter,radio-transmitter,Rangifer tarandus,car037,QU_car037,Mountain caribou in British Columbia,0.019694697
2282780652,TRUE,2007-04-02 19:00:00.000,-120.9637072,54.88335072,,Quintette,Summer,radio-transmitter,Rangifer tarandus,car037,QU_car037,Mountain caribou in British Columbia,0.044090551
2282780653,TRUE,2007-04-29 19:00:00.000,-120.9690248,54.88023087,,Quintette,Summer,radio-transmitter,Rangifer tarandus,car037,QU_car037,Mountain caribou in British Columbia,0.028098738
2282780654,TRUE,2007-05-29 16:07:00.000,-120.9632555,54.8808713,,Quintette,Summer,radio-transmitter,Rangifer tarandus,car037,QU_car037,Mountain caribou in British Columbia,0.085307748
2282780655,TRUE,2007-07-07 17:52:00.000,-121.3927773,54.77408562,,Quintette,Summer,radio-transmitter,Rangifer tarandus,car037,QU_car037,Mountain caribou in British Columbia,0.692496265
2282780656,TRUE,2007-07-29 01:37:00.000,-121.4101446,54.8893408,,Quintette,Summer,radio-transmitter,Rangifer tarandus,car037,QU_car037,Mountain caribou in British Columbia,0.609412788
2282780657,TRUE,2007-09-01 21:20:00.000,-121.4238025,54.90292847,,Quintette,Summer,radio-transmitter,Rangifer tarandus,car037,QU_car037,Mountain caribou in British Columbia,0.743737144
2282780658,TRUE,2007-09-15 20:18:00.000,-121.4116391,54.88741899,,Quintette,Summer,radio-transmitter,Rangifer tarandus,car037,QU_car037,Mountain caribou in British Columbia,0.630711511
2282780659,TRUE,2007-10-12 19:00:00.000,-121.4023988,54.88925715,,Quintette,Summer,radio-transmitter,Rangifer tarandus,car037,QU_car037,Mountain caribou in British Columbia,0.181013916
2282780660,TRUE,2007-11-14 19:06:00.000,-120.9667601,54.91311781,,Quintette,Winter,radio-transmitter,Rangifer tarandus,car037,QU_car037,Mountain caribou in British Columbia,0.238592434
2282780661,TRUE,2015-01-23 20:53:00.000,-120.5280568,55.11400989,,Quintette,Winter,radio-transmitter,Rangifer tarandus,car037,QU_car037,Mountain caribou in British Columbia,0.299088035
2282780662,TRUE,2015-02-17 18:11:00.000,-120.5743844,55.06842305,,Quintette,Winter,radio-transmitter,Rangifer tarandus,car037,QU_car037,Mountain caribou in British Columbia,0.466602591
2282780663,TRUE,2015-03-04 20:07:00.000,-120.5354141,55.0497876,,Quintette,Winter,radio-transmitter,Rangifer tarandus,car037,QU_car037,Mountain caribou in British Columbia,0.275766367
2282780664,TRUE,2015-03-22 22:51:00.000,-120.5634508,55.08929309,,Quintette,Winter,radio-transmitter,Rangifer tarandus,car037,QU_car037,Mountain caribou in British Columbia,0.660371444
2282780665,TRUE,2004-03-26 17:58:00.000,-121.5055324,54.91298482,,Quintette,Winter,radio-transmitter,Rangifer tarandus,car038,QU_car038,Mountain caribou in British Columbia,0.015183379
2282780666,TRUE,2004-03-29 17:47:00.000,-121.4247787,55.08942457,,Quintette,Winter,radio-transmitter,Rangifer tarandus,car038,QU_car038,Mountain caribou in British Columbia,0.0335635
2282780667,TRUE,2004-04-16 17:12:00.000,-121.3557075,55.12528858,,Quintette,Summer,radio-transmitter,Rangifer tarandus,car038,QU_car038,Mountain caribou in British Columbia,0.008710884
2282780668,TRUE,2004-04-28 17:38:00.000,-121.3808528,55.14882197,,Quintette,Summer,radio-transmitter,Rangifer tarandus,car038,QU_car038,Mountain caribou in British Columbia,0.05297101
2282780669,TRUE,2004-05-11 17:00:00.000,-121.6675443,55.03990038,,Quintette,Summer,radio-transmitter,Rangifer tarandus,car038,QU_car038,Mountain caribou in British Columbia,0.033318949
2282780670,TRUE,2004-06-03 18:12:00.000,-121.7001191,55.05367043,,Quintette,Summer,radio-transmitter,Rangifer tarandus,car038,QU_car038,Mountain caribou in British Columbia,0.478457008
2282780671,TRUE,2004-06-17 17:30:00.000,-121.6914349,55.0285751,,Quintette,Summer,radio-transmitter,Rangifer tarandus,car038,QU_car038,Mountain caribou in British Columbia,0.293482416
2282780672,TRUE,2004-06-30 22:59:00.000,-121.6912267,54.83166067,,Quintette,Summer,radio-transmitter,Rangifer tarandus,car038,QU_car038,Mountain caribou in British Columbia,0.619117481
2282780673,TRUE,2004-07-14 18:22:00.000,-121.6939248,54.87538659,,Quintette,Summer,radio-transmitter,Rangifer tarandus,car038,QU_car038,Mountain caribou in British Columbia,0.468494031
2282780674,TRUE,2004-07-28 17:41:00.000,-121.7539775,54.86222192,,Quintette,Summer,radio-transmitter,Rangifer tarandus,car038,QU_car038,Mountain caribou in British Columbia,0.75896273
2282780675,TRUE,2004-08-11 19:55:00.000,-121.7771033,54.84560575,,Quintette,Summer,radio-transmitter,Rangifer tarandus,car038,QU_car038,Mountain caribou in British Columbia,0.763375864
2282780676,TRUE,2004-08-25 17:26:00.000,-121.7390555,54.80214889,,Quintette,Summer,radio-transmitter,Rangifer tarandus,car038,QU_car038,Mountain caribou in British Columbia,0.492779029
2282780677,TRUE,2004-09-12 23:21:00.000,-121.7934965,54.75965266,,Quintette,Summer,radio-transmitter,Rangifer tarandus,car038,QU_car038,Mountain caribou in British Columbia,0.401686608
2282780678,TRUE,2004-09-27 22:23:00.000,-121.7567465,54.79092638,,Quintette,Summer,radio-transmitter,Rangifer tarandus,car038,QU_car038,Mountain caribou in British Columbia,0.679204314
2282780679,TRUE,2004-10-15 00:51:00.000,-121.9325569,54.71416815,,Quintette,Summer,radio-transmitter,Rangifer tarandus,car038,QU_car038,Mountain caribou in British Columbia,0.577871516
2282780680,TRUE,2004-11-06 23:30:00.000,-121.8207339,54.79032488,,Quintette,Winter,radio-transmitter,Rangifer tarandus,car038,QU_car038,Mountain caribou in British Columbia,-0.040282367
2282780681,TRUE,2004-12-06 22:32:00.000,-121.2826117,55.07834422,,Quintette,Winter,radio-transmitter,Rangifer tarandus,car038,QU_car038,Mountain caribou in British Columbia,0.034343806
2282780682,TRUE,2004-12-12 20:54:00.000,-121.2780771,55.09090788,,Quintette,Winter,radio-transmitter,Rangifer tarandus,car038,QU_car038,Mountain caribou in British Columbia,0.115175246
2282780683,TRUE,2004-12-21 20:30:00.000,-121.3080769,55.07739752,,Quintette,Winter,radio-transmitter,Rangifer tarandus,car038,QU_car038,Mountain caribou in British Columbia,0.252007961
2282780684,TRUE,2005-01-02 20:37:00.000,-121.3530624,55.11829651,,Quintette,Winter,radio-transmitter,Rangifer tarandus,car038,QU_car038,Mountain caribou in British Columbia,0.035764024
2282780685,TRUE,2005-01-25 19:28:00.000,-121.3352741,55.11617634,,Quintette,Winter,radio-transmitter,Rangifer tarandus,car038,QU_car038,Mountain caribou in British Columbia,0.008259845
2282780686,TRUE,2005-02-06 22:41:00.000,-121.3673847,55.15428642,,Quintette,Winter,radio-transmitter,Rangifer tarandus,car038,QU_car038,Mountain caribou in British Columbia,0.090091171
2282780687,TRUE,2005-02-14 19:45:00.000,-121.3817213,55.14946262,,Quintette,Winter,radio-transmitter,Rangifer tarandus,car038,QU_car038,Mountain caribou in British Columbia,0.020598509
2282780688,TRUE,2005-02-21 19:42:00.000,-121.3452821,55.11380516,,Quintette,Winter,radio-transmitter,Rangifer tarandus,car038,QU_car038,Mountain caribou in British Columbia,-0.002590605
2282780689,TRUE,2005-02-23 01:00:00.000,-121.3413094,55.11205249,,Quintette,Winter,radio-transmitter,Rangifer tarandus,car038,QU_car038,Mountain caribou in British Columbia,0.002435288
2282780690,TRUE,2005-02-28 18:58:00.000,-121.3984964,55.13146669,,Quintette,Winter,radio-transmitter,Rangifer tarandus,car038,QU_car038,Mountain caribou in British Columbia,0.013435458
2282780691,TRUE,2005-03-12 22:44:00.000,-121.3797373,55.14885208,,Quintette,Winter,radio-transmitter,Rangifer tarandus,car038,QU_car038,Mountain caribou in British Columbia,0.05583724
2282780692,TRUE,2005-03-14 19:40:00.000,-121.377693,55.15321076,,Quintette,Winter,radio-transmitter,Rangifer tarandus,car038,QU_car038,Mountain caribou in British Columbia,0.070971925
2282780693,TRUE,2005-03-24 18:47:00.000,-121.3694344,55.15905923,,Quintette,Winter,radio-transmitter,Rangifer tarandus,car038,QU_car038,Mountain caribou in British Columbia,0.069429824
2282780694,TRUE,2005-04-14 18:45:00.000,-121.3624784,55.1211826,,Quintette,Summer,radio-transmitter,Rangifer tarandus,car038,QU_car038,Mountain caribou in British Columbia,-0.009219611
2282780695,TRUE,2005-05-02 21:16:00.000,-121.5944635,54.93067279,,Quintette,Summer,radio-transmitter,Rangifer tarandus,car038,QU_car038,Mountain caribou in British Columbia,0.039508315
2282780696,TRUE,2005-05-18 19:13:00.000,-121.6718154,55.04135805,,Quintette,Summer,radio-transmitter,Rangifer tarandus,car038,QU_car038,Mountain caribou in British Columbia,0.10576115
2282780697,TRUE,2005-06-09 00:55:00.000,-121.6925807,55.02942322,,Quintette,Summer,radio-transmitter,Rangifer tarandus,car038,QU_car038,Mountain caribou in British Columbia,0.435985988
2282780698,TRUE,2005-06-28 19:00:00.000,-121.7360623,54.81929275,,Quintette,Summer,radio-transmitter,Rangifer tarandus,car038,QU_car038,Mountain caribou in British Columbia,0.464323937
2282780699,TRUE,2005-07-21 19:00:00.000,-121.7470061,54.84786928,,Quintette,Summer,radio-transmitter,Rangifer tarandus,car038,QU_car038,Mountain caribou in British Columbia,0.747976837
2282780700,TRUE,2005-08-10 19:15:00.000,-121.6796225,54.82419224,,Quintette,Summer,radio-transmitter,Rangifer tarandus,car038,QU_car038,Mountain caribou in British Columbia,0.760734153
2282780701,TRUE,2005-08-24 20:53:00.000,-121.7864978,54.87610407,,Quintette,Summer,radio-transmitter,Rangifer tarandus,car038,QU_car038,Mountain caribou in British Columbia,0.731342353
2282780702,TRUE,2005-09-06 21:48:00.000,-121.7381333,54.85868807,,Quintette,Summer,radio-transmitter,Rangifer tarandus,car038,QU_car038,Mountain caribou in British Columbia,0.732323131
2282780703,TRUE,2005-10-18 20:20:00.000,-121.684148,54.8410749,,Quintette,Summer,radio-transmitter,Rangifer tarandus,car038,QU_car038,Mountain caribou in British Columbia,0.249128441
2282780704,TRUE,2005-11-23 21:00:00.000,-121.4200421,55.08516606,,Quintette,Winter,radio-transmitter,Rangifer tarandus,car038,QU_car038,Mountain caribou in British Columbia,-0.029467872
2282780705,TRUE,2005-12-03 21:10:00.000,-121.3552412,55.11411978,,Quintette,Winter,radio-transmitter,Rangifer tarandus,car038,QU_car038,Mountain caribou in British Columbia,0.088782482
2282780706,TRUE,2006-01-03 20:11:00.000,-121.4030931,55.12516391,,Quintette,Winter,radio-transmitter,Rangifer tarandus,car038,QU_car038,Mountain caribou in British Columbia,0.077272783
2282780707,TRUE,2006-01-29 21:50:00.000,-121.3927961,55.1265474,,Quintette,Winter,radio-transmitter,Rangifer tarandus,car038,QU_car038,Mountain caribou in British Columbia,-0.019732529
2282780708,TRUE,2006-02-16 20:00:00.000,-121.371826,55.14697612,,Quintette,Winter,radio-transmitter,Rangifer tarandus,car038,QU_car038,Mountain caribou in British Columbia,0.080432005
2282780709,TRUE,2006-03-19 20:00:00.000,-121.3536334,55.12233064,,Quintette,Winter,radio-transmitter,Rangifer tarandus,car038,QU_car038,Mountain caribou in British Columbia,-0.012635504
2282780710,TRUE,2006-04-04 19:00:00.000,-121.4200343,55.11873408,,Quintette,Summer,radio-transmitter,Rangifer tarandus,car038,QU_car038,Mountain caribou in British Columbia,-0.009097941
2282780711,TRUE,2006-04-24 19:00:00.000,-121.3465143,55.11623954,,Quintette,Summer,radio-transmitter,Rangifer tarandus,car038,QU_car038,Mountain caribou in British Columbia,0.034372826
2282780712,TRUE,2006-05-13 19:00:00.000,-121.5396831,54.93923915,,Quintette,Summer,radio-transmitter,Rangifer tarandus,car038,QU_car038,Mountain caribou in British Columbia,0.389765532
2282780713,TRUE,2006-05-30 19:00:00.000,-121.674092,55.03165873,,Quintette,Summer,radio-transmitter,Rangifer tarandus,car038,QU_car038,Mountain caribou in British Columbia,0.268903218
2282780714,TRUE,2006-06-24 19:00:00.000,-121.6830897,55.05166301,,Quintette,Summer,radio-transmitter,Rangifer tarandus,car038,QU_car038,Mountain caribou in British Columbia,0.488924343
2282780715,TRUE,2006-07-16 19:00:00.000,-121.7108323,54.87499203,,Quintette,Summer,radio-transmitter,Rangifer tarandus,car038,QU_car038,Mountain caribou in British Columbia,0.777103875
2282780716,TRUE,2006-08-16 19:00:00.000,-121.7737341,54.87504121,,Quintette,Summer,radio-transmitter,Rangifer tarandus,car038,QU_car038,Mountain caribou in British Columbia,0.791552395
2282780717,TRUE,2006-09-03 00:37:00.000,-121.7691815,54.87049252,,Quintette,Summer,radio-transmitter,Rangifer tarandus,car038,QU_car038,Mountain caribou in British Columbia,0.731528175
2282780718,TRUE,2006-10-04 23:34:00.000,-121.8081106,54.76951255,,Quintette,Summer,radio-transmitter,Rangifer tarandus,car038,QU_car038,Mountain caribou in British Columbia,0.578078198
2282780719,TRUE,2006-12-26 22:15:00.000,-121.3436005,55.07107334,,Quintette,Winter,radio-transmitter,Rangifer tarandus,car038,QU_car038,Mountain caribou in British Columbia,0.116810006
2282780720,TRUE,2007-01-12 21:30:00.000,-121.3633074,55.16454934,,Quintette,Winter,radio-transmitter,Rangifer tarandus,car038,QU_car038,Mountain caribou in British Columbia,0.182650799
2282780721,TRUE,2007-01-27 19:15:00.000,-121.4146132,55.07506547,,Quintette,Winter,radio-transmitter,Rangifer tarandus,car038,QU_car038,Mountain caribou in British Columbia,0.024197644
2282780722,TRUE,2007-02-13 20:40:00.000,-121.4393788,55.05009466,,Quintette,Winter,radio-transmitter,Rangifer tarandus,car038,QU_car038,Mountain caribou in British Columbia,-0.014074476
2282780723,TRUE,2007-03-18 20:35:00.000,-121.3726464,55.12335002,,Quintette,Winter,radio-transmitter,Rangifer tarandus,car038,QU_car038,Mountain caribou in British Columbia,0.005853072
2282780724,TRUE,2007-03-26 19:00:00.000,-121.3951936,55.12855624,,Quintette,Winter,radio-transmitter,Rangifer tarandus,car038,QU_car038,Mountain caribou in British Columbia,0.009806387
2282780725,TRUE,2007-04-02 19:00:00.000,-121.3780884,55.12489653,,Quintette,Summer,radio-transmitter,Rangifer tarandus,car038,QU_car038,Mountain caribou in British Columbia,0.014268068
2282780726,TRUE,2007-04-29 19:00:00.000,-121.3960426,55.1335914,,Quintette,Summer,radio-transmitter,Rangifer tarandus,car038,QU_car038,Mountain caribou in British Columbia,0.034699736
2282780727,TRUE,2007-05-14 18:40:00.000,-121.3546838,55.13339947,,Quintette,Summer,radio-transmitter,Rangifer tarandus,car038,QU_car038,Mountain caribou in British Columbia,0.134276823
2282780728,TRUE,2005-04-14 18:45:00.000,-121.3624784,55.1211826,,Quintette,Summer,radio-transmitter,Rangifer tarandus,car040,QU_car040,Mountain caribou in British Columbia,-0.009219611
2282780729,TRUE,2005-05-02 20:50:00.000,-121.6976632,55.06663058,,Quintette,Summer,radio-transmitter,Rangifer tarandus,car040,QU_car040,Mountain caribou in British Columbia,0.408322241
2282780730,TRUE,2005-05-18 20:33:00.000,-121.8146429,55.10582242,,Quintette,Summer,radio-transmitter,Rangifer tarandus,car040,QU_car040,Mountain caribou in British Columbia,0.06894644
2282780731,TRUE,2005-06-09 00:31:00.000,-121.771525,55.13939289,,Quintette,Summer,radio-transmitter,Rangifer tarandus,car040,QU_car040,Mountain caribou in British Columbia,0.701637404
2282780732,TRUE,2005-06-28 19:00:00.000,-121.8073757,55.10351374,,Quintette,Summer,radio-transmitter,Rangifer tarandus,car040,QU_car040,Mountain caribou in British Columbia,0.485204948
2282780733,TRUE,2005-07-21 19:00:00.000,-121.7388173,55.11243936,,Quintette,Summer,radio-transmitter,Rangifer tarandus,car040,QU_car040,Mountain caribou in British Columbia,0.857212307
2282780734,TRUE,2005-08-10 20:42:00.000,-121.6969425,55.06519392,,Quintette,Summer,radio-transmitter,Rangifer tarandus,car040,QU_car040,Mountain caribou in British Columbia,0.690085417
2282780735,TRUE,2005-08-24 22:32:00.000,-121.6955347,55.08536389,,Quintette,Summer,radio-transmitter,Rangifer tarandus,car040,QU_car040,Mountain caribou in British Columbia,0.710375026
2282780736,TRUE,2005-09-06 23:10:00.000,-121.6901324,55.07616602,,Quintette,Summer,radio-transmitter,Rangifer tarandus,car040,QU_car040,Mountain caribou in British Columbia,0.735804423
2282780737,TRUE,2005-10-18 21:20:00.000,-121.426717,55.11109138,,Quintette,Summer,radio-transmitter,Rangifer tarandus,car040,QU_car040,Mountain caribou in British Columbia,0.257716003
2282780738,TRUE,2005-11-23 21:30:00.000,-121.6040952,55.12190761,,Quintette,Winter,radio-transmitter,Rangifer tarandus,car040,QU_car040,Mountain caribou in British Columbia,0.562441444
2282780739,TRUE,2005-12-03 21:28:00.000,-121.583169,55.1229782,,Quintette,Winter,radio-transmitter,Rangifer tarandus,car040,QU_car040,Mountain caribou in British Columbia,0.04968856
2282780740,TRUE,2006-01-03 21:33:00.000,-121.4306956,55.1147826,,Quintette,Winter,radio-transmitter,Rangifer tarandus,car040,QU_car040,Mountain caribou in British Columbia,0.012016173
2282780741,TRUE,2006-01-29 21:42:00.000,-121.3838752,55.15751698,,Quintette,Winter,radio-transmitter,Rangifer tarandus,car040,QU_car040,Mountain caribou in British Columbia,0.055263581
2282780742,TRUE,2006-02-16 20:00:00.000,-121.371826,55.14697612,,Quintette,Winter,radio-transmitter,Rangifer tarandus,car040,QU_car040,Mountain caribou in British Columbia,0.080432005
2282780743,TRUE,2006-03-19 20:00:00.000,-121.3642611,55.11785421,,Quintette,Winter,radio-transmitter,Rangifer tarandus,car040,QU_car040,Mountain caribou in British Columbia,0.069459337
2282780744,TRUE,2006-04-04 19:00:00.000,-121.3616634,55.12615073,,Quintette,Summer,radio-transmitter,Rangifer tarandus,car040,QU_car040,Mountain caribou in British Columbia,-0.007054918
2282780745,TRUE,2006-04-24 19:00:00.000,-121.3409911,55.11481632,,Quintette,Summer,radio-transmitter,Rangifer tarandus,car040,QU_car040,Mountain caribou in British Columbia,0.009747474
2282780746,TRUE,2006-05-13 19:00:00.000,-121.7062463,55.09279364,,Quintette,Summer,radio-transmitter,Rangifer tarandus,car040,QU_car040,Mountain caribou in British Columbia,0.375498998
2282780747,TRUE,2006-05-30 19:00:00.000,-121.7094434,55.06359255,,Quintette,Summer,radio-transmitter,Rangifer tarandus,car040,QU_car040,Mountain caribou in British Columbia,0.243030539
2282780748,TRUE,2006-06-24 19:00:00.000,-121.681806,55.05309605,,Quintette,Summer,radio-transmitter,Rangifer tarandus,car040,QU_car040,Mountain caribou in British Columbia,0.505461515
2282780749,TRUE,2006-07-16 19:00:00.000,-121.6838318,55.02665074,,Quintette,Summer,radio-transmitter,Rangifer tarandus,car040,QU_car040,Mountain caribou in British Columbia,0.789014764
2282780750,TRUE,2006-08-16 19:00:00.000,-121.8073258,55.13728608,,Quintette,Summer,radio-transmitter,Rangifer tarandus,car040,QU_car040,Mountain caribou in British Columbia,0.65149006
2282780751,TRUE,2006-09-02 22:53:00.000,-121.6477953,55.10395885,,Quintette,Summer,radio-transmitter,Rangifer tarandus,car040,QU_car040,Mountain caribou in British Columbia,0.688689127
2282780752,TRUE,2006-10-04 21:51:00.000,-121.5755997,55.06906539,,Quintette,Summer,radio-transmitter,Rangifer tarandus,car040,QU_car040,Mountain caribou in British Columbia,0.707396899
2282780753,TRUE,2005-04-14 18:45:00.000,-121.3624784,55.1211826,,Quintette,Summer,radio-transmitter,Rangifer tarandus,car041,QU_car041,Mountain caribou in British Columbia,-0.009219611
2282780754,TRUE,2005-05-02 21:07:00.000,-121.6327684,54.84123516,,Quintette,Summer,radio-transmitter,Rangifer tarandus,car041,QU_car041,Mountain caribou in British Columbia,-0.03829889
2282780755,TRUE,2005-05-18 18:55:00.000,-121.6653206,54.82031499,,Quintette,Summer,radio-transmitter,Rangifer tarandus,car041,QU_car041,Mountain caribou in British Columbia,0.12837494
2282780756,TRUE,2005-06-08 19:43:00.000,-121.6512781,54.84235892,,Quintette,Summer,radio-transmitter,Rangifer tarandus,car041,QU_car041,Mountain caribou in British Columbia,0.172581887
2282780757,TRUE,2005-06-28 19:00:00.000,-121.6837191,54.82650157,,Quintette,Summer,radio-transmitter,Rangifer tarandus,car041,QU_car041,Mountain caribou in British Columbia,0.449715426
2282780758,TRUE,2005-07-21 19:00:00.000,-121.8982102,54.7385312,,Quintette,Summer,radio-transmitter,Rangifer tarandus,car041,QU_car041,Mountain caribou in British Columbia,0.28105485
2282780759,TRUE,2005-08-10 19:05:00.000,-121.8720374,54.73629536,,Quintette,Summer,radio-transmitter,Rangifer tarandus,car041,QU_car041,Mountain caribou in British Columbia,0.705193478
2282780760,TRUE,2005-08-24 19:58:00.000,-121.8740411,54.73853387,,Quintette,Summer,radio-transmitter,Rangifer tarandus,car041,QU_car041,Mountain caribou in British Columbia,0.754165559
2282780761,TRUE,2005-09-06 21:25:00.000,-121.8548352,54.74760205,,Quintette,Summer,radio-transmitter,Rangifer tarandus,car041,QU_car041,Mountain caribou in British Columbia,0.722098101
2282780762,TRUE,2005-10-18 19:15:00.000,-121.8941617,54.7115232,,Quintette,Summer,radio-transmitter,Rangifer tarandus,car041,QU_car041,Mountain caribou in British Columbia,0.273839729
2282780763,TRUE,2005-11-23 20:31:00.000,-121.2793591,55.08258543,,Quintette,Winter,radio-transmitter,Rangifer tarandus,car041,QU_car041,Mountain caribou in British Columbia,0.384556536
2282780764,TRUE,2005-12-03 20:55:00.000,-121.2996422,55.08235805,,Quintette,Winter,radio-transmitter,Rangifer tarandus,car041,QU_car041,Mountain caribou in British Columbia,0.203155678
2282780765,TRUE,2006-01-03 21:28:00.000,-121.2856052,55.11821972,,Quintette,Winter,radio-transmitter,Rangifer tarandus,car041,QU_car041,Mountain caribou in British Columbia,0.507156423
2282780766,TRUE,2006-01-29 22:02:00.000,-121.2931112,55.11540414,,Quintette,Winter,radio-transmitter,Rangifer tarandus,car041,QU_car041,Mountain caribou in British Columbia,0.505258392
2282780767,TRUE,2006-02-16 20:00:00.000,-121.2892365,55.08755997,,Quintette,Winter,radio-transmitter,Rangifer tarandus,car041,QU_car041,Mountain caribou in British Columbia,0.215546289
2282780768,TRUE,2006-03-19 20:00:00.000,-121.2944352,55.07843851,,Quintette,Winter,radio-transmitter,Rangifer tarandus,car041,QU_car041,Mountain caribou in British Columbia,0.111924938
2282780769,TRUE,2006-04-24 19:00:00.000,-121.3380655,55.11390465,,Quintette,Summer,radio-transmitter,Rangifer tarandus,car041,QU_car041,Mountain caribou in British Columbia,0.022148703
2282780770,TRUE,2006-05-13 19:00:00.000,-121.410133,54.91219647,,Quintette,Summer,radio-transmitter,Rangifer tarandus,car041,QU_car041,Mountain caribou in British Columbia,0.235873784
2282780771,TRUE,2006-05-30 19:00:00.000,-121.4034471,54.9427569,,Quintette,Summer,radio-transmitter,Rangifer tarandus,car041,QU_car041,Mountain caribou in British Columbia,0.27571133
2282780772,TRUE,2006-06-24 19:00:00.000,-121.381746,54.95440562,,Quintette,Summer,radio-transmitter,Rangifer tarandus,car041,QU_car041,Mountain caribou in British Columbia,0.627556875
2282780773,TRUE,2006-07-16 19:00:00.000,-121.7781844,54.79744432,,Quintette,Summer,radio-transmitter,Rangifer tarandus,car041,QU_car041,Mountain caribou in British Columbia,0.784588056
2282780774,TRUE,2005-04-14 18:45:00.000,-121.3624784,55.1211826,,Quintette,Summer,radio-transmitter,Rangifer tarandus,car042,QU_car042,Mountain caribou in British Columbia,-0.009219611
2282780775,TRUE,2005-05-02 20:33:00.000,-121.4722372,55.04309685,,Quintette,Summer,radio-transmitter,Rangifer tarandus,car042,QU_car042,Mountain caribou in British Columbia,0.020921078
2282780776,TRUE,2005-05-18 19:31:00.000,-121.5356449,55.05541598,,Quintette,Summer,radio-transmitter,Rangifer tarandus,car042,QU_car042,Mountain caribou in British Columbia,0.245314346
2282780777,TRUE,2005-06-09 01:10:00.000,-121.5368703,55.05830666,,Quintette,Summer,radio-transmitter,Rangifer tarandus,car042,QU_car042,Mountain caribou in British Columbia,0.545940052
2282780778,TRUE,2005-06-28 19:00:00.000,-121.5375691,55.05760506,,Quintette,Summer,radio-transmitter,Rangifer tarandus,car042,QU_car042,Mountain caribou in British Columbia,0.60696917
2282780779,TRUE,2005-07-21 19:00:00.000,-121.6066928,55.10855545,,Quintette,Summer,radio-transmitter,Rangifer tarandus,car042,QU_car042,Mountain caribou in British Columbia,0.768122729
2282780780,TRUE,2005-08-10 20:30:00.000,-121.3617549,55.06643871,,Quintette,Summer,radio-transmitter,Rangifer tarandus,car042,QU_car042,Mountain caribou in British Columbia,0.671060765
2282780781,TRUE,2005-09-06 22:55:00.000,-121.241287,55.13434105,,Quintette,Summer,radio-transmitter,Rangifer tarandus,car042,QU_car042,Mountain caribou in British Columbia,0.727393062
2282780782,TRUE,2005-10-18 21:25:00.000,-121.4313204,55.09203448,,Quintette,Summer,radio-transmitter,Rangifer tarandus,car042,QU_car042,Mountain caribou in British Columbia,0.144806653
2282780783,TRUE,2005-11-23 20:47:00.000,-121.305793,55.11659677,,Quintette,Winter,radio-transmitter,Rangifer tarandus,car042,QU_car042,Mountain caribou in British Columbia,0.389085528
2282780784,TRUE,2005-12-03 21:05:00.000,-121.3420072,55.10921293,,Quintette,Winter,radio-transmitter,Rangifer tarandus,car042,QU_car042,Mountain caribou in British Columbia,0.104346237
2282780785,TRUE,2006-01-03 20:11:00.000,-121.4030931,55.12516391,,Quintette,Winter,radio-transmitter,Rangifer tarandus,car042,QU_car042,Mountain caribou in British Columbia,0.077272783
2282780786,TRUE,2006-01-29 21:50:00.000,-121.3927961,55.1265474,,Quintette,Winter,radio-transmitter,Rangifer tarandus,car042,QU_car042,Mountain caribou in British Columbia,-0.019732529
2282780787,TRUE,2006-02-16 20:00:00.000,-121.371826,55.14697612,,Quintette,Winter,radio-transmitter,Rangifer tarandus,car042,QU_car042,Mountain caribou in British Columbia,0.080432005
2282780788,TRUE,2006-03-19 20:00:00.000,-121.3574654,55.12181615,,Quintette,Winter,radio-transmitter,Rangifer tarandus,car042,QU_car042,Mountain caribou in British Columbia,-0.00100142
2282780789,TRUE,2006-04-04 19:00:00.000,-121.3570821,55.12466002,,Quintette,Summer,radio-transmitter,Rangifer tarandus,car042,QU_car042,Mountain caribou in British Columbia,-0.0046451
2282780790,TRUE,2006-04-24 19:00:00.000,-121.3400795,55.11448934,,Quintette,Summer,radio-transmitter,Rangifer tarandus,car042,QU_car042,Mountain caribou in British Columbia,0.01007154
2282780791,TRUE,2006-05-30 19:00:00.000,-121.597252,55.06658464,,Quintette,Summer,radio-transmitter,Rangifer tarandus,car042,QU_car042,Mountain caribou in British Columbia,0.50729971
2282780792,TRUE,2006-07-16 19:00:00.000,-121.5239851,55.08338758,,Quintette,Summer,radio-transmitter,Rangifer tarandus,car042,QU_car042,Mountain caribou in British Columbia,0.797603736
2282780793,TRUE,2006-01-03 20:31:00.000,-121.0096796,54.91664187,,Quintette,Winter,radio-transmitter,Rangifer tarandus,car045,QU_car045,Mountain caribou in British Columbia,0.238466328
2282780794,TRUE,2006-01-29 22:40:00.000,-120.9903062,54.91933408,,Quintette,Winter,radio-transmitter,Rangifer tarandus,car045,QU_car045,Mountain caribou in British Columbia,0.150381222
2282780795,TRUE,2006-02-16 20:00:00.000,-120.9776946,54.92001468,,Quintette,Winter,radio-transmitter,Rangifer tarandus,car045,QU_car045,Mountain caribou in British Columbia,0.074438471
2282780796,TRUE,2006-03-19 20:00:00.000,-121.1275597,54.91805729,,Quintette,Winter,radio-transmitter,Rangifer tarandus,car045,QU_car045,Mountain caribou in British Columbia,0.402120737
2282780797,TRUE,2006-04-04 19:00:00.000,-120.9623865,54.85916739,,Quintette,Summer,radio-transmitter,Rangifer tarandus,car045,QU_car045,Mountain caribou in British Columbia,0.052208974
2282780798,TRUE,2006-04-24 19:00:00.000,-121.250573,54.95628278,,Quintette,Summer,radio-transmitter,Rangifer tarandus,car045,QU_car045,Mountain caribou in British Columbia,0.309062961
2282780799,TRUE,2006-05-13 19:00:00.000,-121.3654871,54.83509058,,Quintette,Summer,radio-transmitter,Rangifer tarandus,car045,QU_car045,Mountain caribou in British Columbia,-0.03753906
2282780800,TRUE,2006-05-30 19:00:00.000,-121.3051029,54.83321986,,Quintette,Summer,radio-transmitter,Rangifer tarandus,car045,QU_car045,Mountain caribou in British Columbia,0.232179396
2282780801,TRUE,2006-06-24 19:00:00.000,-121.3890492,54.85338126,,Quintette,Summer,radio-transmitter,Rangifer tarandus,car045,QU_car045,Mountain caribou in British Columbia,0.589393504
2282780802,TRUE,2006-07-16 19:00:00.000,-121.3766968,54.93670438,,Quintette,Summer,radio-transmitter,Rangifer tarandus,car045,QU_car045,Mountain caribou in British Columbia,0.727100697
2282780803,TRUE,2006-08-16 19:00:00.000,-121.3503815,54.95529629,,Quintette,Summer,radio-transmitter,Rangifer tarandus,car045,QU_car045,Mountain caribou in British Columbia,0.768871358
2282780804,TRUE,2006-09-02 23:40:00.000,-121.4263472,54.93724949,,Quintette,Summer,radio-transmitter,Rangifer tarandus,car045,QU_car045,Mountain caribou in British Columbia,0.64291734
2282780805,TRUE,2006-10-04 22:11:00.000,-121.3969082,54.9332697,,Quintette,Summer,radio-transmitter,Rangifer tarandus,car045,QU_car045,Mountain caribou in British Columbia,0.500067236
2282780806,TRUE,2006-12-26 22:31:00.000,-121.3564448,54.90009456,,Quintette,Winter,radio-transmitter,Rangifer tarandus,car045,QU_car045,Mountain caribou in British Columbia,-0.04921169
2282780807,TRUE,2007-01-12 21:00:00.000,-121.3087272,54.90290896,,Quintette,Winter,radio-transmitter,Rangifer tarandus,car045,QU_car045,Mountain caribou in British Columbia,-0.003919674
2282780808,TRUE,2007-01-27 19:50:00.000,-121.3073142,54.90461495,,Quintette,Winter,radio-transmitter,Rangifer tarandus,car045,QU_car045,Mountain caribou in British Columbia,0.00294735
2282780809,TRUE,2007-02-13 22:50:00.000,-121.3064715,54.90536718,,Quintette,Winter,radio-transmitter,Rangifer tarandus,car045,QU_car045,Mountain caribou in British Columbia,0.013371013
2282780810,TRUE,2007-03-26 19:00:00.000,-120.8692555,54.86772583,,Quintette,Winter,radio-transmitter,Rangifer tarandus,car045,QU_car045,Mountain caribou in British Columbia,0.090057276
2282780811,TRUE,2006-01-03 20:37:00.000,-120.9842166,54.9144154,,Quintette,Winter,radio-transmitter,Rangifer tarandus,car046,QU_car046,Mountain caribou in British Columbia,0.362070265
2282780812,TRUE,2006-01-29 22:43:00.000,-120.9899372,54.92829841,,Quintette,Winter,radio-transmitter,Rangifer tarandus,car046,QU_car046,Mountain caribou in British Columbia,0.054438275
2282780813,TRUE,2006-02-16 20:00:00.000,-120.9595701,54.91553201,,Quintette,Winter,radio-transmitter,Rangifer tarandus,car046,QU_car046,Mountain caribou in British Columbia,0.205201654
2282780814,TRUE,2006-03-19 20:00:00.000,-120.9596659,54.90747095,,Quintette,Winter,radio-transmitter,Rangifer tarandus,car046,QU_car046,Mountain caribou in British Columbia,0.171822746
2282780815,TRUE,2006-04-04 19:00:00.000,-120.9623865,54.85916739,,Quintette,Summer,radio-transmitter,Rangifer tarandus,car046,QU_car046,Mountain caribou in British Columbia,0.052208974
2282780816,TRUE,2006-04-24 19:00:00.000,-121.3447394,54.88394625,,Quintette,Summer,radio-transmitter,Rangifer tarandus,car046,QU_car046,Mountain caribou in British Columbia,0.27420253
2282780817,TRUE,2006-05-13 19:00:00.000,-121.5635159,54.92799219,,Quintette,Summer,radio-transmitter,Rangifer tarandus,car046,QU_car046,Mountain caribou in British Columbia,0.017204567
2282780818,TRUE,2006-05-30 19:00:00.000,-121.580924,55.07748571,,Quintette,Summer,radio-transmitter,Rangifer tarandus,car046,QU_car046,Mountain caribou in British Columbia,0.543077845
2282780819,TRUE,2006-06-24 19:00:00.000,-121.5155633,54.89900625,,Quintette,Summer,radio-transmitter,Rangifer tarandus,car046,QU_car046,Mountain caribou in British Columbia,0.312072613
2282780820,TRUE,2006-07-16 19:00:00.000,-121.5056317,54.90314462,,Quintette,Summer,radio-transmitter,Rangifer tarandus,car046,QU_car046,Mountain caribou in British Columbia,0.710611046
2282780821,TRUE,2006-08-16 19:00:00.000,-121.3903771,54.8755808,,Quintette,Summer,radio-transmitter,Rangifer tarandus,car046,QU_car046,Mountain caribou in British Columbia,0.755238275
2282780822,TRUE,2006-09-02 23:49:00.000,-121.4154578,54.92556783,,Quintette,Summer,radio-transmitter,Rangifer tarandus,car046,QU_car046,Mountain caribou in British Columbia,0.559869628
2282780823,TRUE,2006-10-04 22:24:00.000,-121.3792045,54.95314045,,Quintette,Summer,radio-transmitter,Rangifer tarandus,car046,QU_car046,Mountain caribou in British Columbia,0.416147478
2282780824,TRUE,2006-12-26 22:36:00.000,-121.3569937,54.90078506,,Quintette,Winter,radio-transmitter,Rangifer tarandus,car046,QU_car046,Mountain caribou in British Columbia,-0.050543733
2282780825,TRUE,2007-01-12 21:01:00.000,-121.3087272,54.90290896,,Quintette,Winter,radio-transmitter,Rangifer tarandus,car046,QU_car046,Mountain caribou in British Columbia,-0.003915729
2282780826,TRUE,2007-01-27 19:53:00.000,-121.3073142,54.90461495,,Quintette,Winter,radio-transmitter,Rangifer tarandus,car046,QU_car046,Mountain caribou in British Columbia,0.002954378
2282780828,TRUE,2007-02-13 21:50:00.000,-120.8742551,54.86808313,,Quintette,Winter,radio-transmitter,Rangifer tarandus,car057,QU_car057,Mountain caribou in British Columbia,0.100116504
2282780829,TRUE,2007-03-26 19:00:00.000,-120.8692555,54.86772583,,Quintette,Winter,radio-transmitter,Rangifer tarandus,car057,QU_car057,Mountain caribou in British Columbia,0.090057276
2282780830,TRUE,2007-04-29 19:00:00.000,-120.9690248,54.88023087,,Quintette,Summer,radio-transmitter,Rangifer tarandus,car057,QU_car057,Mountain caribou in British Columbia,0.028098738
2282780831,TRUE,2007-07-29 00:00:00.000,-121.0374896,54.84599619,,Quintette,Summer,radio-transmitter,Rangifer tarandus,car057,QU_car057,Mountain caribou in British Columbia,0.663582314
2282780832,TRUE,2007-09-01 22:02:00.000,-120.9187736,54.85614447,,Quintette,Summer,radio-transmitter,Rangifer tarandus,car057,QU_car057,Mountain caribou in British Columbia,0.64151127
2282780833,TRUE,2007-02-13 21:45:00.000,-120.9496812,54.8638972,,Quintette,Winter,radio-transmitter,Rangifer tarandus,car058,QU_car058,Mountain caribou in British Columbia,0.042180826
2282780834,TRUE,2007-03-18 19:42:00.000,-120.9548285,54.88319253,,Quintette,Winter,radio-transmitter,Rangifer tarandus,car058,QU_car058,Mountain caribou in British Columbia,0.005957401
2282780835,TRUE,2007-03-26 19:00:00.000,-120.9711525,54.88225289,,Quintette,Winter,radio-transmitter,Rangifer tarandus,car058,QU_car058,Mountain caribou in British Columbia,0.019694697
2282780836,TRUE,2007-04-29 19:00:00.000,-120.9672374,54.88136048,,Quintette,Summer,radio-transmitter,Rangifer tarandus,car058,QU_car058,Mountain caribou in British Columbia,0.032828942
2282780837,TRUE,2007-06-24 19:49:00.000,-120.9723465,54.8730686,,Quintette,Summer,radio-transmitter,Rangifer tarandus,car058,QU_car058,Mountain caribou in British Columbia,0.636984701
2282780838,TRUE,2007-09-01 22:12:00.000,-120.9977988,54.84070096,,Quintette,Summer,radio-transmitter,Rangifer tarandus,car058,QU_car058,Mountain caribou in British Columbia,0.74501611
2282780839,TRUE,2015-03-22 22:33:00.000,-121.0169324,54.86243455,,Quintette,Winter,radio-transmitter,Rangifer tarandus,car058,QU_car058,Mountain caribou in British Columbia,0.019271495
2282780840,TRUE,2007-02-13 21:25:00.000,-121.0279824,54.8627134,,Quintette,Winter,radio-transmitter,Rangifer tarandus,car059,QU_car059,Mountain caribou in British Columbia,0.014097474
2282780841,TRUE,2007-03-18 20:14:00.000,-121.0162823,54.86615413,,Quintette,Winter,radio-transmitter,Rangifer tarandus,car059,QU_car059,Mountain caribou in British Columbia,-0.004495109
2282780842,TRUE,2007-03-26 19:00:00.000,-121.0098931,54.83862577,,Quintette,Winter,radio-transmitter,Rangifer tarandus,car059,QU_car059,Mountain caribou in British Columbia,0.0318843
2282780843,TRUE,2007-04-29 19:00:00.000,-121.0248458,54.87045537,,Quintette,Summer,radio-transmitter,Rangifer tarandus,car059,QU_car059,Mountain caribou in British Columbia,0.020724521
2282780844,TRUE,2007-05-29 15:41:00.000,-121.3418435,54.84436902,,Quintette,Summer,radio-transmitter,Rangifer tarandus,car059,QU_car059,Mountain caribou in British Columbia,0.264103415
2282780845,TRUE,2007-07-29 01:40:00.000,-121.3483958,54.89441294,,Quintette,Summer,radio-transmitter,Rangifer tarandus,car059,QU_car059,Mountain caribou in British Columbia,0.535612638
2282780846,TRUE,2007-09-01 21:40:00.000,-121.3278548,54.89186699,,Quintette,Summer,radio-transmitter,Rangifer tarandus,car059,QU_car059,Mountain caribou in British Columbia,0.649524246
2282780847,TRUE,2007-11-14 19:10:00.000,-120.9667601,54.91311781,,Quintette,Winter,radio-transmitter,Rangifer tarandus,car059,QU_car059,Mountain caribou in British Columbia,0.238612151
2282780848,TRUE,2015-03-04 19:44:00.000,-120.7818767,54.92119969,,Quintette,Winter,radio-transmitter,Rangifer tarandus,car059,QU_car059,Mountain caribou in British Columbia,0.333552933
2282780849,TRUE,2007-02-13 21:25:00.000,-121.0279824,54.8627134,,Quintette,Winter,radio-transmitter,Rangifer tarandus,car060,QU_car060,Mountain caribou in British Columbia,0.014097474
2282780850,TRUE,2007-03-26 19:00:00.000,-121.0098931,54.83862577,,Quintette,Winter,radio-transmitter,Rangifer tarandus,car060,QU_car060,Mountain caribou in British Columbia,0.0318843
2282780851,TRUE,2007-04-29 19:00:00.000,-121.0248458,54.87045537,,Quintette,Summer,radio-transmitter,Rangifer tarandus,car060,QU_car060,Mountain caribou in British Columbia,0.020724521
2282780852,TRUE,2007-07-28 23:55:00.000,-120.9717363,54.88180423,,Quintette,Summer,radio-transmitter,Rangifer tarandus,car060,QU_car060,Mountain caribou in British Columbia,0.706355559
2282780853,TRUE,2007-09-01 22:18:00.000,-121.0112122,54.8387193,,Quintette,Summer,radio-transmitter,Rangifer tarandus,car060,QU_car060,Mountain caribou in British Columbia,0.714660322
2282780854,TRUE,2007-04-29 19:00:00.000,-121.2614447,55.1433843,,Quintette,Summer,radio-transmitter,Rangifer tarandus,car068,QU_car068,Mountain caribou in British Columbia,0.456646569
2282780855,TRUE,2007-05-29 15:13:00.000,-121.8280707,55.11726684,,Quintette,Summer,radio-transmitter,Rangifer tarandus,car068,QU_car068,Mountain caribou in British Columbia,0.03578248
2282780856,TRUE,2007-09-01 20:53:00.000,-121.8026643,55.11482702,,Quintette,Summer,radio-transmitter,Rangifer tarandus,car068,QU_car068,Mountain caribou in British Columbia,0.766125211
2282780857,TRUE,2007-11-14 19:34:00.000,-121.4033559,55.14254904,,Quintette,Winter,radio-transmitter,Rangifer tarandus,car068,QU_car068,Mountain caribou in British Columbia,0.009919007
2282780858,TRUE,2015-02-17 18:50:00.000,-121.5430049,55.16435799,,Quintette,Winter,radio-transmitter,Rangifer tarandus,car068,QU_car068,Mountain caribou in British Columbia,0.036221731
2282780859,TRUE,2007-04-29 19:00:00.000,-121.3478939,55.11814564,,Quintette,Summer,radio-transmitter,Rangifer tarandus,car069,QU_car069,Mountain caribou in British Columbia,0.012644185
2282780860,TRUE,2007-05-14 17:06:00.000,-121.5686085,54.91422952,,Quintette,Summer,radio-transmitter,Rangifer tarandus,car069,QU_car069,Mountain caribou in British Columbia,0.029829923
2282780861,TRUE,2007-05-29 14:21:00.000,-121.8417191,54.84183558,,Quintette,Summer,radio-transmitter,Rangifer tarandus,car069,QU_car069,Mountain caribou in British Columbia,0.056852105
2282780862,TRUE,2007-06-24 22:05:00.000,-121.9421345,54.77557253,,Quintette,Summer,radio-transmitter,Rangifer tarandus,car069,QU_car069,Mountain caribou in British Columbia,0.353194979
2282780863,TRUE,2007-09-01 23:56:00.000,-121.850892,54.79631221,,Quintette,Summer,radio-transmitter,Rangifer tarandus,car069,QU_car069,Mountain caribou in British Columbia,0.607190022
2282780864,TRUE,2015-01-23 20:03:00.000,-121.2877214,55.13582927,,Quintette,Winter,radio-transmitter,Rangifer tarandus,car069,QU_car069,Mountain caribou in British Columbia,0.184098717
2282780865,TRUE,2007-04-29 19:00:00.000,-121.2614447,55.1433843,,Quintette,Summer,radio-transmitter,Rangifer tarandus,car070,QU_car070,Mountain caribou in British Columbia,0.456646569
2282780866,TRUE,2007-07-28 23:15:00.000,-121.4900778,55.08058124,,Quintette,Summer,radio-transmitter,Rangifer tarandus,car070,QU_car070,Mountain caribou in British Columbia,0.645834839
2282780867,TRUE,2015-03-22 21:48:00.000,-121.3746826,55.12418607,,Quintette,Winter,radio-transmitter,Rangifer tarandus,car070,QU_car070,Mountain caribou in British Columbia,0.018568402
2282780868,TRUE,2007-04-29 19:00:00.000,-121.3304678,55.11223693,,Quintette,Summer,radio-transmitter,Rangifer tarandus,car071,QU_car071,Mountain caribou in British Columbia,0.045065828
2282780869,TRUE,2007-05-29 14:30:00.000,-121.7003513,55.02619918,,Quintette,Summer,radio-transmitter,Rangifer tarandus,car071,QU_car071,Mountain caribou in British Columbia,0.003234307
2282780870,TRUE,2007-10-12 19:00:00.000,-121.4130261,55.1519144,,Quintette,Summer,radio-transmitter,Rangifer tarandus,car071,QU_car071,Mountain caribou in British Columbia,0.103585767
2282780871,TRUE,2015-03-22 21:48:00.000,-121.3746826,55.12418607,,Quintette,Winter,radio-transmitter,Rangifer tarandus,car071,QU_car071,Mountain caribou in British Columbia,0.018568402
2282780872,TRUE,2007-04-29 19:00:00.000,-121.4207066,54.84613056,,Quintette,Summer,radio-transmitter,Rangifer tarandus,car072,QU_car072,Mountain caribou in British Columbia,-0.005855865
2282780873,TRUE,2007-05-29 15:47:00.000,-121.5180544,54.76227109,,Quintette,Summer,radio-transmitter,Rangifer tarandus,car073,QU_car073,Mountain caribou in British Columbia,-0.04808494
2282780874,TRUE,2007-07-07 17:40:00.000,-121.4778219,54.63732607,,Quintette,Summer,radio-transmitter,Rangifer tarandus,car073,QU_car073,Mountain caribou in British Columbia,0.337003988
2282780875,TRUE,2007-11-14 18:33:00.000,-121.4261705,54.93697757,,Quintette,Winter,radio-transmitter,Rangifer tarandus,car073,QU_car073,Mountain caribou in British Columbia,0.089290621
2282780876,TRUE,2015-01-06 20:30:00.000,-121.2264231,55.00918626,,Quintette,Winter,radio-transmitter,Rangifer tarandus,car073,QU_car073,Mountain caribou in British Columbia,-0.030527494
2282780877,TRUE,2007-04-29 19:00:00.000,-121.2614447,55.1433843,,Quintette,Summer,radio-transmitter,Rangifer tarandus,car074,QU_car074,Mountain caribou in British Columbia,0.456646569
2282780878,TRUE,2007-07-29 01:20:00.000,-121.5042227,55.01679249,,Quintette,Summer,radio-transmitter,Rangifer tarandus,car074,QU_car074,Mountain caribou in British Columbia,0.663034909
2282780879,TRUE,2007-09-01 23:30:00.000,-121.3518439,55.12618007,,Quintette,Summer,radio-transmitter,Rangifer tarandus,car074,QU_car074,Mountain caribou in British Columbia,0.516164878
2282780880,TRUE,2015-03-22 21:48:00.000,-121.3746826,55.12418607,,Quintette,Winter,radio-transmitter,Rangifer tarandus,car074,QU_car074,Mountain caribou in British Columbia,0.018568402
2282780881,TRUE,2007-04-29 19:00:00.000,-121.3467928,55.11519178,,Quintette,Summer,radio-transmitter,Rangifer tarandus,car075,QU_car075,Mountain caribou in British Columbia,-0.010689192
2282780882,TRUE,2007-07-28 23:27:00.000,-121.3110721,55.11820695,,Quintette,Summer,radio-transmitter,Rangifer tarandus,car075,QU_car075,Mountain caribou in British Columbia,0.709294549
